1-outcome-code,1-outcome-name,2-output-code,2-output-name,3-1-start-date,3-2-end-date,3-code,3-id,3-name,5-1-agency-abbreviation,5-2-agency,6-contributing-partner,6-contributing-partner-type,7-parent-contributing-partner,7-parent-contributing-partner-type,Total Available Resources-2023,Total Available Resources-2024,Total Available Resources-2025,Total Available Resources-2026,Total Expenditure-2023,Total Expenditure-2023-disaggregation-inferred,Total Expenditure-2024,Total Expenditure-2024-disaggregation-inferred,Total Expenditure-2025,Total Expenditure-2025-disaggregation-inferred,Total Expenditure-2026,Total Expenditure-2026-disaggregation-inferred,Total Required Resources-2023,Total Required Resources-2024,Total Required Resources-2025,Total Required Resources-2026
1_SPSP 1-2_OC1,"Efeito 1: Até 2027, mais pessoas, especialmente as que vivem em situações de mais vulnerabilidade ou marginalização e as que vivem com deficiências, terão acesso equitativo e utilização de serviços sociais essenciais e de proteção de alta qualidade, resilientes, sensíveis ao género e modernos. / Outcome 1: By 2027, more people, especially those living in the most vulnerable and marginalized situations and those living with disabilities, have equitable access to and use of high-quality, resilient, gender-responsive, and modern essential social services and protection.",1_SPSP 1-2_OC1-3_OU1.1.1,"Produto 1.1.1: As instituições nacionais, os parceiros sociais e as organizações da sociedade civil, têm maiores e melhores capacidades para fornecer, inovar e fazer parcerias para a protecção social e a proteção das crianças e adolescentes, os serviços essenciais, e sistemas de dados, monitorização e informação.",2023-03-01,2024-12-31,1_SPSP 1-2_OC1-3_OU1.1.1-4_SOU1,108145,"Reforço do Sistema de Informação Sanitária Integrada do MS para melhor planificação e gestão estratégicas, seguimento e avaliação, ancorados em dados programáticos financeiros, atuais e de qualidade (UNICEF, UNFPA)",UNFPA,United Nations Population Fund,,,,,,,,,,true,,false,,false,,false,15000,41650,,
1_SPSP 1-2_OC1,"Efeito 1: Até 2027, mais pessoas, especialmente as que vivem em situações de mais vulnerabilidade ou marginalização e as que vivem com deficiências, terão acesso equitativo e utilização de serviços sociais essenciais e de proteção de alta qualidade, resilientes, sensíveis ao género e modernos. / Outcome 1: By 2027, more people, especially those living in the most vulnerable and marginalized situations and those living with disabilities, have equitable access to and use of high-quality, resilient, gender-responsive, and modern essential social services and protection.",1_SPSP 1-2_OC1-3_OU1.1.1,"Produto 1.1.1: As instituições nacionais, os parceiros sociais e as organizações da sociedade civil, têm maiores e melhores capacidades para fornecer, inovar e fazer parcerias para a protecção social e a proteção das crianças e adolescentes, os serviços essenciais, e sistemas de dados, monitorização e informação.",2023-03-01,2024-12-31,1_SPSP 1-2_OC1-3_OU1.1.1-4_SOU1,108145,"Reforço do Sistema de Informação Sanitária Integrada do MS para melhor planificação e gestão estratégicas, seguimento e avaliação, ancorados em dados programáticos financeiros, atuais e de qualidade (UNICEF, UNFPA)",UNFPA,United Nations Population Fund,Core Funding,Multilateral - UN organizations excluding pooled funds,,,15000,36500,,,15000,true,36500,false,,false,,false,,,,
1_SPSP 1-2_OC1,"Efeito 1: Até 2027, mais pessoas, especialmente as que vivem em situações de mais vulnerabilidade ou marginalização e as que vivem com deficiências, terão acesso equitativo e utilização de serviços sociais essenciais e de proteção de alta qualidade, resilientes, sensíveis ao género e modernos. / Outcome 1: By 2027, more people, especially those living in the most vulnerable and marginalized situations and those living with disabilities, have equitable access to and use of high-quality, resilient, gender-responsive, and modern essential social services and protection.",1_SPSP 1-2_OC1-3_OU1.1.1,"Produto 1.1.1: As instituições nacionais, os parceiros sociais e as organizações da sociedade civil, têm maiores e melhores capacidades para fornecer, inovar e fazer parcerias para a protecção social e a proteção das crianças e adolescentes, os serviços essenciais, e sistemas de dados, monitorização e informação.",2023-03-01,2024-12-31,1_SPSP 1-2_OC1-3_OU1.1.1-4_SOU1,108145,"Reforço do Sistema de Informação Sanitária Integrada do MS para melhor planificação e gestão estratégicas, seguimento e avaliação, ancorados em dados programáticos financeiros, atuais e de qualidade (UNICEF, UNFPA)",UNFPA,United Nations Population Fund,COVID-19 Delivery Support (CDS) by the Gavi COVAX Advance Market Commitment (Gavi COVAX AMC),Multilateral - Other,,,,,,,,true,,false,,false,,false,,,,
1_SPSP 1-2_OC1,"Efeito 1: Até 2027, mais pessoas, especialmente as que vivem em situações de mais vulnerabilidade ou marginalização e as que vivem com deficiências, terão acesso equitativo e utilização de serviços sociais essenciais e de proteção de alta qualidade, resilientes, sensíveis ao género e modernos. / Outcome 1: By 2027, more people, especially those living in the most vulnerable and marginalized situations and those living with disabilities, have equitable access to and use of high-quality, resilient, gender-responsive, and modern essential social services and protection.",1_SPSP 1-2_OC1-3_OU1.1.1,"Produto 1.1.1: As instituições nacionais, os parceiros sociais e as organizações da sociedade civil, têm maiores e melhores capacidades para fornecer, inovar e fazer parcerias para a protecção social e a proteção das crianças e adolescentes, os serviços essenciais, e sistemas de dados, monitorização e informação.",2023-03-01,2024-12-31,1_SPSP 1-2_OC1-3_OU1.1.1-4_SOU1,108145,"Reforço do Sistema de Informação Sanitária Integrada do MS para melhor planificação e gestão estratégicas, seguimento e avaliação, ancorados em dados programáticos financeiros, atuais e de qualidade (UNICEF, UNFPA)",UNICEF,United Nations Children's Fund,,,,,,,,,,true,,false,,false,,false,46200,4500,,
1_SPSP 1-2_OC1,"Efeito 1: Até 2027, mais pessoas, especialmente as que vivem em situações de mais vulnerabilidade ou marginalização e as que vivem com deficiências, terão acesso equitativo e utilização de serviços sociais essenciais e de proteção de alta qualidade, resilientes, sensíveis ao género e modernos. / Outcome 1: By 2027, more people, especially those living in the most vulnerable and marginalized situations and those living with disabilities, have equitable access to and use of high-quality, resilient, gender-responsive, and modern essential social services and protection.",1_SPSP 1-2_OC1-3_OU1.1.1,"Produto 1.1.1: As instituições nacionais, os parceiros sociais e as organizações da sociedade civil, têm maiores e melhores capacidades para fornecer, inovar e fazer parcerias para a protecção social e a proteção das crianças e adolescentes, os serviços essenciais, e sistemas de dados, monitorização e informação.",2023-03-01,2024-12-31,1_SPSP 1-2_OC1-3_OU1.1.1-4_SOU1,108145,"Reforço do Sistema de Informação Sanitária Integrada do MS para melhor planificação e gestão estratégicas, seguimento e avaliação, ancorados em dados programáticos financeiros, atuais e de qualidade (UNICEF, UNFPA)",UNICEF,United Nations Children's Fund,Core Funding,Multilateral - UN organizations excluding pooled funds,,,10000,4500,,,9957,true,4500,false,,false,,false,,,,
1_SPSP 1-2_OC1,"Efeito 1: Até 2027, mais pessoas, especialmente as que vivem em situações de mais vulnerabilidade ou marginalização e as que vivem com deficiências, terão acesso equitativo e utilização de serviços sociais essenciais e de proteção de alta qualidade, resilientes, sensíveis ao género e modernos. / Outcome 1: By 2027, more people, especially those living in the most vulnerable and marginalized situations and those living with disabilities, have equitable access to and use of high-quality, resilient, gender-responsive, and modern essential social services and protection.",1_SPSP 1-2_OC1-3_OU1.1.1,"Produto 1.1.1: As instituições nacionais, os parceiros sociais e as organizações da sociedade civil, têm maiores e melhores capacidades para fornecer, inovar e fazer parcerias para a protecção social e a proteção das crianças e adolescentes, os serviços essenciais, e sistemas de dados, monitorização e informação.",2023-03-01,2024-12-31,1_SPSP 1-2_OC1-3_OU1.1.1-4_SOU1,108145,"Reforço do Sistema de Informação Sanitária Integrada do MS para melhor planificação e gestão estratégicas, seguimento e avaliação, ancorados em dados programáticos financeiros, atuais e de qualidade (UNICEF, UNFPA)",UNICEF,United Nations Children's Fund,COVID-19 Delivery Support (CDS) by the Gavi COVAX Advance Market Commitment (Gavi COVAX AMC),Multilateral - Other,,,36200,,,,36043,true,,false,,false,,false,,,,
1_SPSP 1-2_OC1,"Efeito 1: Até 2027, mais pessoas, especialmente as que vivem em situações de mais vulnerabilidade ou marginalização e as que vivem com deficiências, terão acesso equitativo e utilização de serviços sociais essenciais e de proteção de alta qualidade, resilientes, sensíveis ao género e modernos. / Outcome 1: By 2027, more people, especially those living in the most vulnerable and marginalized situations and those living with disabilities, have equitable access to and use of high-quality, resilient, gender-responsive, and modern essential social services and protection.",1_SPSP 1-2_OC1-3_OU1.1.1,"Produto 1.1.1: As instituições nacionais, os parceiros sociais e as organizações da sociedade civil, têm maiores e melhores capacidades para fornecer, inovar e fazer parcerias para a protecção social e a proteção das crianças e adolescentes, os serviços essenciais, e sistemas de dados, monitorização e informação.",2023-03-01,2024-12-31,1_SPSP 1-2_OC1-3_OU1.1.1-4_SOU2,108149,"Apoio ao Sistema Nacional de Saúde no reforço de capacidade técnica em gestão, seguimento, manutenção preventiva e Comunicação de Risco e Envolvimento Comunitário (CREC) (UNICEF, UNFPA, UNDP)",UNDP,United Nations Development Programme,,,,,,,,,,false,,false,,false,,false,25000,,,
1_SPSP 1-2_OC1,"Efeito 1: Até 2027, mais pessoas, especialmente as que vivem em situações de mais vulnerabilidade ou marginalização e as que vivem com deficiências, terão acesso equitativo e utilização de serviços sociais essenciais e de proteção de alta qualidade, resilientes, sensíveis ao género e modernos. / Outcome 1: By 2027, more people, especially those living in the most vulnerable and marginalized situations and those living with disabilities, have equitable access to and use of high-quality, resilient, gender-responsive, and modern essential social services and protection.",1_SPSP 1-2_OC1-3_OU1.1.1,"Produto 1.1.1: As instituições nacionais, os parceiros sociais e as organizações da sociedade civil, têm maiores e melhores capacidades para fornecer, inovar e fazer parcerias para a protecção social e a proteção das crianças e adolescentes, os serviços essenciais, e sistemas de dados, monitorização e informação.",2023-03-01,2024-12-31,1_SPSP 1-2_OC1-3_OU1.1.1-4_SOU2,108149,"Apoio ao Sistema Nacional de Saúde no reforço de capacidade técnica em gestão, seguimento, manutenção preventiva e Comunicação de Risco e Envolvimento Comunitário (CREC) (UNICEF, UNFPA, UNDP)",UNDP,United Nations Development Programme,Core Funding,Multilateral - UN organizations excluding pooled funds,,,,,,,,false,,false,,false,,false,,,,
1_SPSP 1-2_OC1,"Efeito 1: Até 2027, mais pessoas, especialmente as que vivem em situações de mais vulnerabilidade ou marginalização e as que vivem com deficiências, terão acesso equitativo e utilização de serviços sociais essenciais e de proteção de alta qualidade, resilientes, sensíveis ao género e modernos. / Outcome 1: By 2027, more people, especially those living in the most vulnerable and marginalized situations and those living with disabilities, have equitable access to and use of high-quality, resilient, gender-responsive, and modern essential social services and protection.",1_SPSP 1-2_OC1-3_OU1.1.1,"Produto 1.1.1: As instituições nacionais, os parceiros sociais e as organizações da sociedade civil, têm maiores e melhores capacidades para fornecer, inovar e fazer parcerias para a protecção social e a proteção das crianças e adolescentes, os serviços essenciais, e sistemas de dados, monitorização e informação.",2023-03-01,2024-12-31,1_SPSP 1-2_OC1-3_OU1.1.1-4_SOU2,108149,"Apoio ao Sistema Nacional de Saúde no reforço de capacidade técnica em gestão, seguimento, manutenção preventiva e Comunicação de Risco e Envolvimento Comunitário (CREC) (UNICEF, UNFPA, UNDP)",UNDP,United Nations Development Programme,COVID-19 Delivery Support (CDS) by the Gavi COVAX Advance Market Commitment (Gavi COVAX AMC),Multilateral - Other,,,,,,,,false,,false,,false,,false,,,,
1_SPSP 1-2_OC1,"Efeito 1: Até 2027, mais pessoas, especialmente as que vivem em situações de mais vulnerabilidade ou marginalização e as que vivem com deficiências, terão acesso equitativo e utilização de serviços sociais essenciais e de proteção de alta qualidade, resilientes, sensíveis ao género e modernos. / Outcome 1: By 2027, more people, especially those living in the most vulnerable and marginalized situations and those living with disabilities, have equitable access to and use of high-quality, resilient, gender-responsive, and modern essential social services and protection.",1_SPSP 1-2_OC1-3_OU1.1.1,"Produto 1.1.1: As instituições nacionais, os parceiros sociais e as organizações da sociedade civil, têm maiores e melhores capacidades para fornecer, inovar e fazer parcerias para a protecção social e a proteção das crianças e adolescentes, os serviços essenciais, e sistemas de dados, monitorização e informação.",2023-03-01,2024-12-31,1_SPSP 1-2_OC1-3_OU1.1.1-4_SOU2,108149,"Apoio ao Sistema Nacional de Saúde no reforço de capacidade técnica em gestão, seguimento, manutenção preventiva e Comunicação de Risco e Envolvimento Comunitário (CREC) (UNICEF, UNFPA, UNDP)",UNFPA,United Nations Population Fund,,,,,,,,,,true,,false,,false,,false,10000,75000,,
1_SPSP 1-2_OC1,"Efeito 1: Até 2027, mais pessoas, especialmente as que vivem em situações de mais vulnerabilidade ou marginalização e as que vivem com deficiências, terão acesso equitativo e utilização de serviços sociais essenciais e de proteção de alta qualidade, resilientes, sensíveis ao género e modernos. / Outcome 1: By 2027, more people, especially those living in the most vulnerable and marginalized situations and those living with disabilities, have equitable access to and use of high-quality, resilient, gender-responsive, and modern essential social services and protection.",1_SPSP 1-2_OC1-3_OU1.1.1,"Produto 1.1.1: As instituições nacionais, os parceiros sociais e as organizações da sociedade civil, têm maiores e melhores capacidades para fornecer, inovar e fazer parcerias para a protecção social e a proteção das crianças e adolescentes, os serviços essenciais, e sistemas de dados, monitorização e informação.",2023-03-01,2024-12-31,1_SPSP 1-2_OC1-3_OU1.1.1-4_SOU2,108149,"Apoio ao Sistema Nacional de Saúde no reforço de capacidade técnica em gestão, seguimento, manutenção preventiva e Comunicação de Risco e Envolvimento Comunitário (CREC) (UNICEF, UNFPA, UNDP)",UNFPA,United Nations Population Fund,Core Funding,Multilateral - UN organizations excluding pooled funds,,,10000,75000,,,10000,true,75000,false,,false,,false,,,,
1_SPSP 1-2_OC1,"Efeito 1: Até 2027, mais pessoas, especialmente as que vivem em situações de mais vulnerabilidade ou marginalização e as que vivem com deficiências, terão acesso equitativo e utilização de serviços sociais essenciais e de proteção de alta qualidade, resilientes, sensíveis ao género e modernos. / Outcome 1: By 2027, more people, especially those living in the most vulnerable and marginalized situations and those living with disabilities, have equitable access to and use of high-quality, resilient, gender-responsive, and modern essential social services and protection.",1_SPSP 1-2_OC1-3_OU1.1.1,"Produto 1.1.1: As instituições nacionais, os parceiros sociais e as organizações da sociedade civil, têm maiores e melhores capacidades para fornecer, inovar e fazer parcerias para a protecção social e a proteção das crianças e adolescentes, os serviços essenciais, e sistemas de dados, monitorização e informação.",2023-03-01,2024-12-31,1_SPSP 1-2_OC1-3_OU1.1.1-4_SOU2,108149,"Apoio ao Sistema Nacional de Saúde no reforço de capacidade técnica em gestão, seguimento, manutenção preventiva e Comunicação de Risco e Envolvimento Comunitário (CREC) (UNICEF, UNFPA, UNDP)",UNFPA,United Nations Population Fund,COVID-19 Delivery Support (CDS) by the Gavi COVAX Advance Market Commitment (Gavi COVAX AMC),Multilateral - Other,,,,,,,,true,,false,,false,,false,,,,
1_SPSP 1-2_OC1,"Efeito 1: Até 2027, mais pessoas, especialmente as que vivem em situações de mais vulnerabilidade ou marginalização e as que vivem com deficiências, terão acesso equitativo e utilização de serviços sociais essenciais e de proteção de alta qualidade, resilientes, sensíveis ao género e modernos. / Outcome 1: By 2027, more people, especially those living in the most vulnerable and marginalized situations and those living with disabilities, have equitable access to and use of high-quality, resilient, gender-responsive, and modern essential social services and protection.",1_SPSP 1-2_OC1-3_OU1.1.1,"Produto 1.1.1: As instituições nacionais, os parceiros sociais e as organizações da sociedade civil, têm maiores e melhores capacidades para fornecer, inovar e fazer parcerias para a protecção social e a proteção das crianças e adolescentes, os serviços essenciais, e sistemas de dados, monitorização e informação.",2023-03-01,2024-12-31,1_SPSP 1-2_OC1-3_OU1.1.1-4_SOU2,108149,"Apoio ao Sistema Nacional de Saúde no reforço de capacidade técnica em gestão, seguimento, manutenção preventiva e Comunicação de Risco e Envolvimento Comunitário (CREC) (UNICEF, UNFPA, UNDP)",UNICEF,United Nations Children's Fund,,,,,,,,,,true,,false,,false,,false,89500,187500,,
1_SPSP 1-2_OC1,"Efeito 1: Até 2027, mais pessoas, especialmente as que vivem em situações de mais vulnerabilidade ou marginalização e as que vivem com deficiências, terão acesso equitativo e utilização de serviços sociais essenciais e de proteção de alta qualidade, resilientes, sensíveis ao género e modernos. / Outcome 1: By 2027, more people, especially those living in the most vulnerable and marginalized situations and those living with disabilities, have equitable access to and use of high-quality, resilient, gender-responsive, and modern essential social services and protection.",1_SPSP 1-2_OC1-3_OU1.1.1,"Produto 1.1.1: As instituições nacionais, os parceiros sociais e as organizações da sociedade civil, têm maiores e melhores capacidades para fornecer, inovar e fazer parcerias para a protecção social e a proteção das crianças e adolescentes, os serviços essenciais, e sistemas de dados, monitorização e informação.",2023-03-01,2024-12-31,1_SPSP 1-2_OC1-3_OU1.1.1-4_SOU2,108149,"Apoio ao Sistema Nacional de Saúde no reforço de capacidade técnica em gestão, seguimento, manutenção preventiva e Comunicação de Risco e Envolvimento Comunitário (CREC) (UNICEF, UNFPA, UNDP)",UNICEF,United Nations Children's Fund,Core Funding,Multilateral - UN organizations excluding pooled funds,,,,2500,,,,true,2500,false,,false,,false,,,,
1_SPSP 1-2_OC1,"Efeito 1: Até 2027, mais pessoas, especialmente as que vivem em situações de mais vulnerabilidade ou marginalização e as que vivem com deficiências, terão acesso equitativo e utilização de serviços sociais essenciais e de proteção de alta qualidade, resilientes, sensíveis ao género e modernos. / Outcome 1: By 2027, more people, especially those living in the most vulnerable and marginalized situations and those living with disabilities, have equitable access to and use of high-quality, resilient, gender-responsive, and modern essential social services and protection.",1_SPSP 1-2_OC1-3_OU1.1.1,"Produto 1.1.1: As instituições nacionais, os parceiros sociais e as organizações da sociedade civil, têm maiores e melhores capacidades para fornecer, inovar e fazer parcerias para a protecção social e a proteção das crianças e adolescentes, os serviços essenciais, e sistemas de dados, monitorização e informação.",2023-03-01,2024-12-31,1_SPSP 1-2_OC1-3_OU1.1.1-4_SOU2,108149,"Apoio ao Sistema Nacional de Saúde no reforço de capacidade técnica em gestão, seguimento, manutenção preventiva e Comunicação de Risco e Envolvimento Comunitário (CREC) (UNICEF, UNFPA, UNDP)",UNICEF,United Nations Children's Fund,COVID-19 Delivery Support (CDS) by the Gavi COVAX Advance Market Commitment (Gavi COVAX AMC),Multilateral - Other,,,89500,185000,,,89500,true,185000,false,,false,,false,,,,
1_SPSP 1-2_OC1,"Efeito 1: Até 2027, mais pessoas, especialmente as que vivem em situações de mais vulnerabilidade ou marginalização e as que vivem com deficiências, terão acesso equitativo e utilização de serviços sociais essenciais e de proteção de alta qualidade, resilientes, sensíveis ao género e modernos. / Outcome 1: By 2027, more people, especially those living in the most vulnerable and marginalized situations and those living with disabilities, have equitable access to and use of high-quality, resilient, gender-responsive, and modern essential social services and protection.",1_SPSP 1-2_OC1-3_OU1.1.1,"Produto 1.1.1: As instituições nacionais, os parceiros sociais e as organizações da sociedade civil, têm maiores e melhores capacidades para fornecer, inovar e fazer parcerias para a protecção social e a proteção das crianças e adolescentes, os serviços essenciais, e sistemas de dados, monitorização e informação.",2023-03-01,2024-12-31,1_SPSP 1-2_OC1-3_OU1.1.1-4_SOU3,108152,"Reforço de capacidades técnicas do Ministério da Familia, Inclusão e Desenvolvimento Social (MFIDS) para garantir o acesso ao sistema de Protecção Social aos grupos mais vulneráveis (UNICEF, UNDP)",UNICEF,United Nations Children's Fund,,,,,,,,,,false,,false,,false,,false,75000,45000,,
1_SPSP 1-2_OC1,"Efeito 1: Até 2027, mais pessoas, especialmente as que vivem em situações de mais vulnerabilidade ou marginalização e as que vivem com deficiências, terão acesso equitativo e utilização de serviços sociais essenciais e de proteção de alta qualidade, resilientes, sensíveis ao género e modernos. / Outcome 1: By 2027, more people, especially those living in the most vulnerable and marginalized situations and those living with disabilities, have equitable access to and use of high-quality, resilient, gender-responsive, and modern essential social services and protection.",1_SPSP 1-2_OC1-3_OU1.1.1,"Produto 1.1.1: As instituições nacionais, os parceiros sociais e as organizações da sociedade civil, têm maiores e melhores capacidades para fornecer, inovar e fazer parcerias para a protecção social e a proteção das crianças e adolescentes, os serviços essenciais, e sistemas de dados, monitorização e informação.",2023-03-01,2024-12-31,1_SPSP 1-2_OC1-3_OU1.1.1-4_SOU3,108152,"Reforço de capacidades técnicas do Ministério da Familia, Inclusão e Desenvolvimento Social (MFIDS) para garantir o acesso ao sistema de Protecção Social aos grupos mais vulneráveis (UNICEF, UNDP)",UNICEF,United Nations Children's Fund,Core Funding,Multilateral - UN organizations excluding pooled funds,,,50000,15000,,,45000,false,15000,false,,false,,false,,,,
1_SPSP 1-2_OC1,"Efeito 1: Até 2027, mais pessoas, especialmente as que vivem em situações de mais vulnerabilidade ou marginalização e as que vivem com deficiências, terão acesso equitativo e utilização de serviços sociais essenciais e de proteção de alta qualidade, resilientes, sensíveis ao género e modernos. / Outcome 1: By 2027, more people, especially those living in the most vulnerable and marginalized situations and those living with disabilities, have equitable access to and use of high-quality, resilient, gender-responsive, and modern essential social services and protection.",1_SPSP 1-2_OC1-3_OU1.1.1,"Produto 1.1.1: As instituições nacionais, os parceiros sociais e as organizações da sociedade civil, têm maiores e melhores capacidades para fornecer, inovar e fazer parcerias para a protecção social e a proteção das crianças e adolescentes, os serviços essenciais, e sistemas de dados, monitorização e informação.",2023-03-01,2024-12-31,1_SPSP 1-2_OC1-3_OU1.1.1-4_SOU3,108152,"Reforço de capacidades técnicas do Ministério da Familia, Inclusão e Desenvolvimento Social (MFIDS) para garantir o acesso ao sistema de Protecção Social aos grupos mais vulneráveis (UNICEF, UNDP)",UNDP,United Nations Development Programme,,,,,,,,,,false,,false,,false,,false,50000,70000,,
1_SPSP 1-2_OC1,"Efeito 1: Até 2027, mais pessoas, especialmente as que vivem em situações de mais vulnerabilidade ou marginalização e as que vivem com deficiências, terão acesso equitativo e utilização de serviços sociais essenciais e de proteção de alta qualidade, resilientes, sensíveis ao género e modernos. / Outcome 1: By 2027, more people, especially those living in the most vulnerable and marginalized situations and those living with disabilities, have equitable access to and use of high-quality, resilient, gender-responsive, and modern essential social services and protection.",1_SPSP 1-2_OC1-3_OU1.1.1,"Produto 1.1.1: As instituições nacionais, os parceiros sociais e as organizações da sociedade civil, têm maiores e melhores capacidades para fornecer, inovar e fazer parcerias para a protecção social e a proteção das crianças e adolescentes, os serviços essenciais, e sistemas de dados, monitorização e informação.",2023-03-01,2024-12-31,1_SPSP 1-2_OC1-3_OU1.1.1-4_SOU3,108152,"Reforço de capacidades técnicas do Ministério da Familia, Inclusão e Desenvolvimento Social (MFIDS) para garantir o acesso ao sistema de Protecção Social aos grupos mais vulneráveis (UNICEF, UNDP)",UNDP,United Nations Development Programme,Core Funding,Multilateral - UN organizations excluding pooled funds,,,28000,70000,,,28000,false,70000,false,,false,,false,,,,
1_SPSP 1-2_OC1,"Efeito 1: Até 2027, mais pessoas, especialmente as que vivem em situações de mais vulnerabilidade ou marginalização e as que vivem com deficiências, terão acesso equitativo e utilização de serviços sociais essenciais e de proteção de alta qualidade, resilientes, sensíveis ao género e modernos. / Outcome 1: By 2027, more people, especially those living in the most vulnerable and marginalized situations and those living with disabilities, have equitable access to and use of high-quality, resilient, gender-responsive, and modern essential social services and protection.",1_SPSP 1-2_OC1-3_OU1.1.1,"Produto 1.1.1: As instituições nacionais, os parceiros sociais e as organizações da sociedade civil, têm maiores e melhores capacidades para fornecer, inovar e fazer parcerias para a protecção social e a proteção das crianças e adolescentes, os serviços essenciais, e sistemas de dados, monitorização e informação.",2023-01-01,2024-12-31,1_SPSP 1-2_OC1-3_OU1.1.1-4_SOU4,108154,"Reforço das capacidades técnicas e institucionais do ICCA, do MJ (DGRNI, DGPJ, da DGSPRS), PGR, das Aldeais Infantis SOS entre outras instituições para uma efectiva protecção da criança e do adolescente (UNICEF)",UNICEF,United Nations Children's Fund,,,,,,,,,,true,,false,,false,,false,209000,205000,,
1_SPSP 1-2_OC1,"Efeito 1: Até 2027, mais pessoas, especialmente as que vivem em situações de mais vulnerabilidade ou marginalização e as que vivem com deficiências, terão acesso equitativo e utilização de serviços sociais essenciais e de proteção de alta qualidade, resilientes, sensíveis ao género e modernos. / Outcome 1: By 2027, more people, especially those living in the most vulnerable and marginalized situations and those living with disabilities, have equitable access to and use of high-quality, resilient, gender-responsive, and modern essential social services and protection.",1_SPSP 1-2_OC1-3_OU1.1.1,"Produto 1.1.1: As instituições nacionais, os parceiros sociais e as organizações da sociedade civil, têm maiores e melhores capacidades para fornecer, inovar e fazer parcerias para a protecção social e a proteção das crianças e adolescentes, os serviços essenciais, e sistemas de dados, monitorização e informação.",2023-01-01,2024-12-31,1_SPSP 1-2_OC1-3_OU1.1.1-4_SOU4,108154,"Reforço das capacidades técnicas e institucionais do ICCA, do MJ (DGRNI, DGPJ, da DGSPRS), PGR, das Aldeais Infantis SOS entre outras instituições para uma efectiva protecção da criança e do adolescente (UNICEF)",UNICEF,United Nations Children's Fund,Core Funding,Multilateral - UN organizations excluding pooled funds,,,209000,205000,,,209000,true,204400,false,,false,,false,,,,
1_SPSP 1-2_OC1,"Efeito 1: Até 2027, mais pessoas, especialmente as que vivem em situações de mais vulnerabilidade ou marginalização e as que vivem com deficiências, terão acesso equitativo e utilização de serviços sociais essenciais e de proteção de alta qualidade, resilientes, sensíveis ao género e modernos. / Outcome 1: By 2027, more people, especially those living in the most vulnerable and marginalized situations and those living with disabilities, have equitable access to and use of high-quality, resilient, gender-responsive, and modern essential social services and protection.",1_SPSP 1-2_OC1-3_OU1.1.1,"Produto 1.1.1: As instituições nacionais, os parceiros sociais e as organizações da sociedade civil, têm maiores e melhores capacidades para fornecer, inovar e fazer parcerias para a protecção social e a proteção das crianças e adolescentes, os serviços essenciais, e sistemas de dados, monitorização e informação.",2023-03-01,2024-12-31,1_SPSP 1-2_OC1-3_OU1.1.1-4_SOU5,108155,"Elaboração, aprovação e operacionalização dos principais Instrumentos Legais e de Estruturação do Sistema de Proteção da Criança  (UNICEF)",UNICEF,United Nations Children's Fund,,,,,,,,,,true,,false,,false,,false,29000,60000,,
1_SPSP 1-2_OC1,"Efeito 1: Até 2027, mais pessoas, especialmente as que vivem em situações de mais vulnerabilidade ou marginalização e as que vivem com deficiências, terão acesso equitativo e utilização de serviços sociais essenciais e de proteção de alta qualidade, resilientes, sensíveis ao género e modernos. / Outcome 1: By 2027, more people, especially those living in the most vulnerable and marginalized situations and those living with disabilities, have equitable access to and use of high-quality, resilient, gender-responsive, and modern essential social services and protection.",1_SPSP 1-2_OC1-3_OU1.1.1,"Produto 1.1.1: As instituições nacionais, os parceiros sociais e as organizações da sociedade civil, têm maiores e melhores capacidades para fornecer, inovar e fazer parcerias para a protecção social e a proteção das crianças e adolescentes, os serviços essenciais, e sistemas de dados, monitorização e informação.",2023-03-01,2024-12-31,1_SPSP 1-2_OC1-3_OU1.1.1-4_SOU5,108155,"Elaboração, aprovação e operacionalização dos principais Instrumentos Legais e de Estruturação do Sistema de Proteção da Criança  (UNICEF)",UNICEF,United Nations Children's Fund,Core Funding,Multilateral - UN organizations excluding pooled funds,,,29000,60000,,,29000,true,59700,false,,false,,false,,,,
1_SPSP 1-2_OC1,"Efeito 1: Até 2027, mais pessoas, especialmente as que vivem em situações de mais vulnerabilidade ou marginalização e as que vivem com deficiências, terão acesso equitativo e utilização de serviços sociais essenciais e de proteção de alta qualidade, resilientes, sensíveis ao género e modernos. / Outcome 1: By 2027, more people, especially those living in the most vulnerable and marginalized situations and those living with disabilities, have equitable access to and use of high-quality, resilient, gender-responsive, and modern essential social services and protection.",1_SPSP 1-2_OC1-3_OU1.1.1,"Produto 1.1.1: As instituições nacionais, os parceiros sociais e as organizações da sociedade civil, têm maiores e melhores capacidades para fornecer, inovar e fazer parcerias para a protecção social e a proteção das crianças e adolescentes, os serviços essenciais, e sistemas de dados, monitorização e informação.",2023-03-01,2024-12-31,1_SPSP 1-2_OC1-3_OU1.1.1-4_SOU6,108187,"Mobilização de capacidades locais (ONG's, CMDDC) para a protecção das crianças e dos adolescentes na família e na comunidade, com realce para a protecção contra todas as formas de violência (UNICEF)",UNICEF,United Nations Children's Fund,,,,,,,,,,true,,false,,false,,false,50000,50000,,
1_SPSP 1-2_OC1,"Efeito 1: Até 2027, mais pessoas, especialmente as que vivem em situações de mais vulnerabilidade ou marginalização e as que vivem com deficiências, terão acesso equitativo e utilização de serviços sociais essenciais e de proteção de alta qualidade, resilientes, sensíveis ao género e modernos. / Outcome 1: By 2027, more people, especially those living in the most vulnerable and marginalized situations and those living with disabilities, have equitable access to and use of high-quality, resilient, gender-responsive, and modern essential social services and protection.",1_SPSP 1-2_OC1-3_OU1.1.1,"Produto 1.1.1: As instituições nacionais, os parceiros sociais e as organizações da sociedade civil, têm maiores e melhores capacidades para fornecer, inovar e fazer parcerias para a protecção social e a proteção das crianças e adolescentes, os serviços essenciais, e sistemas de dados, monitorização e informação.",2023-03-01,2024-12-31,1_SPSP 1-2_OC1-3_OU1.1.1-4_SOU6,108187,"Mobilização de capacidades locais (ONG's, CMDDC) para a protecção das crianças e dos adolescentes na família e na comunidade, com realce para a protecção contra todas as formas de violência (UNICEF)",UNICEF,United Nations Children's Fund,Core Funding,Multilateral - UN organizations excluding pooled funds,,,50000,50000,,,50000,true,49200,false,,false,,false,,,,
1_SPSP 1-2_OC1,"Efeito 1: Até 2027, mais pessoas, especialmente as que vivem em situações de mais vulnerabilidade ou marginalização e as que vivem com deficiências, terão acesso equitativo e utilização de serviços sociais essenciais e de proteção de alta qualidade, resilientes, sensíveis ao género e modernos. / Outcome 1: By 2027, more people, especially those living in the most vulnerable and marginalized situations and those living with disabilities, have equitable access to and use of high-quality, resilient, gender-responsive, and modern essential social services and protection.",1_SPSP 1-2_OC1-3_OU1.1.1,"Produto 1.1.1: As instituições nacionais, os parceiros sociais e as organizações da sociedade civil, têm maiores e melhores capacidades para fornecer, inovar e fazer parcerias para a protecção social e a proteção das crianças e adolescentes, os serviços essenciais, e sistemas de dados, monitorização e informação.",2023-03-01,2024-12-31,1_SPSP 1-2_OC1-3_OU1.1.1-4_SOU7,108192,"Reforço das ações de prevenção e de combate à violência sexual contra crianças e adolescentes a nível nacional e local, com destaque para a continuidade na operacionalização do II Plano Nacional de Prevenção e de Combate a Violência Sexual e na finalização do sistema integrado de Informação e gestão de casos no dominio da proteção da criança (UNICEF)",UNICEF,United Nations Children's Fund,,,,,,,,,,true,,false,,false,,false,150000,150000,,
1_SPSP 1-2_OC1,"Efeito 1: Até 2027, mais pessoas, especialmente as que vivem em situações de mais vulnerabilidade ou marginalização e as que vivem com deficiências, terão acesso equitativo e utilização de serviços sociais essenciais e de proteção de alta qualidade, resilientes, sensíveis ao género e modernos. / Outcome 1: By 2027, more people, especially those living in the most vulnerable and marginalized situations and those living with disabilities, have equitable access to and use of high-quality, resilient, gender-responsive, and modern essential social services and protection.",1_SPSP 1-2_OC1-3_OU1.1.1,"Produto 1.1.1: As instituições nacionais, os parceiros sociais e as organizações da sociedade civil, têm maiores e melhores capacidades para fornecer, inovar e fazer parcerias para a protecção social e a proteção das crianças e adolescentes, os serviços essenciais, e sistemas de dados, monitorização e informação.",2023-03-01,2024-12-31,1_SPSP 1-2_OC1-3_OU1.1.1-4_SOU7,108192,"Reforço das ações de prevenção e de combate à violência sexual contra crianças e adolescentes a nível nacional e local, com destaque para a continuidade na operacionalização do II Plano Nacional de Prevenção e de Combate a Violência Sexual e na finalização do sistema integrado de Informação e gestão de casos no dominio da proteção da criança (UNICEF)",UNICEF,United Nations Children's Fund,Core Funding,Multilateral - UN organizations excluding pooled funds,,,100000,65000,,,100000,true,64500,false,,false,,false,,,,
1_SPSP 1-2_OC1,"Efeito 1: Até 2027, mais pessoas, especialmente as que vivem em situações de mais vulnerabilidade ou marginalização e as que vivem com deficiências, terão acesso equitativo e utilização de serviços sociais essenciais e de proteção de alta qualidade, resilientes, sensíveis ao género e modernos. / Outcome 1: By 2027, more people, especially those living in the most vulnerable and marginalized situations and those living with disabilities, have equitable access to and use of high-quality, resilient, gender-responsive, and modern essential social services and protection.",1_SPSP 1-2_OC1-3_OU1.1.1,"Produto 1.1.1: As instituições nacionais, os parceiros sociais e as organizações da sociedade civil, têm maiores e melhores capacidades para fornecer, inovar e fazer parcerias para a protecção social e a proteção das crianças e adolescentes, os serviços essenciais, e sistemas de dados, monitorização e informação.",2023-01-01,2024-12-31,1_SPSP 1-2_OC1-3_OU1.1.1-4_SOU8,108193,"Reforço do setor da saúde para fornecer serviços de saúde de alta qualidade, centrados nas pessoas, baseados em estratégias de cuidados de saúde primários (Plano de trabalho da OMS Resultados 1.1.1, 1.3.2, 1.3.3, 1.3.5) (WHO)",WHO,World Health Organization,,,,,,,,,,true,,false,,false,,false,100000,200000,,
1_SPSP 1-2_OC1,"Efeito 1: Até 2027, mais pessoas, especialmente as que vivem em situações de mais vulnerabilidade ou marginalização e as que vivem com deficiências, terão acesso equitativo e utilização de serviços sociais essenciais e de proteção de alta qualidade, resilientes, sensíveis ao género e modernos. / Outcome 1: By 2027, more people, especially those living in the most vulnerable and marginalized situations and those living with disabilities, have equitable access to and use of high-quality, resilient, gender-responsive, and modern essential social services and protection.",1_SPSP 1-2_OC1-3_OU1.1.1,"Produto 1.1.1: As instituições nacionais, os parceiros sociais e as organizações da sociedade civil, têm maiores e melhores capacidades para fornecer, inovar e fazer parcerias para a protecção social e a proteção das crianças e adolescentes, os serviços essenciais, e sistemas de dados, monitorização e informação.",2023-01-01,2024-12-31,1_SPSP 1-2_OC1-3_OU1.1.1-4_SOU8,108193,"Reforço do setor da saúde para fornecer serviços de saúde de alta qualidade, centrados nas pessoas, baseados em estratégias de cuidados de saúde primários (Plano de trabalho da OMS Resultados 1.1.1, 1.3.2, 1.3.3, 1.3.5) (WHO)",WHO,World Health Organization,Core Funding,Multilateral - UN organizations excluding pooled funds,,,100000,94339,,,100000,true,94339,false,,false,,false,,,,
1_SPSP 1-2_OC1,"Efeito 1: Até 2027, mais pessoas, especialmente as que vivem em situações de mais vulnerabilidade ou marginalização e as que vivem com deficiências, terão acesso equitativo e utilização de serviços sociais essenciais e de proteção de alta qualidade, resilientes, sensíveis ao género e modernos. / Outcome 1: By 2027, more people, especially those living in the most vulnerable and marginalized situations and those living with disabilities, have equitable access to and use of high-quality, resilient, gender-responsive, and modern essential social services and protection.",1_SPSP 1-2_OC1-3_OU1.1.1,"Produto 1.1.1: As instituições nacionais, os parceiros sociais e as organizações da sociedade civil, têm maiores e melhores capacidades para fornecer, inovar e fazer parcerias para a protecção social e a proteção das crianças e adolescentes, os serviços essenciais, e sistemas de dados, monitorização e informação.",2023-01-01,2024-12-31,1_SPSP 1-2_OC1-3_OU1.1.1-4_SOU9,108194,Reforço dos Sistemas de saúde do país para fornecer resultados de cobertura de serviços específicos para condições e doenças (resultados do plano de trabalho da OMS 1.1.2) (WHO),WHO,World Health Organization,,,,,,,,,,true,,false,,false,,false,140000,100000,,
1_SPSP 1-2_OC1,"Efeito 1: Até 2027, mais pessoas, especialmente as que vivem em situações de mais vulnerabilidade ou marginalização e as que vivem com deficiências, terão acesso equitativo e utilização de serviços sociais essenciais e de proteção de alta qualidade, resilientes, sensíveis ao género e modernos. / Outcome 1: By 2027, more people, especially those living in the most vulnerable and marginalized situations and those living with disabilities, have equitable access to and use of high-quality, resilient, gender-responsive, and modern essential social services and protection.",1_SPSP 1-2_OC1-3_OU1.1.1,"Produto 1.1.1: As instituições nacionais, os parceiros sociais e as organizações da sociedade civil, têm maiores e melhores capacidades para fornecer, inovar e fazer parcerias para a protecção social e a proteção das crianças e adolescentes, os serviços essenciais, e sistemas de dados, monitorização e informação.",2023-01-01,2024-12-31,1_SPSP 1-2_OC1-3_OU1.1.1-4_SOU9,108194,Reforço dos Sistemas de saúde do país para fornecer resultados de cobertura de serviços específicos para condições e doenças (resultados do plano de trabalho da OMS 1.1.2) (WHO),WHO,World Health Organization,Core Funding,Multilateral - UN organizations excluding pooled funds,,,140000,41500,,,137000,true,41500,false,,false,,false,,,,
1_SPSP 1-2_OC1,"Efeito 1: Até 2027, mais pessoas, especialmente as que vivem em situações de mais vulnerabilidade ou marginalização e as que vivem com deficiências, terão acesso equitativo e utilização de serviços sociais essenciais e de proteção de alta qualidade, resilientes, sensíveis ao género e modernos. / Outcome 1: By 2027, more people, especially those living in the most vulnerable and marginalized situations and those living with disabilities, have equitable access to and use of high-quality, resilient, gender-responsive, and modern essential social services and protection.",1_SPSP 1-2_OC1-3_OU1.1.1,"Produto 1.1.1: As instituições nacionais, os parceiros sociais e as organizações da sociedade civil, têm maiores e melhores capacidades para fornecer, inovar e fazer parcerias para a protecção social e a proteção das crianças e adolescentes, os serviços essenciais, e sistemas de dados, monitorização e informação.",2023-01-01,2024-12-31,1_SPSP 1-2_OC1-3_OU1.1.1-4_SOU10,108195,"As capacidades de resiliência dos sistemas de saúde em preparação e resposta a emergências são reforçadas para actuar na preparação e resposta a emergências (Plano de trabalho da OMS Resultados 2.1.1, 2.1.2, 2.2.2, EOA) (WHO)",WHO,World Health Organization,,,,,,,,,,true,,false,,false,,false,470000,531523,,
1_SPSP 1-2_OC1,"Efeito 1: Até 2027, mais pessoas, especialmente as que vivem em situações de mais vulnerabilidade ou marginalização e as que vivem com deficiências, terão acesso equitativo e utilização de serviços sociais essenciais e de proteção de alta qualidade, resilientes, sensíveis ao género e modernos. / Outcome 1: By 2027, more people, especially those living in the most vulnerable and marginalized situations and those living with disabilities, have equitable access to and use of high-quality, resilient, gender-responsive, and modern essential social services and protection.",1_SPSP 1-2_OC1-3_OU1.1.1,"Produto 1.1.1: As instituições nacionais, os parceiros sociais e as organizações da sociedade civil, têm maiores e melhores capacidades para fornecer, inovar e fazer parcerias para a protecção social e a proteção das crianças e adolescentes, os serviços essenciais, e sistemas de dados, monitorização e informação.",2023-01-01,2024-12-31,1_SPSP 1-2_OC1-3_OU1.1.1-4_SOU10,108195,"As capacidades de resiliência dos sistemas de saúde em preparação e resposta a emergências são reforçadas para actuar na preparação e resposta a emergências (Plano de trabalho da OMS Resultados 2.1.1, 2.1.2, 2.2.2, EOA) (WHO)",WHO,World Health Organization,Core Funding,Multilateral - UN organizations excluding pooled funds,,,470000,531523,,,470000,true,427531,false,,false,,false,,,,
1_SPSP 1-2_OC1,"Efeito 1: Até 2027, mais pessoas, especialmente as que vivem em situações de mais vulnerabilidade ou marginalização e as que vivem com deficiências, terão acesso equitativo e utilização de serviços sociais essenciais e de proteção de alta qualidade, resilientes, sensíveis ao género e modernos. / Outcome 1: By 2027, more people, especially those living in the most vulnerable and marginalized situations and those living with disabilities, have equitable access to and use of high-quality, resilient, gender-responsive, and modern essential social services and protection.",1_SPSP 1-2_OC1-3_OU1.1.1,"Produto 1.1.1: As instituições nacionais, os parceiros sociais e as organizações da sociedade civil, têm maiores e melhores capacidades para fornecer, inovar e fazer parcerias para a protecção social e a proteção das crianças e adolescentes, os serviços essenciais, e sistemas de dados, monitorização e informação.",2023-01-01,2024-12-31,1_SPSP 1-2_OC1-3_OU1.1.1-4_SOU11,108196,"Os sistemas de dados, análise e informação sanitária são reforçados para informar as políticas e gerar impactos (Plano de trabalho da OMS Outputs 4.1.1) (WHO)",WHO,World Health Organization,,,,,,,,,,true,,false,,false,,false,15000,170000,,
1_SPSP 1-2_OC1,"Efeito 1: Até 2027, mais pessoas, especialmente as que vivem em situações de mais vulnerabilidade ou marginalização e as que vivem com deficiências, terão acesso equitativo e utilização de serviços sociais essenciais e de proteção de alta qualidade, resilientes, sensíveis ao género e modernos. / Outcome 1: By 2027, more people, especially those living in the most vulnerable and marginalized situations and those living with disabilities, have equitable access to and use of high-quality, resilient, gender-responsive, and modern essential social services and protection.",1_SPSP 1-2_OC1-3_OU1.1.1,"Produto 1.1.1: As instituições nacionais, os parceiros sociais e as organizações da sociedade civil, têm maiores e melhores capacidades para fornecer, inovar e fazer parcerias para a protecção social e a proteção das crianças e adolescentes, os serviços essenciais, e sistemas de dados, monitorização e informação.",2023-01-01,2024-12-31,1_SPSP 1-2_OC1-3_OU1.1.1-4_SOU11,108196,"Os sistemas de dados, análise e informação sanitária são reforçados para informar as políticas e gerar impactos (Plano de trabalho da OMS Outputs 4.1.1) (WHO)",WHO,World Health Organization,Core Funding,Multilateral - UN organizations excluding pooled funds,,,15000,,,,15000,true,,false,,false,,false,,,,
1_SPSP 1-2_OC1,"Efeito 1: Até 2027, mais pessoas, especialmente as que vivem em situações de mais vulnerabilidade ou marginalização e as que vivem com deficiências, terão acesso equitativo e utilização de serviços sociais essenciais e de proteção de alta qualidade, resilientes, sensíveis ao género e modernos. / Outcome 1: By 2027, more people, especially those living in the most vulnerable and marginalized situations and those living with disabilities, have equitable access to and use of high-quality, resilient, gender-responsive, and modern essential social services and protection.",1_SPSP 1-2_OC1-3_OU1.1.1,"Produto 1.1.1: As instituições nacionais, os parceiros sociais e as organizações da sociedade civil, têm maiores e melhores capacidades para fornecer, inovar e fazer parcerias para a protecção social e a proteção das crianças e adolescentes, os serviços essenciais, e sistemas de dados, monitorização e informação.",2023-01-01,2024-12-31,1_SPSP 1-2_OC1-3_OU1.1.1-4_SOU11,108196,"Os sistemas de dados, análise e informação sanitária são reforçados para informar as políticas e gerar impactos (Plano de trabalho da OMS Outputs 4.1.1) (WHO)",WHO,World Health Organization,Luxembourg,Government,,,,20000,,,,true,20000,false,,false,,false,,,,
1_SPSP 1-2_OC1,"Efeito 1: Até 2027, mais pessoas, especialmente as que vivem em situações de mais vulnerabilidade ou marginalização e as que vivem com deficiências, terão acesso equitativo e utilização de serviços sociais essenciais e de proteção de alta qualidade, resilientes, sensíveis ao género e modernos. / Outcome 1: By 2027, more people, especially those living in the most vulnerable and marginalized situations and those living with disabilities, have equitable access to and use of high-quality, resilient, gender-responsive, and modern essential social services and protection.",1_SPSP 1-2_OC1-3_OU1.1.1,"Produto 1.1.1: As instituições nacionais, os parceiros sociais e as organizações da sociedade civil, têm maiores e melhores capacidades para fornecer, inovar e fazer parcerias para a protecção social e a proteção das crianças e adolescentes, os serviços essenciais, e sistemas de dados, monitorização e informação.",2023-01-01,2024-12-31,1_SPSP 1-2_OC1-3_OU1.1.1-4_SOU12,108197,Apoio ao programa integrado para Desenvolvimento da Educação na Primeira Infância (crianças dos 0-5 anos) e com reforço das capacidades institucionais (UNICEF),UNICEF,United Nations Children's Fund,,,,,,,,,,false,,false,,false,,false,55000,33000,,
1_SPSP 1-2_OC1,"Efeito 1: Até 2027, mais pessoas, especialmente as que vivem em situações de mais vulnerabilidade ou marginalização e as que vivem com deficiências, terão acesso equitativo e utilização de serviços sociais essenciais e de proteção de alta qualidade, resilientes, sensíveis ao género e modernos. / Outcome 1: By 2027, more people, especially those living in the most vulnerable and marginalized situations and those living with disabilities, have equitable access to and use of high-quality, resilient, gender-responsive, and modern essential social services and protection.",1_SPSP 1-2_OC1-3_OU1.1.1,"Produto 1.1.1: As instituições nacionais, os parceiros sociais e as organizações da sociedade civil, têm maiores e melhores capacidades para fornecer, inovar e fazer parcerias para a protecção social e a proteção das crianças e adolescentes, os serviços essenciais, e sistemas de dados, monitorização e informação.",2023-01-01,2024-12-31,1_SPSP 1-2_OC1-3_OU1.1.1-4_SOU12,108197,Apoio ao programa integrado para Desenvolvimento da Educação na Primeira Infância (crianças dos 0-5 anos) e com reforço das capacidades institucionais (UNICEF),UNICEF,United Nations Children's Fund,Global Partnership for Education,Public Private Partnership,,,20000,,,,20000,false,,false,,false,,false,,,,
1_SPSP 1-2_OC1,"Efeito 1: Até 2027, mais pessoas, especialmente as que vivem em situações de mais vulnerabilidade ou marginalização e as que vivem com deficiências, terão acesso equitativo e utilização de serviços sociais essenciais e de proteção de alta qualidade, resilientes, sensíveis ao género e modernos. / Outcome 1: By 2027, more people, especially those living in the most vulnerable and marginalized situations and those living with disabilities, have equitable access to and use of high-quality, resilient, gender-responsive, and modern essential social services and protection.",1_SPSP 1-2_OC1-3_OU1.1.1,"Produto 1.1.1: As instituições nacionais, os parceiros sociais e as organizações da sociedade civil, têm maiores e melhores capacidades para fornecer, inovar e fazer parcerias para a protecção social e a proteção das crianças e adolescentes, os serviços essenciais, e sistemas de dados, monitorização e informação.",2023-01-01,2024-12-31,1_SPSP 1-2_OC1-3_OU1.1.1-4_SOU12,108197,Apoio ao programa integrado para Desenvolvimento da Educação na Primeira Infância (crianças dos 0-5 anos) e com reforço das capacidades institucionais (UNICEF),UNICEF,United Nations Children's Fund,Core Funding,Multilateral - UN organizations excluding pooled funds,,,35000,33000,,,34000,false,33000,false,,false,,false,,,,
1_SPSP 1-2_OC1,"Efeito 1: Até 2027, mais pessoas, especialmente as que vivem em situações de mais vulnerabilidade ou marginalização e as que vivem com deficiências, terão acesso equitativo e utilização de serviços sociais essenciais e de proteção de alta qualidade, resilientes, sensíveis ao género e modernos. / Outcome 1: By 2027, more people, especially those living in the most vulnerable and marginalized situations and those living with disabilities, have equitable access to and use of high-quality, resilient, gender-responsive, and modern essential social services and protection.",1_SPSP 1-2_OC1-3_OU1.1.1,"Produto 1.1.1: As instituições nacionais, os parceiros sociais e as organizações da sociedade civil, têm maiores e melhores capacidades para fornecer, inovar e fazer parcerias para a protecção social e a proteção das crianças e adolescentes, os serviços essenciais, e sistemas de dados, monitorização e informação.",2023-01-01,2024-12-31,1_SPSP 1-2_OC1-3_OU1.1.1-4_SOU13,108227,"Programa de educação inclusiva abrangente e de desenvolvimento de competências para o futuro das crianças e adolescentes apoiado para dar resposta, nomeadamente às Necessidades Educativas Especiais (NEE) e Educação Sexual Abrangente (UNICEF, UNFPA)",UNFPA,United Nations Population Fund,,,,,,,,,,false,,false,,false,,false,15000,15000,,
1_SPSP 1-2_OC1,"Efeito 1: Até 2027, mais pessoas, especialmente as que vivem em situações de mais vulnerabilidade ou marginalização e as que vivem com deficiências, terão acesso equitativo e utilização de serviços sociais essenciais e de proteção de alta qualidade, resilientes, sensíveis ao género e modernos. / Outcome 1: By 2027, more people, especially those living in the most vulnerable and marginalized situations and those living with disabilities, have equitable access to and use of high-quality, resilient, gender-responsive, and modern essential social services and protection.",1_SPSP 1-2_OC1-3_OU1.1.1,"Produto 1.1.1: As instituições nacionais, os parceiros sociais e as organizações da sociedade civil, têm maiores e melhores capacidades para fornecer, inovar e fazer parcerias para a protecção social e a proteção das crianças e adolescentes, os serviços essenciais, e sistemas de dados, monitorização e informação.",2023-01-01,2024-12-31,1_SPSP 1-2_OC1-3_OU1.1.1-4_SOU13,108227,"Programa de educação inclusiva abrangente e de desenvolvimento de competências para o futuro das crianças e adolescentes apoiado para dar resposta, nomeadamente às Necessidades Educativas Especiais (NEE) e Educação Sexual Abrangente (UNICEF, UNFPA)",UNFPA,United Nations Population Fund,Global Partnership for Education,Public Private Partnership,,,,15000,,,,false,15000,false,,false,,false,,,,
1_SPSP 1-2_OC1,"Efeito 1: Até 2027, mais pessoas, especialmente as que vivem em situações de mais vulnerabilidade ou marginalização e as que vivem com deficiências, terão acesso equitativo e utilização de serviços sociais essenciais e de proteção de alta qualidade, resilientes, sensíveis ao género e modernos. / Outcome 1: By 2027, more people, especially those living in the most vulnerable and marginalized situations and those living with disabilities, have equitable access to and use of high-quality, resilient, gender-responsive, and modern essential social services and protection.",1_SPSP 1-2_OC1-3_OU1.1.1,"Produto 1.1.1: As instituições nacionais, os parceiros sociais e as organizações da sociedade civil, têm maiores e melhores capacidades para fornecer, inovar e fazer parcerias para a protecção social e a proteção das crianças e adolescentes, os serviços essenciais, e sistemas de dados, monitorização e informação.",2023-01-01,2024-12-31,1_SPSP 1-2_OC1-3_OU1.1.1-4_SOU13,108227,"Programa de educação inclusiva abrangente e de desenvolvimento de competências para o futuro das crianças e adolescentes apoiado para dar resposta, nomeadamente às Necessidades Educativas Especiais (NEE) e Educação Sexual Abrangente (UNICEF, UNFPA)",UNFPA,United Nations Population Fund,Core Funding,Multilateral - UN organizations excluding pooled funds,,,15000,,,,11000,false,,false,,false,,false,,,,
1_SPSP 1-2_OC1,"Efeito 1: Até 2027, mais pessoas, especialmente as que vivem em situações de mais vulnerabilidade ou marginalização e as que vivem com deficiências, terão acesso equitativo e utilização de serviços sociais essenciais e de proteção de alta qualidade, resilientes, sensíveis ao género e modernos. / Outcome 1: By 2027, more people, especially those living in the most vulnerable and marginalized situations and those living with disabilities, have equitable access to and use of high-quality, resilient, gender-responsive, and modern essential social services and protection.",1_SPSP 1-2_OC1-3_OU1.1.1,"Produto 1.1.1: As instituições nacionais, os parceiros sociais e as organizações da sociedade civil, têm maiores e melhores capacidades para fornecer, inovar e fazer parcerias para a protecção social e a proteção das crianças e adolescentes, os serviços essenciais, e sistemas de dados, monitorização e informação.",2023-01-01,2024-12-31,1_SPSP 1-2_OC1-3_OU1.1.1-4_SOU13,108227,"Programa de educação inclusiva abrangente e de desenvolvimento de competências para o futuro das crianças e adolescentes apoiado para dar resposta, nomeadamente às Necessidades Educativas Especiais (NEE) e Educação Sexual Abrangente (UNICEF, UNFPA)",UNICEF,United Nations Children's Fund,,,,,,,,,,false,,false,,false,,false,85000,67000,,
1_SPSP 1-2_OC1,"Efeito 1: Até 2027, mais pessoas, especialmente as que vivem em situações de mais vulnerabilidade ou marginalização e as que vivem com deficiências, terão acesso equitativo e utilização de serviços sociais essenciais e de proteção de alta qualidade, resilientes, sensíveis ao género e modernos. / Outcome 1: By 2027, more people, especially those living in the most vulnerable and marginalized situations and those living with disabilities, have equitable access to and use of high-quality, resilient, gender-responsive, and modern essential social services and protection.",1_SPSP 1-2_OC1-3_OU1.1.1,"Produto 1.1.1: As instituições nacionais, os parceiros sociais e as organizações da sociedade civil, têm maiores e melhores capacidades para fornecer, inovar e fazer parcerias para a protecção social e a proteção das crianças e adolescentes, os serviços essenciais, e sistemas de dados, monitorização e informação.",2023-01-01,2024-12-31,1_SPSP 1-2_OC1-3_OU1.1.1-4_SOU13,108227,"Programa de educação inclusiva abrangente e de desenvolvimento de competências para o futuro das crianças e adolescentes apoiado para dar resposta, nomeadamente às Necessidades Educativas Especiais (NEE) e Educação Sexual Abrangente (UNICEF, UNFPA)",UNICEF,United Nations Children's Fund,Global Partnership for Education,Public Private Partnership,,,30000,,,,27482,false,,false,,false,,false,,,,
1_SPSP 1-2_OC1,"Efeito 1: Até 2027, mais pessoas, especialmente as que vivem em situações de mais vulnerabilidade ou marginalização e as que vivem com deficiências, terão acesso equitativo e utilização de serviços sociais essenciais e de proteção de alta qualidade, resilientes, sensíveis ao género e modernos. / Outcome 1: By 2027, more people, especially those living in the most vulnerable and marginalized situations and those living with disabilities, have equitable access to and use of high-quality, resilient, gender-responsive, and modern essential social services and protection.",1_SPSP 1-2_OC1-3_OU1.1.1,"Produto 1.1.1: As instituições nacionais, os parceiros sociais e as organizações da sociedade civil, têm maiores e melhores capacidades para fornecer, inovar e fazer parcerias para a protecção social e a proteção das crianças e adolescentes, os serviços essenciais, e sistemas de dados, monitorização e informação.",2023-01-01,2024-12-31,1_SPSP 1-2_OC1-3_OU1.1.1-4_SOU13,108227,"Programa de educação inclusiva abrangente e de desenvolvimento de competências para o futuro das crianças e adolescentes apoiado para dar resposta, nomeadamente às Necessidades Educativas Especiais (NEE) e Educação Sexual Abrangente (UNICEF, UNFPA)",UNICEF,United Nations Children's Fund,Core Funding,Multilateral - UN organizations excluding pooled funds,,,55000,67000,,,35718,false,55000,false,,false,,false,,,,
1_SPSP 1-2_OC1,"Efeito 1: Até 2027, mais pessoas, especialmente as que vivem em situações de mais vulnerabilidade ou marginalização e as que vivem com deficiências, terão acesso equitativo e utilização de serviços sociais essenciais e de proteção de alta qualidade, resilientes, sensíveis ao género e modernos. / Outcome 1: By 2027, more people, especially those living in the most vulnerable and marginalized situations and those living with disabilities, have equitable access to and use of high-quality, resilient, gender-responsive, and modern essential social services and protection.",1_SPSP 1-2_OC1-3_OU1.1.1,"Produto 1.1.1: As instituições nacionais, os parceiros sociais e as organizações da sociedade civil, têm maiores e melhores capacidades para fornecer, inovar e fazer parcerias para a protecção social e a proteção das crianças e adolescentes, os serviços essenciais, e sistemas de dados, monitorização e informação.",2023-01-01,2024-12-31,1_SPSP 1-2_OC1-3_OU1.1.1-4_SOU14,108228,Programa de reforço institucional e de capacidades técnicas para melhoria das aprendizagens no quadro da reforma educativa (UNICEF) (GPE),UNICEF,United Nations Children's Fund,,,,,,,,,,false,,false,,false,,false,500000,120000,,
1_SPSP 1-2_OC1,"Efeito 1: Até 2027, mais pessoas, especialmente as que vivem em situações de mais vulnerabilidade ou marginalização e as que vivem com deficiências, terão acesso equitativo e utilização de serviços sociais essenciais e de proteção de alta qualidade, resilientes, sensíveis ao género e modernos. / Outcome 1: By 2027, more people, especially those living in the most vulnerable and marginalized situations and those living with disabilities, have equitable access to and use of high-quality, resilient, gender-responsive, and modern essential social services and protection.",1_SPSP 1-2_OC1-3_OU1.1.1,"Produto 1.1.1: As instituições nacionais, os parceiros sociais e as organizações da sociedade civil, têm maiores e melhores capacidades para fornecer, inovar e fazer parcerias para a protecção social e a proteção das crianças e adolescentes, os serviços essenciais, e sistemas de dados, monitorização e informação.",2023-01-01,2024-12-31,1_SPSP 1-2_OC1-3_OU1.1.1-4_SOU14,108228,Programa de reforço institucional e de capacidades técnicas para melhoria das aprendizagens no quadro da reforma educativa (UNICEF) (GPE),UNICEF,United Nations Children's Fund,Global Partnership for Education,Public Private Partnership,,,500000,120000,,,417000,false,120000,false,,false,,false,,,,
1_SPSP 1-2_OC1,"Efeito 1: Até 2027, mais pessoas, especialmente as que vivem em situações de mais vulnerabilidade ou marginalização e as que vivem com deficiências, terão acesso equitativo e utilização de serviços sociais essenciais e de proteção de alta qualidade, resilientes, sensíveis ao género e modernos. / Outcome 1: By 2027, more people, especially those living in the most vulnerable and marginalized situations and those living with disabilities, have equitable access to and use of high-quality, resilient, gender-responsive, and modern essential social services and protection.",1_SPSP 1-2_OC1-3_OU1.1.1,"Produto 1.1.1: As instituições nacionais, os parceiros sociais e as organizações da sociedade civil, têm maiores e melhores capacidades para fornecer, inovar e fazer parcerias para a protecção social e a proteção das crianças e adolescentes, os serviços essenciais, e sistemas de dados, monitorização e informação.",2023-01-01,2024-12-31,1_SPSP 1-2_OC1-3_OU1.1.1-4_SOU15,108229,Programa de Educação Digital desenvolvido e com reforço das capacidades técnicas (UNICEF) (AKELIUS),UNICEF,United Nations Children's Fund,,,,,,,,,,true,,false,,false,,false,250000,70000,,
1_SPSP 1-2_OC1,"Efeito 1: Até 2027, mais pessoas, especialmente as que vivem em situações de mais vulnerabilidade ou marginalização e as que vivem com deficiências, terão acesso equitativo e utilização de serviços sociais essenciais e de proteção de alta qualidade, resilientes, sensíveis ao género e modernos. / Outcome 1: By 2027, more people, especially those living in the most vulnerable and marginalized situations and those living with disabilities, have equitable access to and use of high-quality, resilient, gender-responsive, and modern essential social services and protection.",1_SPSP 1-2_OC1-3_OU1.1.1,"Produto 1.1.1: As instituições nacionais, os parceiros sociais e as organizações da sociedade civil, têm maiores e melhores capacidades para fornecer, inovar e fazer parcerias para a protecção social e a proteção das crianças e adolescentes, os serviços essenciais, e sistemas de dados, monitorização e informação.",2023-01-01,2024-12-31,1_SPSP 1-2_OC1-3_OU1.1.1-4_SOU15,108229,Programa de Educação Digital desenvolvido e com reforço das capacidades técnicas (UNICEF) (AKELIUS),UNICEF,United Nations Children's Fund,AKELIUS Foundation,Foundation,,,250000,70000,,,223000,true,60000,false,,false,,false,,,,
1_SPSP 1-2_OC1,"Efeito 1: Até 2027, mais pessoas, especialmente as que vivem em situações de mais vulnerabilidade ou marginalização e as que vivem com deficiências, terão acesso equitativo e utilização de serviços sociais essenciais e de proteção de alta qualidade, resilientes, sensíveis ao género e modernos. / Outcome 1: By 2027, more people, especially those living in the most vulnerable and marginalized situations and those living with disabilities, have equitable access to and use of high-quality, resilient, gender-responsive, and modern essential social services and protection.",1_SPSP 1-2_OC1-3_OU1.1.1,"Produto 1.1.1: As instituições nacionais, os parceiros sociais e as organizações da sociedade civil, têm maiores e melhores capacidades para fornecer, inovar e fazer parcerias para a protecção social e a proteção das crianças e adolescentes, os serviços essenciais, e sistemas de dados, monitorização e informação.",2023-01-01,2024-12-31,1_SPSP 1-2_OC1-3_OU1.1.1-4_SOU16,108230,"Reforço das capacidades das Universidades Públicas no desenvolvimento e divulgação de investigação para desenvolvimento sustentável (UNDP, UNFPA, UNICEF)",UNDP,United Nations Development Programme,,,,,,,,,,false,,false,,false,,false,,,,
1_SPSP 1-2_OC1,"Efeito 1: Até 2027, mais pessoas, especialmente as que vivem em situações de mais vulnerabilidade ou marginalização e as que vivem com deficiências, terão acesso equitativo e utilização de serviços sociais essenciais e de proteção de alta qualidade, resilientes, sensíveis ao género e modernos. / Outcome 1: By 2027, more people, especially those living in the most vulnerable and marginalized situations and those living with disabilities, have equitable access to and use of high-quality, resilient, gender-responsive, and modern essential social services and protection.",1_SPSP 1-2_OC1-3_OU1.1.1,"Produto 1.1.1: As instituições nacionais, os parceiros sociais e as organizações da sociedade civil, têm maiores e melhores capacidades para fornecer, inovar e fazer parcerias para a protecção social e a proteção das crianças e adolescentes, os serviços essenciais, e sistemas de dados, monitorização e informação.",2023-01-01,2024-12-31,1_SPSP 1-2_OC1-3_OU1.1.1-4_SOU16,108230,"Reforço das capacidades das Universidades Públicas no desenvolvimento e divulgação de investigação para desenvolvimento sustentável (UNDP, UNFPA, UNICEF)",UNDP,United Nations Development Programme,Core Funding,Multilateral - UN organizations excluding pooled funds,,,,,,,,false,,false,,false,,false,,,,
1_SPSP 1-2_OC1,"Efeito 1: Até 2027, mais pessoas, especialmente as que vivem em situações de mais vulnerabilidade ou marginalização e as que vivem com deficiências, terão acesso equitativo e utilização de serviços sociais essenciais e de proteção de alta qualidade, resilientes, sensíveis ao género e modernos. / Outcome 1: By 2027, more people, especially those living in the most vulnerable and marginalized situations and those living with disabilities, have equitable access to and use of high-quality, resilient, gender-responsive, and modern essential social services and protection.",1_SPSP 1-2_OC1-3_OU1.1.1,"Produto 1.1.1: As instituições nacionais, os parceiros sociais e as organizações da sociedade civil, têm maiores e melhores capacidades para fornecer, inovar e fazer parcerias para a protecção social e a proteção das crianças e adolescentes, os serviços essenciais, e sistemas de dados, monitorização e informação.",2023-01-01,2024-12-31,1_SPSP 1-2_OC1-3_OU1.1.1-4_SOU16,108230,"Reforço das capacidades das Universidades Públicas no desenvolvimento e divulgação de investigação para desenvolvimento sustentável (UNDP, UNFPA, UNICEF)",UNFPA,United Nations Population Fund,,,,,,,,,,false,,false,,false,,false,35000,20000,,
1_SPSP 1-2_OC1,"Efeito 1: Até 2027, mais pessoas, especialmente as que vivem em situações de mais vulnerabilidade ou marginalização e as que vivem com deficiências, terão acesso equitativo e utilização de serviços sociais essenciais e de proteção de alta qualidade, resilientes, sensíveis ao género e modernos. / Outcome 1: By 2027, more people, especially those living in the most vulnerable and marginalized situations and those living with disabilities, have equitable access to and use of high-quality, resilient, gender-responsive, and modern essential social services and protection.",1_SPSP 1-2_OC1-3_OU1.1.1,"Produto 1.1.1: As instituições nacionais, os parceiros sociais e as organizações da sociedade civil, têm maiores e melhores capacidades para fornecer, inovar e fazer parcerias para a protecção social e a proteção das crianças e adolescentes, os serviços essenciais, e sistemas de dados, monitorização e informação.",2023-01-01,2024-12-31,1_SPSP 1-2_OC1-3_OU1.1.1-4_SOU16,108230,"Reforço das capacidades das Universidades Públicas no desenvolvimento e divulgação de investigação para desenvolvimento sustentável (UNDP, UNFPA, UNICEF)",UNFPA,United Nations Population Fund,Core Funding,Multilateral - UN organizations excluding pooled funds,,,35000,20000,,,26000,false,20000,false,,false,,false,,,,
1_SPSP 1-2_OC1,"Efeito 1: Até 2027, mais pessoas, especialmente as que vivem em situações de mais vulnerabilidade ou marginalização e as que vivem com deficiências, terão acesso equitativo e utilização de serviços sociais essenciais e de proteção de alta qualidade, resilientes, sensíveis ao género e modernos. / Outcome 1: By 2027, more people, especially those living in the most vulnerable and marginalized situations and those living with disabilities, have equitable access to and use of high-quality, resilient, gender-responsive, and modern essential social services and protection.",1_SPSP 1-2_OC1-3_OU1.1.1,"Produto 1.1.1: As instituições nacionais, os parceiros sociais e as organizações da sociedade civil, têm maiores e melhores capacidades para fornecer, inovar e fazer parcerias para a protecção social e a proteção das crianças e adolescentes, os serviços essenciais, e sistemas de dados, monitorização e informação.",2023-01-01,2023-12-31,1_SPSP 1-2_OC1-3_OU1.1.1-4_SOU17,108244,Planos Municipais de Habitação são elaborados em mais 5 Municípios (UN HABITAT),UN-HABITAT,United Nations Human Settlement Programme,,,,,,,,,,false,,false,,false,,false,30000,,,
1_SPSP 1-2_OC1,"Efeito 1: Até 2027, mais pessoas, especialmente as que vivem em situações de mais vulnerabilidade ou marginalização e as que vivem com deficiências, terão acesso equitativo e utilização de serviços sociais essenciais e de proteção de alta qualidade, resilientes, sensíveis ao género e modernos. / Outcome 1: By 2027, more people, especially those living in the most vulnerable and marginalized situations and those living with disabilities, have equitable access to and use of high-quality, resilient, gender-responsive, and modern essential social services and protection.",1_SPSP 1-2_OC1-3_OU1.1.1,"Produto 1.1.1: As instituições nacionais, os parceiros sociais e as organizações da sociedade civil, têm maiores e melhores capacidades para fornecer, inovar e fazer parcerias para a protecção social e a proteção das crianças e adolescentes, os serviços essenciais, e sistemas de dados, monitorização e informação.",2023-01-01,2023-12-31,1_SPSP 1-2_OC1-3_OU1.1.1-4_SOU17,108244,Planos Municipais de Habitação são elaborados em mais 5 Municípios (UN HABITAT),UN-HABITAT,United Nations Human Settlement Programme,Brazil,Government,,,30000,,,,30000,false,,false,,false,,false,,,,
1_SPSP 1-2_OC1,"Efeito 1: Até 2027, mais pessoas, especialmente as que vivem em situações de mais vulnerabilidade ou marginalização e as que vivem com deficiências, terão acesso equitativo e utilização de serviços sociais essenciais e de proteção de alta qualidade, resilientes, sensíveis ao género e modernos. / Outcome 1: By 2027, more people, especially those living in the most vulnerable and marginalized situations and those living with disabilities, have equitable access to and use of high-quality, resilient, gender-responsive, and modern essential social services and protection.",1_SPSP 1-2_OC1-3_OU1.1.1,"Produto 1.1.1: As instituições nacionais, os parceiros sociais e as organizações da sociedade civil, têm maiores e melhores capacidades para fornecer, inovar e fazer parcerias para a protecção social e a proteção das crianças e adolescentes, os serviços essenciais, e sistemas de dados, monitorização e informação.",2023-01-01,2024-12-31,1_SPSP 1-2_OC1-3_OU1.1.1-4_SOU18,108245,"Apoiar a promoção e sensibilização na defesa da abordagem de segurança humana e na superação da pandemia covid-19 em comunidades vulneráveis em Cabo Verde (UNODC, UN HABITAT)",UN-HABITAT,United Nations Human Settlement Programme,,,,,,,,,,true,,false,,false,,false,66736,,,
1_SPSP 1-2_OC1,"Efeito 1: Até 2027, mais pessoas, especialmente as que vivem em situações de mais vulnerabilidade ou marginalização e as que vivem com deficiências, terão acesso equitativo e utilização de serviços sociais essenciais e de proteção de alta qualidade, resilientes, sensíveis ao género e modernos. / Outcome 1: By 2027, more people, especially those living in the most vulnerable and marginalized situations and those living with disabilities, have equitable access to and use of high-quality, resilient, gender-responsive, and modern essential social services and protection.",1_SPSP 1-2_OC1-3_OU1.1.1,"Produto 1.1.1: As instituições nacionais, os parceiros sociais e as organizações da sociedade civil, têm maiores e melhores capacidades para fornecer, inovar e fazer parcerias para a protecção social e a proteção das crianças e adolescentes, os serviços essenciais, e sistemas de dados, monitorização e informação.",2023-01-01,2024-12-31,1_SPSP 1-2_OC1-3_OU1.1.1-4_SOU18,108245,"Apoiar a promoção e sensibilização na defesa da abordagem de segurança humana e na superação da pandemia covid-19 em comunidades vulneráveis em Cabo Verde (UNODC, UN HABITAT)",UN-HABITAT,United Nations Human Settlement Programme,UN Trust Fund for Human Security,Multilateral - Global vertical funds,,,66736,,,,66736,true,,false,,false,,false,,,,
1_SPSP 1-2_OC1,"Efeito 1: Até 2027, mais pessoas, especialmente as que vivem em situações de mais vulnerabilidade ou marginalização e as que vivem com deficiências, terão acesso equitativo e utilização de serviços sociais essenciais e de proteção de alta qualidade, resilientes, sensíveis ao género e modernos. / Outcome 1: By 2027, more people, especially those living in the most vulnerable and marginalized situations and those living with disabilities, have equitable access to and use of high-quality, resilient, gender-responsive, and modern essential social services and protection.",1_SPSP 1-2_OC1-3_OU1.1.1,"Produto 1.1.1: As instituições nacionais, os parceiros sociais e as organizações da sociedade civil, têm maiores e melhores capacidades para fornecer, inovar e fazer parcerias para a protecção social e a proteção das crianças e adolescentes, os serviços essenciais, e sistemas de dados, monitorização e informação.",2023-01-01,2024-12-31,1_SPSP 1-2_OC1-3_OU1.1.1-4_SOU18,108245,"Apoiar a promoção e sensibilização na defesa da abordagem de segurança humana e na superação da pandemia covid-19 em comunidades vulneráveis em Cabo Verde (UNODC, UN HABITAT)",UNODC,United Nations Office on Drugs and Crime,,,,,,,,,,true,,false,,false,,false,113000,,,
1_SPSP 1-2_OC1,"Efeito 1: Até 2027, mais pessoas, especialmente as que vivem em situações de mais vulnerabilidade ou marginalização e as que vivem com deficiências, terão acesso equitativo e utilização de serviços sociais essenciais e de proteção de alta qualidade, resilientes, sensíveis ao género e modernos. / Outcome 1: By 2027, more people, especially those living in the most vulnerable and marginalized situations and those living with disabilities, have equitable access to and use of high-quality, resilient, gender-responsive, and modern essential social services and protection.",1_SPSP 1-2_OC1-3_OU1.1.1,"Produto 1.1.1: As instituições nacionais, os parceiros sociais e as organizações da sociedade civil, têm maiores e melhores capacidades para fornecer, inovar e fazer parcerias para a protecção social e a proteção das crianças e adolescentes, os serviços essenciais, e sistemas de dados, monitorização e informação.",2023-01-01,2024-12-31,1_SPSP 1-2_OC1-3_OU1.1.1-4_SOU18,108245,"Apoiar a promoção e sensibilização na defesa da abordagem de segurança humana e na superação da pandemia covid-19 em comunidades vulneráveis em Cabo Verde (UNODC, UN HABITAT)",UNODC,United Nations Office on Drugs and Crime,UN Trust Fund for Human Security,Multilateral - Global vertical funds,,,113000,,,,113000,true,,false,,false,,false,,,,
1_SPSP 1-2_OC1,"Efeito 1: Até 2027, mais pessoas, especialmente as que vivem em situações de mais vulnerabilidade ou marginalização e as que vivem com deficiências, terão acesso equitativo e utilização de serviços sociais essenciais e de proteção de alta qualidade, resilientes, sensíveis ao género e modernos. / Outcome 1: By 2027, more people, especially those living in the most vulnerable and marginalized situations and those living with disabilities, have equitable access to and use of high-quality, resilient, gender-responsive, and modern essential social services and protection.",1_SPSP 1-2_OC1-3_OU1.1.1,"Produto 1.1.1: As instituições nacionais, os parceiros sociais e as organizações da sociedade civil, têm maiores e melhores capacidades para fornecer, inovar e fazer parcerias para a protecção social e a proteção das crianças e adolescentes, os serviços essenciais, e sistemas de dados, monitorização e informação.",2023-06-01,2024-12-31,1_SPSP 1-2_OC1-3_OU1.1.1-4_SOU19,108249,"Capacidades das instituiçoes Publicas, OSCs e OBCs na prevencao da droga, violência e criminalidade são reforçadas (UNODC)",UNODC,United Nations Office on Drugs and Crime,,,,,,,,,,false,,false,,false,,false,20000,10000,,
1_SPSP 1-2_OC1,"Efeito 1: Até 2027, mais pessoas, especialmente as que vivem em situações de mais vulnerabilidade ou marginalização e as que vivem com deficiências, terão acesso equitativo e utilização de serviços sociais essenciais e de proteção de alta qualidade, resilientes, sensíveis ao género e modernos. / Outcome 1: By 2027, more people, especially those living in the most vulnerable and marginalized situations and those living with disabilities, have equitable access to and use of high-quality, resilient, gender-responsive, and modern essential social services and protection.",1_SPSP 1-2_OC1-3_OU1.1.1,"Produto 1.1.1: As instituições nacionais, os parceiros sociais e as organizações da sociedade civil, têm maiores e melhores capacidades para fornecer, inovar e fazer parcerias para a protecção social e a proteção das crianças e adolescentes, os serviços essenciais, e sistemas de dados, monitorização e informação.",2023-06-01,2024-12-31,1_SPSP 1-2_OC1-3_OU1.1.1-4_SOU19,108249,"Capacidades das instituiçoes Publicas, OSCs e OBCs na prevencao da droga, violência e criminalidade são reforçadas (UNODC)",UNODC,United Nations Office on Drugs and Crime,The US Government Department of State's Bureau of International Narcotics and Law Enforcement Affairs,Government,The United States of America,Government,10000,5000,,,10000,false,5000,false,,false,,false,,,,
1_SPSP 1-2_OC1,"Efeito 1: Até 2027, mais pessoas, especialmente as que vivem em situações de mais vulnerabilidade ou marginalização e as que vivem com deficiências, terão acesso equitativo e utilização de serviços sociais essenciais e de proteção de alta qualidade, resilientes, sensíveis ao género e modernos. / Outcome 1: By 2027, more people, especially those living in the most vulnerable and marginalized situations and those living with disabilities, have equitable access to and use of high-quality, resilient, gender-responsive, and modern essential social services and protection.",1_SPSP 1-2_OC1-3_OU1.1.1,"Produto 1.1.1: As instituições nacionais, os parceiros sociais e as organizações da sociedade civil, têm maiores e melhores capacidades para fornecer, inovar e fazer parcerias para a protecção social e a proteção das crianças e adolescentes, os serviços essenciais, e sistemas de dados, monitorização e informação.",2023-02-01,2023-12-31,1_SPSP 1-2_OC1-3_OU1.1.1-4_SOU20,108402,Estudo Técnico e Atuarial para o alargamento da cobertura de assistência medicamentosa às pessoas idosas e com deficiência em situação de pobreza realizado (ILO),ILO,International Labour Organisation,,,,,,,,,,true,,false,,false,,false,30041,,,
1_SPSP 1-2_OC1,"Efeito 1: Até 2027, mais pessoas, especialmente as que vivem em situações de mais vulnerabilidade ou marginalização e as que vivem com deficiências, terão acesso equitativo e utilização de serviços sociais essenciais e de proteção de alta qualidade, resilientes, sensíveis ao género e modernos. / Outcome 1: By 2027, more people, especially those living in the most vulnerable and marginalized situations and those living with disabilities, have equitable access to and use of high-quality, resilient, gender-responsive, and modern essential social services and protection.",1_SPSP 1-2_OC1-3_OU1.1.1,"Produto 1.1.1: As instituições nacionais, os parceiros sociais e as organizações da sociedade civil, têm maiores e melhores capacidades para fornecer, inovar e fazer parcerias para a protecção social e a proteção das crianças e adolescentes, os serviços essenciais, e sistemas de dados, monitorização e informação.",2023-02-01,2023-12-31,1_SPSP 1-2_OC1-3_OU1.1.1-4_SOU20,108402,Estudo Técnico e Atuarial para o alargamento da cobertura de assistência medicamentosa às pessoas idosas e com deficiência em situação de pobreza realizado (ILO),ILO,International Labour Organisation,The Joint SDG Fund,Multilateral - UN Inter-agency pooled funds,,,30041,,,,30041,true,,false,,false,,false,,,,
1_SPSP 1-2_OC1,"Efeito 1: Até 2027, mais pessoas, especialmente as que vivem em situações de mais vulnerabilidade ou marginalização e as que vivem com deficiências, terão acesso equitativo e utilização de serviços sociais essenciais e de proteção de alta qualidade, resilientes, sensíveis ao género e modernos. / Outcome 1: By 2027, more people, especially those living in the most vulnerable and marginalized situations and those living with disabilities, have equitable access to and use of high-quality, resilient, gender-responsive, and modern essential social services and protection.",1_SPSP 1-2_OC1-3_OU1.1.1,"Produto 1.1.1: As instituições nacionais, os parceiros sociais e as organizações da sociedade civil, têm maiores e melhores capacidades para fornecer, inovar e fazer parcerias para a protecção social e a proteção das crianças e adolescentes, os serviços essenciais, e sistemas de dados, monitorização e informação.",2023-01-01,2024-12-31,1_SPSP 1-2_OC1-3_OU1.1.1-4_SOU21,108403,Reforçar os sistemas de informação e a melhoria dos dados estatísticos da Proteção Social (ILO),ILO,International Labour Organisation,,,,,,,,,,true,,false,,false,,false,61474,71425,,
1_SPSP 1-2_OC1,"Efeito 1: Até 2027, mais pessoas, especialmente as que vivem em situações de mais vulnerabilidade ou marginalização e as que vivem com deficiências, terão acesso equitativo e utilização de serviços sociais essenciais e de proteção de alta qualidade, resilientes, sensíveis ao género e modernos. / Outcome 1: By 2027, more people, especially those living in the most vulnerable and marginalized situations and those living with disabilities, have equitable access to and use of high-quality, resilient, gender-responsive, and modern essential social services and protection.",1_SPSP 1-2_OC1-3_OU1.1.1,"Produto 1.1.1: As instituições nacionais, os parceiros sociais e as organizações da sociedade civil, têm maiores e melhores capacidades para fornecer, inovar e fazer parcerias para a protecção social e a proteção das crianças e adolescentes, os serviços essenciais, e sistemas de dados, monitorização e informação.",2023-01-01,2024-12-31,1_SPSP 1-2_OC1-3_OU1.1.1-4_SOU21,108403,Reforçar os sistemas de informação e a melhoria dos dados estatísticos da Proteção Social (ILO),ILO,International Labour Organisation,Portugal,Government,,,61474,71425,,,49232,true,71425,false,,false,,false,,,,
1_SPSP 1-2_OC1,"Efeito 1: Até 2027, mais pessoas, especialmente as que vivem em situações de mais vulnerabilidade ou marginalização e as que vivem com deficiências, terão acesso equitativo e utilização de serviços sociais essenciais e de proteção de alta qualidade, resilientes, sensíveis ao género e modernos. / Outcome 1: By 2027, more people, especially those living in the most vulnerable and marginalized situations and those living with disabilities, have equitable access to and use of high-quality, resilient, gender-responsive, and modern essential social services and protection.",1_SPSP 1-2_OC1-3_OU1.1.1,"Produto 1.1.1: As instituições nacionais, os parceiros sociais e as organizações da sociedade civil, têm maiores e melhores capacidades para fornecer, inovar e fazer parcerias para a protecção social e a proteção das crianças e adolescentes, os serviços essenciais, e sistemas de dados, monitorização e informação.",2024-03-04,2024-12-31,1_SPSP 1-2_OC1-3_OU1.1.1-4_SOU22,149379,As Mudanças Climáticas e os Direitos das Crianças (UNICEF),UNICEF,United Nations Children's Fund,,,,,,,,,,false,,false,,false,,false,,50000,,
1_SPSP 1-2_OC1,"Efeito 1: Até 2027, mais pessoas, especialmente as que vivem em situações de mais vulnerabilidade ou marginalização e as que vivem com deficiências, terão acesso equitativo e utilização de serviços sociais essenciais e de proteção de alta qualidade, resilientes, sensíveis ao género e modernos. / Outcome 1: By 2027, more people, especially those living in the most vulnerable and marginalized situations and those living with disabilities, have equitable access to and use of high-quality, resilient, gender-responsive, and modern essential social services and protection.",1_SPSP 1-2_OC1-3_OU1.1.1,"Produto 1.1.1: As instituições nacionais, os parceiros sociais e as organizações da sociedade civil, têm maiores e melhores capacidades para fornecer, inovar e fazer parcerias para a protecção social e a proteção das crianças e adolescentes, os serviços essenciais, e sistemas de dados, monitorização e informação.",2024-03-04,2024-12-31,1_SPSP 1-2_OC1-3_OU1.1.1-4_SOU22,149379,As Mudanças Climáticas e os Direitos das Crianças (UNICEF),UNICEF,United Nations Children's Fund,Core Funding,Multilateral - UN organizations excluding pooled funds,,,,25000,,,,false,24800,false,,false,,false,,,,
1_SPSP 1-2_OC1,"Efeito 1: Até 2027, mais pessoas, especialmente as que vivem em situações de mais vulnerabilidade ou marginalização e as que vivem com deficiências, terão acesso equitativo e utilização de serviços sociais essenciais e de proteção de alta qualidade, resilientes, sensíveis ao género e modernos. / Outcome 1: By 2027, more people, especially those living in the most vulnerable and marginalized situations and those living with disabilities, have equitable access to and use of high-quality, resilient, gender-responsive, and modern essential social services and protection.",1_SPSP 1-2_OC1-3_OU1.1.1,"Produto 1.1.1: As instituições nacionais, os parceiros sociais e as organizações da sociedade civil, têm maiores e melhores capacidades para fornecer, inovar e fazer parcerias para a protecção social e a proteção das crianças e adolescentes, os serviços essenciais, e sistemas de dados, monitorização e informação.",2023-03-15,2024-12-31,1_SPSP 1-2_OC1-3_OU1.1.1-4_SOU23,150645,"Programa conjunto ONUDC & ONU-Habitat: Promover a sensibilização e a defesa da abordagem da segurança humana como estratégia para ultrapassar a atual crise nos Municípios da Praia, São Filipe e São Vicente em Cabo Verde (UNODC)",UNODC,United Nations Office on Drugs and Crime,,,,,,,,,,false,,false,,false,,false,,84302,,
1_SPSP 1-2_OC1,"Efeito 1: Até 2027, mais pessoas, especialmente as que vivem em situações de mais vulnerabilidade ou marginalização e as que vivem com deficiências, terão acesso equitativo e utilização de serviços sociais essenciais e de proteção de alta qualidade, resilientes, sensíveis ao género e modernos. / Outcome 1: By 2027, more people, especially those living in the most vulnerable and marginalized situations and those living with disabilities, have equitable access to and use of high-quality, resilient, gender-responsive, and modern essential social services and protection.",1_SPSP 1-2_OC1-3_OU1.1.1,"Produto 1.1.1: As instituições nacionais, os parceiros sociais e as organizações da sociedade civil, têm maiores e melhores capacidades para fornecer, inovar e fazer parcerias para a protecção social e a proteção das crianças e adolescentes, os serviços essenciais, e sistemas de dados, monitorização e informação.",2023-03-15,2024-12-31,1_SPSP 1-2_OC1-3_OU1.1.1-4_SOU23,150645,"Programa conjunto ONUDC & ONU-Habitat: Promover a sensibilização e a defesa da abordagem da segurança humana como estratégia para ultrapassar a atual crise nos Municípios da Praia, São Filipe e São Vicente em Cabo Verde (UNODC)",UNODC,United Nations Office on Drugs and Crime,UN Trust Fund for Human Security,Multilateral - Global vertical funds,,,,84302,,,,false,10000,false,,false,,false,,,,
1_SPSP 1-2_OC1,"Efeito 1: Até 2027, mais pessoas, especialmente as que vivem em situações de mais vulnerabilidade ou marginalização e as que vivem com deficiências, terão acesso equitativo e utilização de serviços sociais essenciais e de proteção de alta qualidade, resilientes, sensíveis ao género e modernos. / Outcome 1: By 2027, more people, especially those living in the most vulnerable and marginalized situations and those living with disabilities, have equitable access to and use of high-quality, resilient, gender-responsive, and modern essential social services and protection.",1_SPSP 1-2_OC1-3_OU1.1.1,"Produto 1.1.1: As instituições nacionais, os parceiros sociais e as organizações da sociedade civil, têm maiores e melhores capacidades para fornecer, inovar e fazer parcerias para a protecção social e a proteção das crianças e adolescentes, os serviços essenciais, e sistemas de dados, monitorização e informação.",2026-01-01,2026-12-31,1_SPSP 1-2_OC1-3_OU1.1.1-4_SOU111,208769,"Saúde e bem-estar impulsionados através da atuação sobre os fatores de risco e ambientais, doenças crónicas transmissíveis e não transmissíveis, incluindo a eliminação de doenças (MTCT HIV), e negligenciadas, saúde mental, promoção da saúde, ciclo de vida - 2026 (DPC)",WHO,World Health Organization,,,,,,,,,,false,,false,,false,,false,,,,144462
1_SPSP 1-2_OC1,"Efeito 1: Até 2027, mais pessoas, especialmente as que vivem em situações de mais vulnerabilidade ou marginalização e as que vivem com deficiências, terão acesso equitativo e utilização de serviços sociais essenciais e de proteção de alta qualidade, resilientes, sensíveis ao género e modernos. / Outcome 1: By 2027, more people, especially those living in the most vulnerable and marginalized situations and those living with disabilities, have equitable access to and use of high-quality, resilient, gender-responsive, and modern essential social services and protection.",1_SPSP 1-2_OC1-3_OU1.1.1,"Produto 1.1.1: As instituições nacionais, os parceiros sociais e as organizações da sociedade civil, têm maiores e melhores capacidades para fornecer, inovar e fazer parcerias para a protecção social e a proteção das crianças e adolescentes, os serviços essenciais, e sistemas de dados, monitorização e informação.",2026-01-01,2026-12-31,1_SPSP 1-2_OC1-3_OU1.1.1-4_SOU111,208769,"Saúde e bem-estar impulsionados através da atuação sobre os fatores de risco e ambientais, doenças crónicas transmissíveis e não transmissíveis, incluindo a eliminação de doenças (MTCT HIV), e negligenciadas, saúde mental, promoção da saúde, ciclo de vida - 2026 (DPC)",WHO,World Health Organization,Core Funding,Multilateral - UN organizations excluding pooled funds,,,,,,94000,,false,,false,,false,5366,false,,,,
1_SPSP 1-2_OC1,"Efeito 1: Até 2027, mais pessoas, especialmente as que vivem em situações de mais vulnerabilidade ou marginalização e as que vivem com deficiências, terão acesso equitativo e utilização de serviços sociais essenciais e de proteção de alta qualidade, resilientes, sensíveis ao género e modernos. / Outcome 1: By 2027, more people, especially those living in the most vulnerable and marginalized situations and those living with disabilities, have equitable access to and use of high-quality, resilient, gender-responsive, and modern essential social services and protection.",1_SPSP 1-2_OC1-3_OU1.1.1,"Produto 1.1.1: As instituições nacionais, os parceiros sociais e as organizações da sociedade civil, têm maiores e melhores capacidades para fornecer, inovar e fazer parcerias para a protecção social e a proteção das crianças e adolescentes, os serviços essenciais, e sistemas de dados, monitorização e informação.",2026-01-01,2026-12-31,1_SPSP 1-2_OC1-3_OU1.1.1-4_SOU112,208843,"Capacidade do país ampliada para prevenir, detetar e responder a emergências sanitárias, aumentando a resiliência e a segurança em saúde da população – 2026 (EPR) ",WHO,World Health Organization,,,,,,,,,,false,,false,,false,,false,,,,130129
1_SPSP 1-2_OC1,"Efeito 1: Até 2027, mais pessoas, especialmente as que vivem em situações de mais vulnerabilidade ou marginalização e as que vivem com deficiências, terão acesso equitativo e utilização de serviços sociais essenciais e de proteção de alta qualidade, resilientes, sensíveis ao género e modernos. / Outcome 1: By 2027, more people, especially those living in the most vulnerable and marginalized situations and those living with disabilities, have equitable access to and use of high-quality, resilient, gender-responsive, and modern essential social services and protection.",1_SPSP 1-2_OC1-3_OU1.1.1,"Produto 1.1.1: As instituições nacionais, os parceiros sociais e as organizações da sociedade civil, têm maiores e melhores capacidades para fornecer, inovar e fazer parcerias para a protecção social e a proteção das crianças e adolescentes, os serviços essenciais, e sistemas de dados, monitorização e informação.",2026-01-01,2026-12-31,1_SPSP 1-2_OC1-3_OU1.1.1-4_SOU112,208843,"Capacidade do país ampliada para prevenir, detetar e responder a emergências sanitárias, aumentando a resiliência e a segurança em saúde da população – 2026 (EPR) ",WHO,World Health Organization,Core Funding,Multilateral - UN organizations excluding pooled funds,,,,,,87872,,false,,false,,false,74019,false,,,,
1_SPSP 1-2_OC1,"Efeito 1: Até 2027, mais pessoas, especialmente as que vivem em situações de mais vulnerabilidade ou marginalização e as que vivem com deficiências, terão acesso equitativo e utilização de serviços sociais essenciais e de proteção de alta qualidade, resilientes, sensíveis ao género e modernos. / Outcome 1: By 2027, more people, especially those living in the most vulnerable and marginalized situations and those living with disabilities, have equitable access to and use of high-quality, resilient, gender-responsive, and modern essential social services and protection.",1_SPSP 1-2_OC1-3_OU1.1.1,"Produto 1.1.1: As instituições nacionais, os parceiros sociais e as organizações da sociedade civil, têm maiores e melhores capacidades para fornecer, inovar e fazer parcerias para a protecção social e a proteção das crianças e adolescentes, os serviços essenciais, e sistemas de dados, monitorização e informação.",2024-03-15,2024-12-31,1_SPSP 1-2_OC1-3_OU1.1.1-4_SOU225,174319,"Programa Conjunto ONUDC&UN-HABITAT: promover a sensibilização e a defesa da abordagem da segurança humana como estratégia para ultrapassar a atual crise nos municípios da Praia, São Filipe e S. Vicente em Cabo Verde (UN-HABITAT). ",UN-HABITAT,United Nations Human Settlement Programme,,,,,,,,,,false,,false,,false,,false,,133455,,
1_SPSP 1-2_OC1,"Efeito 1: Até 2027, mais pessoas, especialmente as que vivem em situações de mais vulnerabilidade ou marginalização e as que vivem com deficiências, terão acesso equitativo e utilização de serviços sociais essenciais e de proteção de alta qualidade, resilientes, sensíveis ao género e modernos. / Outcome 1: By 2027, more people, especially those living in the most vulnerable and marginalized situations and those living with disabilities, have equitable access to and use of high-quality, resilient, gender-responsive, and modern essential social services and protection.",1_SPSP 1-2_OC1-3_OU1.1.1,"Produto 1.1.1: As instituições nacionais, os parceiros sociais e as organizações da sociedade civil, têm maiores e melhores capacidades para fornecer, inovar e fazer parcerias para a protecção social e a proteção das crianças e adolescentes, os serviços essenciais, e sistemas de dados, monitorização e informação.",2024-03-15,2024-12-31,1_SPSP 1-2_OC1-3_OU1.1.1-4_SOU225,174319,"Programa Conjunto ONUDC&UN-HABITAT: promover a sensibilização e a defesa da abordagem da segurança humana como estratégia para ultrapassar a atual crise nos municípios da Praia, São Filipe e S. Vicente em Cabo Verde (UN-HABITAT). ",UN-HABITAT,United Nations Human Settlement Programme,UN Trust Fund for Human Security,Multilateral - Global vertical funds,,,,133455,,,,false,63597,false,,false,,false,,,,
1_SPSP 1-2_OC1,"Efeito 1: Até 2027, mais pessoas, especialmente as que vivem em situações de mais vulnerabilidade ou marginalização e as que vivem com deficiências, terão acesso equitativo e utilização de serviços sociais essenciais e de proteção de alta qualidade, resilientes, sensíveis ao género e modernos. / Outcome 1: By 2027, more people, especially those living in the most vulnerable and marginalized situations and those living with disabilities, have equitable access to and use of high-quality, resilient, gender-responsive, and modern essential social services and protection.",1_SPSP 1-2_OC1-3_OU1.1.1,"Produto 1.1.1: As instituições nacionais, os parceiros sociais e as organizações da sociedade civil, têm maiores e melhores capacidades para fornecer, inovar e fazer parcerias para a protecção social e a proteção das crianças e adolescentes, os serviços essenciais, e sistemas de dados, monitorização e informação.",2025-01-01,2025-12-31,1_SPSP 1-2_OC1-3_OU1.1.1-4_SOU226,178945,"Serviços de saúde prestados com qualidade e centrados nas pessoas, com base em estratégias de cuidados de saúde primários - 2025 (Outputs 1.1.1, 1.3.2, 1.3.3, 1.3.5) (WHO)",WHO,World Health Organization,,,,,,,,,,false,,false,,false,,false,,,204000,
1_SPSP 1-2_OC1,"Efeito 1: Até 2027, mais pessoas, especialmente as que vivem em situações de mais vulnerabilidade ou marginalização e as que vivem com deficiências, terão acesso equitativo e utilização de serviços sociais essenciais e de proteção de alta qualidade, resilientes, sensíveis ao género e modernos. / Outcome 1: By 2027, more people, especially those living in the most vulnerable and marginalized situations and those living with disabilities, have equitable access to and use of high-quality, resilient, gender-responsive, and modern essential social services and protection.",1_SPSP 1-2_OC1-3_OU1.1.1,"Produto 1.1.1: As instituições nacionais, os parceiros sociais e as organizações da sociedade civil, têm maiores e melhores capacidades para fornecer, inovar e fazer parcerias para a protecção social e a proteção das crianças e adolescentes, os serviços essenciais, e sistemas de dados, monitorização e informação.",2025-01-01,2025-12-31,1_SPSP 1-2_OC1-3_OU1.1.1-4_SOU226,178945,"Serviços de saúde prestados com qualidade e centrados nas pessoas, com base em estratégias de cuidados de saúde primários - 2025 (Outputs 1.1.1, 1.3.2, 1.3.3, 1.3.5) (WHO)",WHO,World Health Organization,World Health Organization,Multilateral - UN organizations excluding pooled funds,,,,,204000,,,false,,false,204000,false,,false,,,,
1_SPSP 1-2_OC1,"Efeito 1: Até 2027, mais pessoas, especialmente as que vivem em situações de mais vulnerabilidade ou marginalização e as que vivem com deficiências, terão acesso equitativo e utilização de serviços sociais essenciais e de proteção de alta qualidade, resilientes, sensíveis ao género e modernos. / Outcome 1: By 2027, more people, especially those living in the most vulnerable and marginalized situations and those living with disabilities, have equitable access to and use of high-quality, resilient, gender-responsive, and modern essential social services and protection.",1_SPSP 1-2_OC1-3_OU1.1.1,"Produto 1.1.1: As instituições nacionais, os parceiros sociais e as organizações da sociedade civil, têm maiores e melhores capacidades para fornecer, inovar e fazer parcerias para a protecção social e a proteção das crianças e adolescentes, os serviços essenciais, e sistemas de dados, monitorização e informação.",2025-01-01,2025-12-31,1_SPSP 1-2_OC1-3_OU1.1.1-4_SOU227,179178,Setor da saúde fornece serviços específicos para responder a determinadas condições e doenças – 2025 (Output 1.1.2) (WHO),WHO,World Health Organization,,,,,,,,,,false,,false,,false,,false,,,50100,
1_SPSP 1-2_OC1,"Efeito 1: Até 2027, mais pessoas, especialmente as que vivem em situações de mais vulnerabilidade ou marginalização e as que vivem com deficiências, terão acesso equitativo e utilização de serviços sociais essenciais e de proteção de alta qualidade, resilientes, sensíveis ao género e modernos. / Outcome 1: By 2027, more people, especially those living in the most vulnerable and marginalized situations and those living with disabilities, have equitable access to and use of high-quality, resilient, gender-responsive, and modern essential social services and protection.",1_SPSP 1-2_OC1-3_OU1.1.1,"Produto 1.1.1: As instituições nacionais, os parceiros sociais e as organizações da sociedade civil, têm maiores e melhores capacidades para fornecer, inovar e fazer parcerias para a protecção social e a proteção das crianças e adolescentes, os serviços essenciais, e sistemas de dados, monitorização e informação.",2025-01-01,2025-12-31,1_SPSP 1-2_OC1-3_OU1.1.1-4_SOU227,179178,Setor da saúde fornece serviços específicos para responder a determinadas condições e doenças – 2025 (Output 1.1.2) (WHO),WHO,World Health Organization,World Health Organization,Multilateral - UN organizations excluding pooled funds,,,,,50100,,,false,,false,50000,false,,false,,,,
1_SPSP 1-2_OC1,"Efeito 1: Até 2027, mais pessoas, especialmente as que vivem em situações de mais vulnerabilidade ou marginalização e as que vivem com deficiências, terão acesso equitativo e utilização de serviços sociais essenciais e de proteção de alta qualidade, resilientes, sensíveis ao género e modernos. / Outcome 1: By 2027, more people, especially those living in the most vulnerable and marginalized situations and those living with disabilities, have equitable access to and use of high-quality, resilient, gender-responsive, and modern essential social services and protection.",1_SPSP 1-2_OC1-3_OU1.1.1,"Produto 1.1.1: As instituições nacionais, os parceiros sociais e as organizações da sociedade civil, têm maiores e melhores capacidades para fornecer, inovar e fazer parcerias para a protecção social e a proteção das crianças e adolescentes, os serviços essenciais, e sistemas de dados, monitorização e informação.",2025-01-01,2025-12-31,1_SPSP 1-2_OC1-3_OU1.1.1-4_SOU228,179180,"Setor da saúde resiliente para actuar na preparação e resposta a emergências - 2025 (Pilar 2, PIP, EOA) (WHO)",WHO,World Health Organization,,,,,,,,,,false,,false,,false,,false,,,629375,
1_SPSP 1-2_OC1,"Efeito 1: Até 2027, mais pessoas, especialmente as que vivem em situações de mais vulnerabilidade ou marginalização e as que vivem com deficiências, terão acesso equitativo e utilização de serviços sociais essenciais e de proteção de alta qualidade, resilientes, sensíveis ao género e modernos. / Outcome 1: By 2027, more people, especially those living in the most vulnerable and marginalized situations and those living with disabilities, have equitable access to and use of high-quality, resilient, gender-responsive, and modern essential social services and protection.",1_SPSP 1-2_OC1-3_OU1.1.1,"Produto 1.1.1: As instituições nacionais, os parceiros sociais e as organizações da sociedade civil, têm maiores e melhores capacidades para fornecer, inovar e fazer parcerias para a protecção social e a proteção das crianças e adolescentes, os serviços essenciais, e sistemas de dados, monitorização e informação.",2025-01-01,2025-12-31,1_SPSP 1-2_OC1-3_OU1.1.1-4_SOU228,179180,"Setor da saúde resiliente para actuar na preparação e resposta a emergências - 2025 (Pilar 2, PIP, EOA) (WHO)",WHO,World Health Organization,World Health Organization,Multilateral - UN organizations excluding pooled funds,,,,,629375,,,false,,false,615205,false,,false,,,,
1_SPSP 1-2_OC1,"Efeito 1: Até 2027, mais pessoas, especialmente as que vivem em situações de mais vulnerabilidade ou marginalização e as que vivem com deficiências, terão acesso equitativo e utilização de serviços sociais essenciais e de proteção de alta qualidade, resilientes, sensíveis ao género e modernos. / Outcome 1: By 2027, more people, especially those living in the most vulnerable and marginalized situations and those living with disabilities, have equitable access to and use of high-quality, resilient, gender-responsive, and modern essential social services and protection.",1_SPSP 1-2_OC1-3_OU1.1.1,"Produto 1.1.1: As instituições nacionais, os parceiros sociais e as organizações da sociedade civil, têm maiores e melhores capacidades para fornecer, inovar e fazer parcerias para a protecção social e a proteção das crianças e adolescentes, os serviços essenciais, e sistemas de dados, monitorização e informação.",2025-01-01,2025-12-31,1_SPSP 1-2_OC1-3_OU1.1.1-4_SOU229,179182,"Sistemas de dados, análise e informação sanitária reforçados para informar as políticas e gerar impactos – 2025 (Output 4.1.1) (WHO)",WHO,World Health Organization,,,,,,,,,,false,,false,,false,,false,,,77000,
1_SPSP 1-2_OC1,"Efeito 1: Até 2027, mais pessoas, especialmente as que vivem em situações de mais vulnerabilidade ou marginalização e as que vivem com deficiências, terão acesso equitativo e utilização de serviços sociais essenciais e de proteção de alta qualidade, resilientes, sensíveis ao género e modernos. / Outcome 1: By 2027, more people, especially those living in the most vulnerable and marginalized situations and those living with disabilities, have equitable access to and use of high-quality, resilient, gender-responsive, and modern essential social services and protection.",1_SPSP 1-2_OC1-3_OU1.1.1,"Produto 1.1.1: As instituições nacionais, os parceiros sociais e as organizações da sociedade civil, têm maiores e melhores capacidades para fornecer, inovar e fazer parcerias para a protecção social e a proteção das crianças e adolescentes, os serviços essenciais, e sistemas de dados, monitorização e informação.",2025-01-01,2025-12-31,1_SPSP 1-2_OC1-3_OU1.1.1-4_SOU229,179182,"Sistemas de dados, análise e informação sanitária reforçados para informar as políticas e gerar impactos – 2025 (Output 4.1.1) (WHO)",WHO,World Health Organization,World Health Organization,Multilateral - UN organizations excluding pooled funds,,,,,,,,false,,false,,false,,false,,,,
1_SPSP 1-2_OC1,"Efeito 1: Até 2027, mais pessoas, especialmente as que vivem em situações de mais vulnerabilidade ou marginalização e as que vivem com deficiências, terão acesso equitativo e utilização de serviços sociais essenciais e de proteção de alta qualidade, resilientes, sensíveis ao género e modernos. / Outcome 1: By 2027, more people, especially those living in the most vulnerable and marginalized situations and those living with disabilities, have equitable access to and use of high-quality, resilient, gender-responsive, and modern essential social services and protection.",1_SPSP 1-2_OC1-3_OU1.1.1,"Produto 1.1.1: As instituições nacionais, os parceiros sociais e as organizações da sociedade civil, têm maiores e melhores capacidades para fornecer, inovar e fazer parcerias para a protecção social e a proteção das crianças e adolescentes, os serviços essenciais, e sistemas de dados, monitorização e informação.",2025-01-01,2025-12-31,1_SPSP 1-2_OC1-3_OU1.1.1-4_SOU229,179182,"Sistemas de dados, análise e informação sanitária reforçados para informar as políticas e gerar impactos – 2025 (Output 4.1.1) (WHO)",WHO,World Health Organization,Portugal,Government,,,,,67000,,,false,,false,67000,false,,false,,,,
1_SPSP 1-2_OC1,"Efeito 1: Até 2027, mais pessoas, especialmente as que vivem em situações de mais vulnerabilidade ou marginalização e as que vivem com deficiências, terão acesso equitativo e utilização de serviços sociais essenciais e de proteção de alta qualidade, resilientes, sensíveis ao género e modernos. / Outcome 1: By 2027, more people, especially those living in the most vulnerable and marginalized situations and those living with disabilities, have equitable access to and use of high-quality, resilient, gender-responsive, and modern essential social services and protection.",1_SPSP 1-2_OC1-3_OU1.1.1,"Produto 1.1.1: As instituições nacionais, os parceiros sociais e as organizações da sociedade civil, têm maiores e melhores capacidades para fornecer, inovar e fazer parcerias para a protecção social e a proteção das crianças e adolescentes, os serviços essenciais, e sistemas de dados, monitorização e informação.",2025-01-01,2026-12-31,1_SPSP 1-2_OC1-3_OU1.1.1-4_SOU230,179257," Educação infantil de qualidade e inclusiva reforçada - PAREP-CV 2025 (UNICEF, GPE) ",UNICEF,United Nations Children's Fund,,,,,,,,,,false,,false,,false,,false,,,1083000,917066
1_SPSP 1-2_OC1,"Efeito 1: Até 2027, mais pessoas, especialmente as que vivem em situações de mais vulnerabilidade ou marginalização e as que vivem com deficiências, terão acesso equitativo e utilização de serviços sociais essenciais e de proteção de alta qualidade, resilientes, sensíveis ao género e modernos. / Outcome 1: By 2027, more people, especially those living in the most vulnerable and marginalized situations and those living with disabilities, have equitable access to and use of high-quality, resilient, gender-responsive, and modern essential social services and protection.",1_SPSP 1-2_OC1-3_OU1.1.1,"Produto 1.1.1: As instituições nacionais, os parceiros sociais e as organizações da sociedade civil, têm maiores e melhores capacidades para fornecer, inovar e fazer parcerias para a protecção social e a proteção das crianças e adolescentes, os serviços essenciais, e sistemas de dados, monitorização e informação.",2025-01-01,2026-12-31,1_SPSP 1-2_OC1-3_OU1.1.1-4_SOU230,179257," Educação infantil de qualidade e inclusiva reforçada - PAREP-CV 2025 (UNICEF, GPE) ",UNICEF,United Nations Children's Fund,Global Partnership for Education,Public Private Partnership,,,,,1083000,917066,,false,,false,955972,false,763730,false,,,,
1_SPSP 1-2_OC1,"Efeito 1: Até 2027, mais pessoas, especialmente as que vivem em situações de mais vulnerabilidade ou marginalização e as que vivem com deficiências, terão acesso equitativo e utilização de serviços sociais essenciais e de proteção de alta qualidade, resilientes, sensíveis ao género e modernos. / Outcome 1: By 2027, more people, especially those living in the most vulnerable and marginalized situations and those living with disabilities, have equitable access to and use of high-quality, resilient, gender-responsive, and modern essential social services and protection.",1_SPSP 1-2_OC1-3_OU1.1.1,"Produto 1.1.1: As instituições nacionais, os parceiros sociais e as organizações da sociedade civil, têm maiores e melhores capacidades para fornecer, inovar e fazer parcerias para a protecção social e a proteção das crianças e adolescentes, os serviços essenciais, e sistemas de dados, monitorização e informação.",2025-01-01,2026-12-31,1_SPSP 1-2_OC1-3_OU1.1.1-4_SOU231,179258," Reforçada a qualidade da educação e das capacidades de produção e vulgarização de conhecimento para o desenvolvimento sustentável  2025 (UNICEF, UNFPA, Akelius)",UNFPA,United Nations Population Fund,,,,,,,,,,false,,false,,false,,false,,,40000,20000
1_SPSP 1-2_OC1,"Efeito 1: Até 2027, mais pessoas, especialmente as que vivem em situações de mais vulnerabilidade ou marginalização e as que vivem com deficiências, terão acesso equitativo e utilização de serviços sociais essenciais e de proteção de alta qualidade, resilientes, sensíveis ao género e modernos. / Outcome 1: By 2027, more people, especially those living in the most vulnerable and marginalized situations and those living with disabilities, have equitable access to and use of high-quality, resilient, gender-responsive, and modern essential social services and protection.",1_SPSP 1-2_OC1-3_OU1.1.1,"Produto 1.1.1: As instituições nacionais, os parceiros sociais e as organizações da sociedade civil, têm maiores e melhores capacidades para fornecer, inovar e fazer parcerias para a protecção social e a proteção das crianças e adolescentes, os serviços essenciais, e sistemas de dados, monitorização e informação.",2025-01-01,2026-12-31,1_SPSP 1-2_OC1-3_OU1.1.1-4_SOU231,179258," Reforçada a qualidade da educação e das capacidades de produção e vulgarização de conhecimento para o desenvolvimento sustentável  2025 (UNICEF, UNFPA, Akelius)",UNFPA,United Nations Population Fund,United Nations Population Fund,Multilateral - UN organizations excluding pooled funds,,,,,20000,10000,,false,,false,20000,false,,false,,,,
1_SPSP 1-2_OC1,"Efeito 1: Até 2027, mais pessoas, especialmente as que vivem em situações de mais vulnerabilidade ou marginalização e as que vivem com deficiências, terão acesso equitativo e utilização de serviços sociais essenciais e de proteção de alta qualidade, resilientes, sensíveis ao género e modernos. / Outcome 1: By 2027, more people, especially those living in the most vulnerable and marginalized situations and those living with disabilities, have equitable access to and use of high-quality, resilient, gender-responsive, and modern essential social services and protection.",1_SPSP 1-2_OC1-3_OU1.1.1,"Produto 1.1.1: As instituições nacionais, os parceiros sociais e as organizações da sociedade civil, têm maiores e melhores capacidades para fornecer, inovar e fazer parcerias para a protecção social e a proteção das crianças e adolescentes, os serviços essenciais, e sistemas de dados, monitorização e informação.",2025-01-01,2026-12-31,1_SPSP 1-2_OC1-3_OU1.1.1-4_SOU231,179258," Reforçada a qualidade da educação e das capacidades de produção e vulgarização de conhecimento para o desenvolvimento sustentável  2025 (UNICEF, UNFPA, Akelius)",UNFPA,United Nations Population Fund,United Nations Children's Fund,Multilateral - UN organizations excluding pooled funds,,,,,,,,false,,false,,false,,false,,,,
1_SPSP 1-2_OC1,"Efeito 1: Até 2027, mais pessoas, especialmente as que vivem em situações de mais vulnerabilidade ou marginalização e as que vivem com deficiências, terão acesso equitativo e utilização de serviços sociais essenciais e de proteção de alta qualidade, resilientes, sensíveis ao género e modernos. / Outcome 1: By 2027, more people, especially those living in the most vulnerable and marginalized situations and those living with disabilities, have equitable access to and use of high-quality, resilient, gender-responsive, and modern essential social services and protection.",1_SPSP 1-2_OC1-3_OU1.1.1,"Produto 1.1.1: As instituições nacionais, os parceiros sociais e as organizações da sociedade civil, têm maiores e melhores capacidades para fornecer, inovar e fazer parcerias para a protecção social e a proteção das crianças e adolescentes, os serviços essenciais, e sistemas de dados, monitorização e informação.",2025-01-01,2026-12-31,1_SPSP 1-2_OC1-3_OU1.1.1-4_SOU231,179258," Reforçada a qualidade da educação e das capacidades de produção e vulgarização de conhecimento para o desenvolvimento sustentável  2025 (UNICEF, UNFPA, Akelius)",UNFPA,United Nations Population Fund,AKELIUS Foundation,Foundation,,,,,,,,false,,false,,false,,false,,,,
1_SPSP 1-2_OC1,"Efeito 1: Até 2027, mais pessoas, especialmente as que vivem em situações de mais vulnerabilidade ou marginalização e as que vivem com deficiências, terão acesso equitativo e utilização de serviços sociais essenciais e de proteção de alta qualidade, resilientes, sensíveis ao género e modernos. / Outcome 1: By 2027, more people, especially those living in the most vulnerable and marginalized situations and those living with disabilities, have equitable access to and use of high-quality, resilient, gender-responsive, and modern essential social services and protection.",1_SPSP 1-2_OC1-3_OU1.1.1,"Produto 1.1.1: As instituições nacionais, os parceiros sociais e as organizações da sociedade civil, têm maiores e melhores capacidades para fornecer, inovar e fazer parcerias para a protecção social e a proteção das crianças e adolescentes, os serviços essenciais, e sistemas de dados, monitorização e informação.",2025-01-01,2026-12-31,1_SPSP 1-2_OC1-3_OU1.1.1-4_SOU231,179258," Reforçada a qualidade da educação e das capacidades de produção e vulgarização de conhecimento para o desenvolvimento sustentável  2025 (UNICEF, UNFPA, Akelius)",UNFPA,United Nations Population Fund,US NatCom,Private Sector,,,,,,,,false,,false,,false,,false,,,,
1_SPSP 1-2_OC1,"Efeito 1: Até 2027, mais pessoas, especialmente as que vivem em situações de mais vulnerabilidade ou marginalização e as que vivem com deficiências, terão acesso equitativo e utilização de serviços sociais essenciais e de proteção de alta qualidade, resilientes, sensíveis ao género e modernos. / Outcome 1: By 2027, more people, especially those living in the most vulnerable and marginalized situations and those living with disabilities, have equitable access to and use of high-quality, resilient, gender-responsive, and modern essential social services and protection.",1_SPSP 1-2_OC1-3_OU1.1.1,"Produto 1.1.1: As instituições nacionais, os parceiros sociais e as organizações da sociedade civil, têm maiores e melhores capacidades para fornecer, inovar e fazer parcerias para a protecção social e a proteção das crianças e adolescentes, os serviços essenciais, e sistemas de dados, monitorização e informação.",2025-01-01,2026-12-31,1_SPSP 1-2_OC1-3_OU1.1.1-4_SOU231,179258," Reforçada a qualidade da educação e das capacidades de produção e vulgarização de conhecimento para o desenvolvimento sustentável  2025 (UNICEF, UNFPA, Akelius)",UNFPA,United Nations Population Fund,Luxembourg Committee for UNICEF,International NGO,,,,,,,,false,,false,,false,,false,,,,
1_SPSP 1-2_OC1,"Efeito 1: Até 2027, mais pessoas, especialmente as que vivem em situações de mais vulnerabilidade ou marginalização e as que vivem com deficiências, terão acesso equitativo e utilização de serviços sociais essenciais e de proteção de alta qualidade, resilientes, sensíveis ao género e modernos. / Outcome 1: By 2027, more people, especially those living in the most vulnerable and marginalized situations and those living with disabilities, have equitable access to and use of high-quality, resilient, gender-responsive, and modern essential social services and protection.",1_SPSP 1-2_OC1-3_OU1.1.1,"Produto 1.1.1: As instituições nacionais, os parceiros sociais e as organizações da sociedade civil, têm maiores e melhores capacidades para fornecer, inovar e fazer parcerias para a protecção social e a proteção das crianças e adolescentes, os serviços essenciais, e sistemas de dados, monitorização e informação.",2025-01-01,2026-12-31,1_SPSP 1-2_OC1-3_OU1.1.1-4_SOU231,179258," Reforçada a qualidade da educação e das capacidades de produção e vulgarização de conhecimento para o desenvolvimento sustentável  2025 (UNICEF, UNFPA, Akelius)",UNFPA,United Nations Population Fund,Uni-CV - Universidade de Cabo Verde,"Academic, Training and Research",,,,,,10000,,false,,false,,false,,false,,,,
1_SPSP 1-2_OC1,"Efeito 1: Até 2027, mais pessoas, especialmente as que vivem em situações de mais vulnerabilidade ou marginalização e as que vivem com deficiências, terão acesso equitativo e utilização de serviços sociais essenciais e de proteção de alta qualidade, resilientes, sensíveis ao género e modernos. / Outcome 1: By 2027, more people, especially those living in the most vulnerable and marginalized situations and those living with disabilities, have equitable access to and use of high-quality, resilient, gender-responsive, and modern essential social services and protection.",1_SPSP 1-2_OC1-3_OU1.1.1,"Produto 1.1.1: As instituições nacionais, os parceiros sociais e as organizações da sociedade civil, têm maiores e melhores capacidades para fornecer, inovar e fazer parcerias para a protecção social e a proteção das crianças e adolescentes, os serviços essenciais, e sistemas de dados, monitorização e informação.",2025-01-01,2026-12-31,1_SPSP 1-2_OC1-3_OU1.1.1-4_SOU231,179258," Reforçada a qualidade da educação e das capacidades de produção e vulgarização de conhecimento para o desenvolvimento sustentável  2025 (UNICEF, UNFPA, Akelius)",UNICEF,United Nations Children's Fund,,,,,,,,,,false,,false,,false,,false,,,660000,397924
1_SPSP 1-2_OC1,"Efeito 1: Até 2027, mais pessoas, especialmente as que vivem em situações de mais vulnerabilidade ou marginalização e as que vivem com deficiências, terão acesso equitativo e utilização de serviços sociais essenciais e de proteção de alta qualidade, resilientes, sensíveis ao género e modernos. / Outcome 1: By 2027, more people, especially those living in the most vulnerable and marginalized situations and those living with disabilities, have equitable access to and use of high-quality, resilient, gender-responsive, and modern essential social services and protection.",1_SPSP 1-2_OC1-3_OU1.1.1,"Produto 1.1.1: As instituições nacionais, os parceiros sociais e as organizações da sociedade civil, têm maiores e melhores capacidades para fornecer, inovar e fazer parcerias para a protecção social e a proteção das crianças e adolescentes, os serviços essenciais, e sistemas de dados, monitorização e informação.",2025-01-01,2026-12-31,1_SPSP 1-2_OC1-3_OU1.1.1-4_SOU231,179258," Reforçada a qualidade da educação e das capacidades de produção e vulgarização de conhecimento para o desenvolvimento sustentável  2025 (UNICEF, UNFPA, Akelius)",UNICEF,United Nations Children's Fund,United Nations Population Fund,Multilateral - UN organizations excluding pooled funds,,,,,,,,false,,false,,false,,false,,,,
1_SPSP 1-2_OC1,"Efeito 1: Até 2027, mais pessoas, especialmente as que vivem em situações de mais vulnerabilidade ou marginalização e as que vivem com deficiências, terão acesso equitativo e utilização de serviços sociais essenciais e de proteção de alta qualidade, resilientes, sensíveis ao género e modernos. / Outcome 1: By 2027, more people, especially those living in the most vulnerable and marginalized situations and those living with disabilities, have equitable access to and use of high-quality, resilient, gender-responsive, and modern essential social services and protection.",1_SPSP 1-2_OC1-3_OU1.1.1,"Produto 1.1.1: As instituições nacionais, os parceiros sociais e as organizações da sociedade civil, têm maiores e melhores capacidades para fornecer, inovar e fazer parcerias para a protecção social e a proteção das crianças e adolescentes, os serviços essenciais, e sistemas de dados, monitorização e informação.",2025-01-01,2026-12-31,1_SPSP 1-2_OC1-3_OU1.1.1-4_SOU231,179258," Reforçada a qualidade da educação e das capacidades de produção e vulgarização de conhecimento para o desenvolvimento sustentável  2025 (UNICEF, UNFPA, Akelius)",UNICEF,United Nations Children's Fund,United Nations Children's Fund,Multilateral - UN organizations excluding pooled funds,,,,,451718,130000,,false,,false,447618,false,44654,false,,,,
1_SPSP 1-2_OC1,"Efeito 1: Até 2027, mais pessoas, especialmente as que vivem em situações de mais vulnerabilidade ou marginalização e as que vivem com deficiências, terão acesso equitativo e utilização de serviços sociais essenciais e de proteção de alta qualidade, resilientes, sensíveis ao género e modernos. / Outcome 1: By 2027, more people, especially those living in the most vulnerable and marginalized situations and those living with disabilities, have equitable access to and use of high-quality, resilient, gender-responsive, and modern essential social services and protection.",1_SPSP 1-2_OC1-3_OU1.1.1,"Produto 1.1.1: As instituições nacionais, os parceiros sociais e as organizações da sociedade civil, têm maiores e melhores capacidades para fornecer, inovar e fazer parcerias para a protecção social e a proteção das crianças e adolescentes, os serviços essenciais, e sistemas de dados, monitorização e informação.",2025-01-01,2026-12-31,1_SPSP 1-2_OC1-3_OU1.1.1-4_SOU231,179258," Reforçada a qualidade da educação e das capacidades de produção e vulgarização de conhecimento para o desenvolvimento sustentável  2025 (UNICEF, UNFPA, Akelius)",UNICEF,United Nations Children's Fund,AKELIUS Foundation,Foundation,,,,,200900,212608,,false,,false,175000,false,196716,false,,,,
1_SPSP 1-2_OC1,"Efeito 1: Até 2027, mais pessoas, especialmente as que vivem em situações de mais vulnerabilidade ou marginalização e as que vivem com deficiências, terão acesso equitativo e utilização de serviços sociais essenciais e de proteção de alta qualidade, resilientes, sensíveis ao género e modernos. / Outcome 1: By 2027, more people, especially those living in the most vulnerable and marginalized situations and those living with disabilities, have equitable access to and use of high-quality, resilient, gender-responsive, and modern essential social services and protection.",1_SPSP 1-2_OC1-3_OU1.1.1,"Produto 1.1.1: As instituições nacionais, os parceiros sociais e as organizações da sociedade civil, têm maiores e melhores capacidades para fornecer, inovar e fazer parcerias para a protecção social e a proteção das crianças e adolescentes, os serviços essenciais, e sistemas de dados, monitorização e informação.",2025-01-01,2026-12-31,1_SPSP 1-2_OC1-3_OU1.1.1-4_SOU231,179258," Reforçada a qualidade da educação e das capacidades de produção e vulgarização de conhecimento para o desenvolvimento sustentável  2025 (UNICEF, UNFPA, Akelius)",UNICEF,United Nations Children's Fund,US NatCom,Private Sector,,,,,,48000,,false,,false,,false,43000,false,,,,
1_SPSP 1-2_OC1,"Efeito 1: Até 2027, mais pessoas, especialmente as que vivem em situações de mais vulnerabilidade ou marginalização e as que vivem com deficiências, terão acesso equitativo e utilização de serviços sociais essenciais e de proteção de alta qualidade, resilientes, sensíveis ao género e modernos. / Outcome 1: By 2027, more people, especially those living in the most vulnerable and marginalized situations and those living with disabilities, have equitable access to and use of high-quality, resilient, gender-responsive, and modern essential social services and protection.",1_SPSP 1-2_OC1-3_OU1.1.1,"Produto 1.1.1: As instituições nacionais, os parceiros sociais e as organizações da sociedade civil, têm maiores e melhores capacidades para fornecer, inovar e fazer parcerias para a protecção social e a proteção das crianças e adolescentes, os serviços essenciais, e sistemas de dados, monitorização e informação.",2025-01-01,2026-12-31,1_SPSP 1-2_OC1-3_OU1.1.1-4_SOU231,179258," Reforçada a qualidade da educação e das capacidades de produção e vulgarização de conhecimento para o desenvolvimento sustentável  2025 (UNICEF, UNFPA, Akelius)",UNICEF,United Nations Children's Fund,Luxembourg Committee for UNICEF,International NGO,,,,,,7000,,false,,false,,false,762,false,,,,
1_SPSP 1-2_OC1,"Efeito 1: Até 2027, mais pessoas, especialmente as que vivem em situações de mais vulnerabilidade ou marginalização e as que vivem com deficiências, terão acesso equitativo e utilização de serviços sociais essenciais e de proteção de alta qualidade, resilientes, sensíveis ao género e modernos. / Outcome 1: By 2027, more people, especially those living in the most vulnerable and marginalized situations and those living with disabilities, have equitable access to and use of high-quality, resilient, gender-responsive, and modern essential social services and protection.",1_SPSP 1-2_OC1-3_OU1.1.1,"Produto 1.1.1: As instituições nacionais, os parceiros sociais e as organizações da sociedade civil, têm maiores e melhores capacidades para fornecer, inovar e fazer parcerias para a protecção social e a proteção das crianças e adolescentes, os serviços essenciais, e sistemas de dados, monitorização e informação.",2025-01-01,2026-12-31,1_SPSP 1-2_OC1-3_OU1.1.1-4_SOU231,179258," Reforçada a qualidade da educação e das capacidades de produção e vulgarização de conhecimento para o desenvolvimento sustentável  2025 (UNICEF, UNFPA, Akelius)",UNICEF,United Nations Children's Fund,Uni-CV - Universidade de Cabo Verde,"Academic, Training and Research",,,,,,,,false,,false,,false,,false,,,,
1_SPSP 1-2_OC1,"Efeito 1: Até 2027, mais pessoas, especialmente as que vivem em situações de mais vulnerabilidade ou marginalização e as que vivem com deficiências, terão acesso equitativo e utilização de serviços sociais essenciais e de proteção de alta qualidade, resilientes, sensíveis ao género e modernos. / Outcome 1: By 2027, more people, especially those living in the most vulnerable and marginalized situations and those living with disabilities, have equitable access to and use of high-quality, resilient, gender-responsive, and modern essential social services and protection.",1_SPSP 1-2_OC1-3_OU1.1.1,"Produto 1.1.1: As instituições nacionais, os parceiros sociais e as organizações da sociedade civil, têm maiores e melhores capacidades para fornecer, inovar e fazer parcerias para a protecção social e a proteção das crianças e adolescentes, os serviços essenciais, e sistemas de dados, monitorização e informação.",2025-01-01,2026-12-31,1_SPSP 1-2_OC1-3_OU1.1.1-4_SOU236,179264,"Apoio à implementação de ações climáticas sensíveis às crianças a nível nacional e local-2025  (Output 2.2, 2.3) (UNDP)	",UNICEF,United Nations Children's Fund,,,,,,,,,,false,,false,,false,,true,,,102000,60000
1_SPSP 1-2_OC1,"Efeito 1: Até 2027, mais pessoas, especialmente as que vivem em situações de mais vulnerabilidade ou marginalização e as que vivem com deficiências, terão acesso equitativo e utilização de serviços sociais essenciais e de proteção de alta qualidade, resilientes, sensíveis ao género e modernos. / Outcome 1: By 2027, more people, especially those living in the most vulnerable and marginalized situations and those living with disabilities, have equitable access to and use of high-quality, resilient, gender-responsive, and modern essential social services and protection.",1_SPSP 1-2_OC1-3_OU1.1.1,"Produto 1.1.1: As instituições nacionais, os parceiros sociais e as organizações da sociedade civil, têm maiores e melhores capacidades para fornecer, inovar e fazer parcerias para a protecção social e a proteção das crianças e adolescentes, os serviços essenciais, e sistemas de dados, monitorização e informação.",2025-01-01,2026-12-31,1_SPSP 1-2_OC1-3_OU1.1.1-4_SOU236,179264,"Apoio à implementação de ações climáticas sensíveis às crianças a nível nacional e local-2025  (Output 2.2, 2.3) (UNDP)	",UNICEF,United Nations Children's Fund,United Nations Children's Fund,Multilateral - UN organizations excluding pooled funds,,,,,102000,60000,,false,,false,101500,false,10000,true,,,,
1_SPSP 1-2_OC1,"Efeito 1: Até 2027, mais pessoas, especialmente as que vivem em situações de mais vulnerabilidade ou marginalização e as que vivem com deficiências, terão acesso equitativo e utilização de serviços sociais essenciais e de proteção de alta qualidade, resilientes, sensíveis ao género e modernos. / Outcome 1: By 2027, more people, especially those living in the most vulnerable and marginalized situations and those living with disabilities, have equitable access to and use of high-quality, resilient, gender-responsive, and modern essential social services and protection.",1_SPSP 1-2_OC1-3_OU1.1.1,"Produto 1.1.1: As instituições nacionais, os parceiros sociais e as organizações da sociedade civil, têm maiores e melhores capacidades para fornecer, inovar e fazer parcerias para a protecção social e a proteção das crianças e adolescentes, os serviços essenciais, e sistemas de dados, monitorização e informação.",2025-01-01,2026-12-31,1_SPSP 1-2_OC1-3_OU1.1.1-4_SOU239,179266,"As competências técnicas e institucionais dos principais parceiros que compõem o sistema de proteção da criança são reforçadas e os principais Instrumentos Legais e de Estruturação do Sistema de Proteção da Criança são elaboradas, aprovadas e/ou em implementação - 2025 (UNICEF). ",UNICEF,United Nations Children's Fund,,,,,,,,,,false,,false,,false,,true,,,180000,101000
1_SPSP 1-2_OC1,"Efeito 1: Até 2027, mais pessoas, especialmente as que vivem em situações de mais vulnerabilidade ou marginalização e as que vivem com deficiências, terão acesso equitativo e utilização de serviços sociais essenciais e de proteção de alta qualidade, resilientes, sensíveis ao género e modernos. / Outcome 1: By 2027, more people, especially those living in the most vulnerable and marginalized situations and those living with disabilities, have equitable access to and use of high-quality, resilient, gender-responsive, and modern essential social services and protection.",1_SPSP 1-2_OC1-3_OU1.1.1,"Produto 1.1.1: As instituições nacionais, os parceiros sociais e as organizações da sociedade civil, têm maiores e melhores capacidades para fornecer, inovar e fazer parcerias para a protecção social e a proteção das crianças e adolescentes, os serviços essenciais, e sistemas de dados, monitorização e informação.",2025-01-01,2026-12-31,1_SPSP 1-2_OC1-3_OU1.1.1-4_SOU239,179266,"As competências técnicas e institucionais dos principais parceiros que compõem o sistema de proteção da criança são reforçadas e os principais Instrumentos Legais e de Estruturação do Sistema de Proteção da Criança são elaboradas, aprovadas e/ou em implementação - 2025 (UNICEF). ",UNICEF,United Nations Children's Fund,Core Funding,Multilateral - UN organizations excluding pooled funds,,,,,180000,101000,,false,,false,179500,false,61000,true,,,,
1_SPSP 1-2_OC1,"Efeito 1: Até 2027, mais pessoas, especialmente as que vivem em situações de mais vulnerabilidade ou marginalização e as que vivem com deficiências, terão acesso equitativo e utilização de serviços sociais essenciais e de proteção de alta qualidade, resilientes, sensíveis ao género e modernos. / Outcome 1: By 2027, more people, especially those living in the most vulnerable and marginalized situations and those living with disabilities, have equitable access to and use of high-quality, resilient, gender-responsive, and modern essential social services and protection.",1_SPSP 1-2_OC1-3_OU1.1.1,"Produto 1.1.1: As instituições nacionais, os parceiros sociais e as organizações da sociedade civil, têm maiores e melhores capacidades para fornecer, inovar e fazer parcerias para a protecção social e a proteção das crianças e adolescentes, os serviços essenciais, e sistemas de dados, monitorização e informação.",2025-01-01,2026-12-31,1_SPSP 1-2_OC1-3_OU1.1.1-4_SOU240,179267," As ações para prevenir e combater a violência contra crianças e adolescentes, com ênfase para o abuso e a exploração sexual são reforçadas e operacionalizadas e o poder local reforça e integração de ações de proteção da criança nos planos municipais e em outros instrumentos de gestão. ",UNICEF,United Nations Children's Fund,,,,,,,,,,false,,false,,false,,true,,,187000,140000
1_SPSP 1-2_OC1,"Efeito 1: Até 2027, mais pessoas, especialmente as que vivem em situações de mais vulnerabilidade ou marginalização e as que vivem com deficiências, terão acesso equitativo e utilização de serviços sociais essenciais e de proteção de alta qualidade, resilientes, sensíveis ao género e modernos. / Outcome 1: By 2027, more people, especially those living in the most vulnerable and marginalized situations and those living with disabilities, have equitable access to and use of high-quality, resilient, gender-responsive, and modern essential social services and protection.",1_SPSP 1-2_OC1-3_OU1.1.1,"Produto 1.1.1: As instituições nacionais, os parceiros sociais e as organizações da sociedade civil, têm maiores e melhores capacidades para fornecer, inovar e fazer parcerias para a protecção social e a proteção das crianças e adolescentes, os serviços essenciais, e sistemas de dados, monitorização e informação.",2025-01-01,2026-12-31,1_SPSP 1-2_OC1-3_OU1.1.1-4_SOU240,179267," As ações para prevenir e combater a violência contra crianças e adolescentes, com ênfase para o abuso e a exploração sexual são reforçadas e operacionalizadas e o poder local reforça e integração de ações de proteção da criança nos planos municipais e em outros instrumentos de gestão. ",UNICEF,United Nations Children's Fund,Core Funding,Multilateral - UN organizations excluding pooled funds,,,,,187000,140000,,false,,false,186469,false,60242,true,,,,
1_SPSP 1-2_OC1,"Efeito 1: Até 2027, mais pessoas, especialmente as que vivem em situações de mais vulnerabilidade ou marginalização e as que vivem com deficiências, terão acesso equitativo e utilização de serviços sociais essenciais e de proteção de alta qualidade, resilientes, sensíveis ao género e modernos. / Outcome 1: By 2027, more people, especially those living in the most vulnerable and marginalized situations and those living with disabilities, have equitable access to and use of high-quality, resilient, gender-responsive, and modern essential social services and protection.",1_SPSP 1-2_OC1-3_OU1.1.1,"Produto 1.1.1: As instituições nacionais, os parceiros sociais e as organizações da sociedade civil, têm maiores e melhores capacidades para fornecer, inovar e fazer parcerias para a protecção social e a proteção das crianças e adolescentes, os serviços essenciais, e sistemas de dados, monitorização e informação.",2025-01-01,2026-12-31,1_SPSP 1-2_OC1-3_OU1.1.1-4_SOU240,179267," As ações para prevenir e combater a violência contra crianças e adolescentes, com ênfase para o abuso e a exploração sexual são reforçadas e operacionalizadas e o poder local reforça e integração de ações de proteção da criança nos planos municipais e em outros instrumentos de gestão. ",UNFPA,United Nations Population Fund,,,,,,,,,,false,,false,,false,,false,,,,16000
1_SPSP 1-2_OC1,"Efeito 1: Até 2027, mais pessoas, especialmente as que vivem em situações de mais vulnerabilidade ou marginalização e as que vivem com deficiências, terão acesso equitativo e utilização de serviços sociais essenciais e de proteção de alta qualidade, resilientes, sensíveis ao género e modernos. / Outcome 1: By 2027, more people, especially those living in the most vulnerable and marginalized situations and those living with disabilities, have equitable access to and use of high-quality, resilient, gender-responsive, and modern essential social services and protection.",1_SPSP 1-2_OC1-3_OU1.1.1,"Produto 1.1.1: As instituições nacionais, os parceiros sociais e as organizações da sociedade civil, têm maiores e melhores capacidades para fornecer, inovar e fazer parcerias para a protecção social e a proteção das crianças e adolescentes, os serviços essenciais, e sistemas de dados, monitorização e informação.",2025-01-01,2026-12-31,1_SPSP 1-2_OC1-3_OU1.1.1-4_SOU240,179267," As ações para prevenir e combater a violência contra crianças e adolescentes, com ênfase para o abuso e a exploração sexual são reforçadas e operacionalizadas e o poder local reforça e integração de ações de proteção da criança nos planos municipais e em outros instrumentos de gestão. ",UNFPA,United Nations Population Fund,Core Funding,Multilateral - UN organizations excluding pooled funds,,,,,,16000,,false,,false,,false,,false,,,,
1_SPSP 1-2_OC1,"Efeito 1: Até 2027, mais pessoas, especialmente as que vivem em situações de mais vulnerabilidade ou marginalização e as que vivem com deficiências, terão acesso equitativo e utilização de serviços sociais essenciais e de proteção de alta qualidade, resilientes, sensíveis ao género e modernos. / Outcome 1: By 2027, more people, especially those living in the most vulnerable and marginalized situations and those living with disabilities, have equitable access to and use of high-quality, resilient, gender-responsive, and modern essential social services and protection.",1_SPSP 1-2_OC1-3_OU1.1.1,"Produto 1.1.1: As instituições nacionais, os parceiros sociais e as organizações da sociedade civil, têm maiores e melhores capacidades para fornecer, inovar e fazer parcerias para a protecção social e a proteção das crianças e adolescentes, os serviços essenciais, e sistemas de dados, monitorização e informação.",2025-01-01,2026-12-31,1_SPSP 1-2_OC1-3_OU1.1.1-4_SOU241,179325,"Planificação, gestão estratégica, e financiamento inovador dos programas de Saúde da Criança, do Adolescente e Saúde Sexual e Reprodutiva, reforçados e ancorados em dados programáticos (SIS) atuais e de qualidade.  ",UNFPA,United Nations Population Fund,,,,,,,,,,false,,false,,false,,false,,,150887,35000
1_SPSP 1-2_OC1,"Efeito 1: Até 2027, mais pessoas, especialmente as que vivem em situações de mais vulnerabilidade ou marginalização e as que vivem com deficiências, terão acesso equitativo e utilização de serviços sociais essenciais e de proteção de alta qualidade, resilientes, sensíveis ao género e modernos. / Outcome 1: By 2027, more people, especially those living in the most vulnerable and marginalized situations and those living with disabilities, have equitable access to and use of high-quality, resilient, gender-responsive, and modern essential social services and protection.",1_SPSP 1-2_OC1-3_OU1.1.1,"Produto 1.1.1: As instituições nacionais, os parceiros sociais e as organizações da sociedade civil, têm maiores e melhores capacidades para fornecer, inovar e fazer parcerias para a protecção social e a proteção das crianças e adolescentes, os serviços essenciais, e sistemas de dados, monitorização e informação.",2025-01-01,2026-12-31,1_SPSP 1-2_OC1-3_OU1.1.1-4_SOU241,179325,"Planificação, gestão estratégica, e financiamento inovador dos programas de Saúde da Criança, do Adolescente e Saúde Sexual e Reprodutiva, reforçados e ancorados em dados programáticos (SIS) atuais e de qualidade.  ",UNFPA,United Nations Population Fund,United Nations Population Fund,Multilateral - UN organizations excluding pooled funds,,,,,150887,35000,,false,,false,142124,false,21000,false,,,,
1_SPSP 1-2_OC1,"Efeito 1: Até 2027, mais pessoas, especialmente as que vivem em situações de mais vulnerabilidade ou marginalização e as que vivem com deficiências, terão acesso equitativo e utilização de serviços sociais essenciais e de proteção de alta qualidade, resilientes, sensíveis ao género e modernos. / Outcome 1: By 2027, more people, especially those living in the most vulnerable and marginalized situations and those living with disabilities, have equitable access to and use of high-quality, resilient, gender-responsive, and modern essential social services and protection.",1_SPSP 1-2_OC1-3_OU1.1.1,"Produto 1.1.1: As instituições nacionais, os parceiros sociais e as organizações da sociedade civil, têm maiores e melhores capacidades para fornecer, inovar e fazer parcerias para a protecção social e a proteção das crianças e adolescentes, os serviços essenciais, e sistemas de dados, monitorização e informação.",2025-01-01,2026-12-31,1_SPSP 1-2_OC1-3_OU1.1.1-4_SOU241,179325,"Planificação, gestão estratégica, e financiamento inovador dos programas de Saúde da Criança, do Adolescente e Saúde Sexual e Reprodutiva, reforçados e ancorados em dados programáticos (SIS) atuais e de qualidade.  ",UNFPA,United Nations Population Fund,United Nations Children's Fund,Multilateral - UN organizations excluding pooled funds,,,,,,,,false,,false,,false,,false,,,,
1_SPSP 1-2_OC1,"Efeito 1: Até 2027, mais pessoas, especialmente as que vivem em situações de mais vulnerabilidade ou marginalização e as que vivem com deficiências, terão acesso equitativo e utilização de serviços sociais essenciais e de proteção de alta qualidade, resilientes, sensíveis ao género e modernos. / Outcome 1: By 2027, more people, especially those living in the most vulnerable and marginalized situations and those living with disabilities, have equitable access to and use of high-quality, resilient, gender-responsive, and modern essential social services and protection.",1_SPSP 1-2_OC1-3_OU1.1.1,"Produto 1.1.1: As instituições nacionais, os parceiros sociais e as organizações da sociedade civil, têm maiores e melhores capacidades para fornecer, inovar e fazer parcerias para a protecção social e a proteção das crianças e adolescentes, os serviços essenciais, e sistemas de dados, monitorização e informação.",2025-01-01,2026-12-31,1_SPSP 1-2_OC1-3_OU1.1.1-4_SOU241,179325,"Planificação, gestão estratégica, e financiamento inovador dos programas de Saúde da Criança, do Adolescente e Saúde Sexual e Reprodutiva, reforçados e ancorados em dados programáticos (SIS) atuais e de qualidade.  ",UNFPA,United Nations Population Fund,Luxembourg Committee for UNICEF,International NGO,,,,,,,,false,,false,,false,,false,,,,
1_SPSP 1-2_OC1,"Efeito 1: Até 2027, mais pessoas, especialmente as que vivem em situações de mais vulnerabilidade ou marginalização e as que vivem com deficiências, terão acesso equitativo e utilização de serviços sociais essenciais e de proteção de alta qualidade, resilientes, sensíveis ao género e modernos. / Outcome 1: By 2027, more people, especially those living in the most vulnerable and marginalized situations and those living with disabilities, have equitable access to and use of high-quality, resilient, gender-responsive, and modern essential social services and protection.",1_SPSP 1-2_OC1-3_OU1.1.1,"Produto 1.1.1: As instituições nacionais, os parceiros sociais e as organizações da sociedade civil, têm maiores e melhores capacidades para fornecer, inovar e fazer parcerias para a protecção social e a proteção das crianças e adolescentes, os serviços essenciais, e sistemas de dados, monitorização e informação.",2025-01-01,2026-12-31,1_SPSP 1-2_OC1-3_OU1.1.1-4_SOU241,179325,"Planificação, gestão estratégica, e financiamento inovador dos programas de Saúde da Criança, do Adolescente e Saúde Sexual e Reprodutiva, reforçados e ancorados em dados programáticos (SIS) atuais e de qualidade.  ",UNICEF,United Nations Children's Fund,,,,,,,,,,false,,false,,false,,false,,,69789,55000
1_SPSP 1-2_OC1,"Efeito 1: Até 2027, mais pessoas, especialmente as que vivem em situações de mais vulnerabilidade ou marginalização e as que vivem com deficiências, terão acesso equitativo e utilização de serviços sociais essenciais e de proteção de alta qualidade, resilientes, sensíveis ao género e modernos. / Outcome 1: By 2027, more people, especially those living in the most vulnerable and marginalized situations and those living with disabilities, have equitable access to and use of high-quality, resilient, gender-responsive, and modern essential social services and protection.",1_SPSP 1-2_OC1-3_OU1.1.1,"Produto 1.1.1: As instituições nacionais, os parceiros sociais e as organizações da sociedade civil, têm maiores e melhores capacidades para fornecer, inovar e fazer parcerias para a protecção social e a proteção das crianças e adolescentes, os serviços essenciais, e sistemas de dados, monitorização e informação.",2025-01-01,2026-12-31,1_SPSP 1-2_OC1-3_OU1.1.1-4_SOU241,179325,"Planificação, gestão estratégica, e financiamento inovador dos programas de Saúde da Criança, do Adolescente e Saúde Sexual e Reprodutiva, reforçados e ancorados em dados programáticos (SIS) atuais e de qualidade.  ",UNICEF,United Nations Children's Fund,United Nations Population Fund,Multilateral - UN organizations excluding pooled funds,,,,,,55000,,false,,false,,false,30000,false,,,,
1_SPSP 1-2_OC1,"Efeito 1: Até 2027, mais pessoas, especialmente as que vivem em situações de mais vulnerabilidade ou marginalização e as que vivem com deficiências, terão acesso equitativo e utilização de serviços sociais essenciais e de proteção de alta qualidade, resilientes, sensíveis ao género e modernos. / Outcome 1: By 2027, more people, especially those living in the most vulnerable and marginalized situations and those living with disabilities, have equitable access to and use of high-quality, resilient, gender-responsive, and modern essential social services and protection.",1_SPSP 1-2_OC1-3_OU1.1.1,"Produto 1.1.1: As instituições nacionais, os parceiros sociais e as organizações da sociedade civil, têm maiores e melhores capacidades para fornecer, inovar e fazer parcerias para a protecção social e a proteção das crianças e adolescentes, os serviços essenciais, e sistemas de dados, monitorização e informação.",2025-01-01,2026-12-31,1_SPSP 1-2_OC1-3_OU1.1.1-4_SOU241,179325,"Planificação, gestão estratégica, e financiamento inovador dos programas de Saúde da Criança, do Adolescente e Saúde Sexual e Reprodutiva, reforçados e ancorados em dados programáticos (SIS) atuais e de qualidade.  ",UNICEF,United Nations Children's Fund,United Nations Children's Fund,Multilateral - UN organizations excluding pooled funds,,,,,69789,,,false,,false,69789,false,,false,,,,
1_SPSP 1-2_OC1,"Efeito 1: Até 2027, mais pessoas, especialmente as que vivem em situações de mais vulnerabilidade ou marginalização e as que vivem com deficiências, terão acesso equitativo e utilização de serviços sociais essenciais e de proteção de alta qualidade, resilientes, sensíveis ao género e modernos. / Outcome 1: By 2027, more people, especially those living in the most vulnerable and marginalized situations and those living with disabilities, have equitable access to and use of high-quality, resilient, gender-responsive, and modern essential social services and protection.",1_SPSP 1-2_OC1-3_OU1.1.1,"Produto 1.1.1: As instituições nacionais, os parceiros sociais e as organizações da sociedade civil, têm maiores e melhores capacidades para fornecer, inovar e fazer parcerias para a protecção social e a proteção das crianças e adolescentes, os serviços essenciais, e sistemas de dados, monitorização e informação.",2025-01-01,2026-12-31,1_SPSP 1-2_OC1-3_OU1.1.1-4_SOU241,179325,"Planificação, gestão estratégica, e financiamento inovador dos programas de Saúde da Criança, do Adolescente e Saúde Sexual e Reprodutiva, reforçados e ancorados em dados programáticos (SIS) atuais e de qualidade.  ",UNICEF,United Nations Children's Fund,Luxembourg Committee for UNICEF,International NGO,,,,,,,,false,,false,,false,,false,,,,
1_SPSP 1-2_OC1,"Efeito 1: Até 2027, mais pessoas, especialmente as que vivem em situações de mais vulnerabilidade ou marginalização e as que vivem com deficiências, terão acesso equitativo e utilização de serviços sociais essenciais e de proteção de alta qualidade, resilientes, sensíveis ao género e modernos. / Outcome 1: By 2027, more people, especially those living in the most vulnerable and marginalized situations and those living with disabilities, have equitable access to and use of high-quality, resilient, gender-responsive, and modern essential social services and protection.",1_SPSP 1-2_OC1-3_OU1.1.1,"Produto 1.1.1: As instituições nacionais, os parceiros sociais e as organizações da sociedade civil, têm maiores e melhores capacidades para fornecer, inovar e fazer parcerias para a protecção social e a proteção das crianças e adolescentes, os serviços essenciais, e sistemas de dados, monitorização e informação.",2025-01-01,2026-08-31,1_SPSP 1-2_OC1-3_OU1.1.1-4_SOU242,179415,"Programa Conjunto ONUDC&UN-HABITAT (2025): promover a sensibilização e a defesa da abordagem da segurança humana como estratégia para ultrapassar a atual crise nos municípios da Praia, São Filipe e S. Vicente em Cabo Verde (UN-HABITAT). ",UN-HABITAT,United Nations Human Settlement Programme,,,,,,,,,,false,,false,,false,,false,,,82504,67496
1_SPSP 1-2_OC1,"Efeito 1: Até 2027, mais pessoas, especialmente as que vivem em situações de mais vulnerabilidade ou marginalização e as que vivem com deficiências, terão acesso equitativo e utilização de serviços sociais essenciais e de proteção de alta qualidade, resilientes, sensíveis ao género e modernos. / Outcome 1: By 2027, more people, especially those living in the most vulnerable and marginalized situations and those living with disabilities, have equitable access to and use of high-quality, resilient, gender-responsive, and modern essential social services and protection.",1_SPSP 1-2_OC1-3_OU1.1.1,"Produto 1.1.1: As instituições nacionais, os parceiros sociais e as organizações da sociedade civil, têm maiores e melhores capacidades para fornecer, inovar e fazer parcerias para a protecção social e a proteção das crianças e adolescentes, os serviços essenciais, e sistemas de dados, monitorização e informação.",2025-01-01,2026-08-31,1_SPSP 1-2_OC1-3_OU1.1.1-4_SOU242,179415,"Programa Conjunto ONUDC&UN-HABITAT (2025): promover a sensibilização e a defesa da abordagem da segurança humana como estratégia para ultrapassar a atual crise nos municípios da Praia, São Filipe e S. Vicente em Cabo Verde (UN-HABITAT). ",UN-HABITAT,United Nations Human Settlement Programme,Luxembourg Grand Duchy,Government,Luxembourg,Government,,,,,,false,,false,,false,,false,,,,
1_SPSP 1-2_OC1,"Efeito 1: Até 2027, mais pessoas, especialmente as que vivem em situações de mais vulnerabilidade ou marginalização e as que vivem com deficiências, terão acesso equitativo e utilização de serviços sociais essenciais e de proteção de alta qualidade, resilientes, sensíveis ao género e modernos. / Outcome 1: By 2027, more people, especially those living in the most vulnerable and marginalized situations and those living with disabilities, have equitable access to and use of high-quality, resilient, gender-responsive, and modern essential social services and protection.",1_SPSP 1-2_OC1-3_OU1.1.1,"Produto 1.1.1: As instituições nacionais, os parceiros sociais e as organizações da sociedade civil, têm maiores e melhores capacidades para fornecer, inovar e fazer parcerias para a protecção social e a proteção das crianças e adolescentes, os serviços essenciais, e sistemas de dados, monitorização e informação.",2025-01-01,2026-08-31,1_SPSP 1-2_OC1-3_OU1.1.1-4_SOU242,179415,"Programa Conjunto ONUDC&UN-HABITAT (2025): promover a sensibilização e a defesa da abordagem da segurança humana como estratégia para ultrapassar a atual crise nos municípios da Praia, São Filipe e S. Vicente em Cabo Verde (UN-HABITAT). ",UN-HABITAT,United Nations Human Settlement Programme,United Nations Trust Fund for Human Security,Multilateral - UN Inter-agency pooled funds,,,,,82504,67496,,false,,false,82504,false,29132,false,,,,
1_SPSP 1-2_OC1,"Efeito 1: Até 2027, mais pessoas, especialmente as que vivem em situações de mais vulnerabilidade ou marginalização e as que vivem com deficiências, terão acesso equitativo e utilização de serviços sociais essenciais e de proteção de alta qualidade, resilientes, sensíveis ao género e modernos. / Outcome 1: By 2027, more people, especially those living in the most vulnerable and marginalized situations and those living with disabilities, have equitable access to and use of high-quality, resilient, gender-responsive, and modern essential social services and protection.",1_SPSP 1-2_OC1-3_OU1.1.1,"Produto 1.1.1: As instituições nacionais, os parceiros sociais e as organizações da sociedade civil, têm maiores e melhores capacidades para fornecer, inovar e fazer parcerias para a protecção social e a proteção das crianças e adolescentes, os serviços essenciais, e sistemas de dados, monitorização e informação.",2025-01-01,2026-12-31,1_SPSP 1-2_OC1-3_OU1.1.1-4_SOU246,179462,"Promoção da Saúde Sexual e Reprodutiva, Saúde da Criança e do Adolescente, Vacinação, Nutrição/DNTs, VIH e resposta às Emergências reforçados, garantindo qualidade, equidade, diversidade e inclusão",UNFPA,United Nations Population Fund,,,,,,,,,,false,,false,,false,,false,,,238587,115000
1_SPSP 1-2_OC1,"Efeito 1: Até 2027, mais pessoas, especialmente as que vivem em situações de mais vulnerabilidade ou marginalização e as que vivem com deficiências, terão acesso equitativo e utilização de serviços sociais essenciais e de proteção de alta qualidade, resilientes, sensíveis ao género e modernos. / Outcome 1: By 2027, more people, especially those living in the most vulnerable and marginalized situations and those living with disabilities, have equitable access to and use of high-quality, resilient, gender-responsive, and modern essential social services and protection.",1_SPSP 1-2_OC1-3_OU1.1.1,"Produto 1.1.1: As instituições nacionais, os parceiros sociais e as organizações da sociedade civil, têm maiores e melhores capacidades para fornecer, inovar e fazer parcerias para a protecção social e a proteção das crianças e adolescentes, os serviços essenciais, e sistemas de dados, monitorização e informação.",2025-01-01,2026-12-31,1_SPSP 1-2_OC1-3_OU1.1.1-4_SOU246,179462,"Promoção da Saúde Sexual e Reprodutiva, Saúde da Criança e do Adolescente, Vacinação, Nutrição/DNTs, VIH e resposta às Emergências reforçados, garantindo qualidade, equidade, diversidade e inclusão",UNFPA,United Nations Population Fund,United Nations Population Fund,Multilateral - UN organizations excluding pooled funds,,,,,238587,115000,,false,,false,237928,false,58935,false,,,,
1_SPSP 1-2_OC1,"Efeito 1: Até 2027, mais pessoas, especialmente as que vivem em situações de mais vulnerabilidade ou marginalização e as que vivem com deficiências, terão acesso equitativo e utilização de serviços sociais essenciais e de proteção de alta qualidade, resilientes, sensíveis ao género e modernos. / Outcome 1: By 2027, more people, especially those living in the most vulnerable and marginalized situations and those living with disabilities, have equitable access to and use of high-quality, resilient, gender-responsive, and modern essential social services and protection.",1_SPSP 1-2_OC1-3_OU1.1.1,"Produto 1.1.1: As instituições nacionais, os parceiros sociais e as organizações da sociedade civil, têm maiores e melhores capacidades para fornecer, inovar e fazer parcerias para a protecção social e a proteção das crianças e adolescentes, os serviços essenciais, e sistemas de dados, monitorização e informação.",2025-01-01,2026-12-31,1_SPSP 1-2_OC1-3_OU1.1.1-4_SOU246,179462,"Promoção da Saúde Sexual e Reprodutiva, Saúde da Criança e do Adolescente, Vacinação, Nutrição/DNTs, VIH e resposta às Emergências reforçados, garantindo qualidade, equidade, diversidade e inclusão",UNFPA,United Nations Population Fund,United Nations Children's Fund,Multilateral - UN organizations excluding pooled funds,,,,,,,,false,,false,,false,,false,,,,
1_SPSP 1-2_OC1,"Efeito 1: Até 2027, mais pessoas, especialmente as que vivem em situações de mais vulnerabilidade ou marginalização e as que vivem com deficiências, terão acesso equitativo e utilização de serviços sociais essenciais e de proteção de alta qualidade, resilientes, sensíveis ao género e modernos. / Outcome 1: By 2027, more people, especially those living in the most vulnerable and marginalized situations and those living with disabilities, have equitable access to and use of high-quality, resilient, gender-responsive, and modern essential social services and protection.",1_SPSP 1-2_OC1-3_OU1.1.1,"Produto 1.1.1: As instituições nacionais, os parceiros sociais e as organizações da sociedade civil, têm maiores e melhores capacidades para fornecer, inovar e fazer parcerias para a protecção social e a proteção das crianças e adolescentes, os serviços essenciais, e sistemas de dados, monitorização e informação.",2025-01-01,2026-12-31,1_SPSP 1-2_OC1-3_OU1.1.1-4_SOU246,179462,"Promoção da Saúde Sexual e Reprodutiva, Saúde da Criança e do Adolescente, Vacinação, Nutrição/DNTs, VIH e resposta às Emergências reforçados, garantindo qualidade, equidade, diversidade e inclusão",UNFPA,United Nations Population Fund,Luxembourg Committee for UNICEF,International NGO,,,,,,,,false,,false,,false,,false,,,,
1_SPSP 1-2_OC1,"Efeito 1: Até 2027, mais pessoas, especialmente as que vivem em situações de mais vulnerabilidade ou marginalização e as que vivem com deficiências, terão acesso equitativo e utilização de serviços sociais essenciais e de proteção de alta qualidade, resilientes, sensíveis ao género e modernos. / Outcome 1: By 2027, more people, especially those living in the most vulnerable and marginalized situations and those living with disabilities, have equitable access to and use of high-quality, resilient, gender-responsive, and modern essential social services and protection.",1_SPSP 1-2_OC1-3_OU1.1.1,"Produto 1.1.1: As instituições nacionais, os parceiros sociais e as organizações da sociedade civil, têm maiores e melhores capacidades para fornecer, inovar e fazer parcerias para a protecção social e a proteção das crianças e adolescentes, os serviços essenciais, e sistemas de dados, monitorização e informação.",2025-01-01,2026-12-31,1_SPSP 1-2_OC1-3_OU1.1.1-4_SOU246,179462,"Promoção da Saúde Sexual e Reprodutiva, Saúde da Criança e do Adolescente, Vacinação, Nutrição/DNTs, VIH e resposta às Emergências reforçados, garantindo qualidade, equidade, diversidade e inclusão",UNFPA,United Nations Population Fund,India-UN Development Partnership Fund,Public Private Partnership,,,,,,,,false,,false,,false,,false,,,,
1_SPSP 1-2_OC1,"Efeito 1: Até 2027, mais pessoas, especialmente as que vivem em situações de mais vulnerabilidade ou marginalização e as que vivem com deficiências, terão acesso equitativo e utilização de serviços sociais essenciais e de proteção de alta qualidade, resilientes, sensíveis ao género e modernos. / Outcome 1: By 2027, more people, especially those living in the most vulnerable and marginalized situations and those living with disabilities, have equitable access to and use of high-quality, resilient, gender-responsive, and modern essential social services and protection.",1_SPSP 1-2_OC1-3_OU1.1.1,"Produto 1.1.1: As instituições nacionais, os parceiros sociais e as organizações da sociedade civil, têm maiores e melhores capacidades para fornecer, inovar e fazer parcerias para a protecção social e a proteção das crianças e adolescentes, os serviços essenciais, e sistemas de dados, monitorização e informação.",2025-01-01,2026-12-31,1_SPSP 1-2_OC1-3_OU1.1.1-4_SOU246,179462,"Promoção da Saúde Sexual e Reprodutiva, Saúde da Criança e do Adolescente, Vacinação, Nutrição/DNTs, VIH e resposta às Emergências reforçados, garantindo qualidade, equidade, diversidade e inclusão",UNFPA,United Nations Population Fund,US NatCom,Private Sector,,,,,,,,false,,false,,false,,false,,,,
1_SPSP 1-2_OC1,"Efeito 1: Até 2027, mais pessoas, especialmente as que vivem em situações de mais vulnerabilidade ou marginalização e as que vivem com deficiências, terão acesso equitativo e utilização de serviços sociais essenciais e de proteção de alta qualidade, resilientes, sensíveis ao género e modernos. / Outcome 1: By 2027, more people, especially those living in the most vulnerable and marginalized situations and those living with disabilities, have equitable access to and use of high-quality, resilient, gender-responsive, and modern essential social services and protection.",1_SPSP 1-2_OC1-3_OU1.1.1,"Produto 1.1.1: As instituições nacionais, os parceiros sociais e as organizações da sociedade civil, têm maiores e melhores capacidades para fornecer, inovar e fazer parcerias para a protecção social e a proteção das crianças e adolescentes, os serviços essenciais, e sistemas de dados, monitorização e informação.",2025-01-01,2026-12-31,1_SPSP 1-2_OC1-3_OU1.1.1-4_SOU246,179462,"Promoção da Saúde Sexual e Reprodutiva, Saúde da Criança e do Adolescente, Vacinação, Nutrição/DNTs, VIH e resposta às Emergências reforçados, garantindo qualidade, equidade, diversidade e inclusão",UNICEF,United Nations Children's Fund,,,,,,,,,,false,,false,,false,,false,,,225578,560000
1_SPSP 1-2_OC1,"Efeito 1: Até 2027, mais pessoas, especialmente as que vivem em situações de mais vulnerabilidade ou marginalização e as que vivem com deficiências, terão acesso equitativo e utilização de serviços sociais essenciais e de proteção de alta qualidade, resilientes, sensíveis ao género e modernos. / Outcome 1: By 2027, more people, especially those living in the most vulnerable and marginalized situations and those living with disabilities, have equitable access to and use of high-quality, resilient, gender-responsive, and modern essential social services and protection.",1_SPSP 1-2_OC1-3_OU1.1.1,"Produto 1.1.1: As instituições nacionais, os parceiros sociais e as organizações da sociedade civil, têm maiores e melhores capacidades para fornecer, inovar e fazer parcerias para a protecção social e a proteção das crianças e adolescentes, os serviços essenciais, e sistemas de dados, monitorização e informação.",2025-01-01,2026-12-31,1_SPSP 1-2_OC1-3_OU1.1.1-4_SOU246,179462,"Promoção da Saúde Sexual e Reprodutiva, Saúde da Criança e do Adolescente, Vacinação, Nutrição/DNTs, VIH e resposta às Emergências reforçados, garantindo qualidade, equidade, diversidade e inclusão",UNICEF,United Nations Children's Fund,United Nations Population Fund,Multilateral - UN organizations excluding pooled funds,,,,,,95000,,false,,false,,false,77000,false,,,,
1_SPSP 1-2_OC1,"Efeito 1: Até 2027, mais pessoas, especialmente as que vivem em situações de mais vulnerabilidade ou marginalização e as que vivem com deficiências, terão acesso equitativo e utilização de serviços sociais essenciais e de proteção de alta qualidade, resilientes, sensíveis ao género e modernos. / Outcome 1: By 2027, more people, especially those living in the most vulnerable and marginalized situations and those living with disabilities, have equitable access to and use of high-quality, resilient, gender-responsive, and modern essential social services and protection.",1_SPSP 1-2_OC1-3_OU1.1.1,"Produto 1.1.1: As instituições nacionais, os parceiros sociais e as organizações da sociedade civil, têm maiores e melhores capacidades para fornecer, inovar e fazer parcerias para a protecção social e a proteção das crianças e adolescentes, os serviços essenciais, e sistemas de dados, monitorização e informação.",2025-01-01,2026-12-31,1_SPSP 1-2_OC1-3_OU1.1.1-4_SOU246,179462,"Promoção da Saúde Sexual e Reprodutiva, Saúde da Criança e do Adolescente, Vacinação, Nutrição/DNTs, VIH e resposta às Emergências reforçados, garantindo qualidade, equidade, diversidade e inclusão",UNICEF,United Nations Children's Fund,United Nations Children's Fund,Multilateral - UN organizations excluding pooled funds,,,,,225578,,,false,,false,225578,false,,false,,,,
1_SPSP 1-2_OC1,"Efeito 1: Até 2027, mais pessoas, especialmente as que vivem em situações de mais vulnerabilidade ou marginalização e as que vivem com deficiências, terão acesso equitativo e utilização de serviços sociais essenciais e de proteção de alta qualidade, resilientes, sensíveis ao género e modernos. / Outcome 1: By 2027, more people, especially those living in the most vulnerable and marginalized situations and those living with disabilities, have equitable access to and use of high-quality, resilient, gender-responsive, and modern essential social services and protection.",1_SPSP 1-2_OC1-3_OU1.1.1,"Produto 1.1.1: As instituições nacionais, os parceiros sociais e as organizações da sociedade civil, têm maiores e melhores capacidades para fornecer, inovar e fazer parcerias para a protecção social e a proteção das crianças e adolescentes, os serviços essenciais, e sistemas de dados, monitorização e informação.",2025-01-01,2026-12-31,1_SPSP 1-2_OC1-3_OU1.1.1-4_SOU246,179462,"Promoção da Saúde Sexual e Reprodutiva, Saúde da Criança e do Adolescente, Vacinação, Nutrição/DNTs, VIH e resposta às Emergências reforçados, garantindo qualidade, equidade, diversidade e inclusão",UNICEF,United Nations Children's Fund,Luxembourg Committee for UNICEF,International NGO,,,,,,20000,,false,,false,,false,20000,false,,,,
1_SPSP 1-2_OC1,"Efeito 1: Até 2027, mais pessoas, especialmente as que vivem em situações de mais vulnerabilidade ou marginalização e as que vivem com deficiências, terão acesso equitativo e utilização de serviços sociais essenciais e de proteção de alta qualidade, resilientes, sensíveis ao género e modernos. / Outcome 1: By 2027, more people, especially those living in the most vulnerable and marginalized situations and those living with disabilities, have equitable access to and use of high-quality, resilient, gender-responsive, and modern essential social services and protection.",1_SPSP 1-2_OC1-3_OU1.1.1,"Produto 1.1.1: As instituições nacionais, os parceiros sociais e as organizações da sociedade civil, têm maiores e melhores capacidades para fornecer, inovar e fazer parcerias para a protecção social e a proteção das crianças e adolescentes, os serviços essenciais, e sistemas de dados, monitorização e informação.",2025-01-01,2026-12-31,1_SPSP 1-2_OC1-3_OU1.1.1-4_SOU246,179462,"Promoção da Saúde Sexual e Reprodutiva, Saúde da Criança e do Adolescente, Vacinação, Nutrição/DNTs, VIH e resposta às Emergências reforçados, garantindo qualidade, equidade, diversidade e inclusão",UNICEF,United Nations Children's Fund,India-UN Development Partnership Fund,Public Private Partnership,,,,,,414000,,false,,false,,false,26075,false,,,,
1_SPSP 1-2_OC1,"Efeito 1: Até 2027, mais pessoas, especialmente as que vivem em situações de mais vulnerabilidade ou marginalização e as que vivem com deficiências, terão acesso equitativo e utilização de serviços sociais essenciais e de proteção de alta qualidade, resilientes, sensíveis ao género e modernos. / Outcome 1: By 2027, more people, especially those living in the most vulnerable and marginalized situations and those living with disabilities, have equitable access to and use of high-quality, resilient, gender-responsive, and modern essential social services and protection.",1_SPSP 1-2_OC1-3_OU1.1.1,"Produto 1.1.1: As instituições nacionais, os parceiros sociais e as organizações da sociedade civil, têm maiores e melhores capacidades para fornecer, inovar e fazer parcerias para a protecção social e a proteção das crianças e adolescentes, os serviços essenciais, e sistemas de dados, monitorização e informação.",2025-01-01,2026-12-31,1_SPSP 1-2_OC1-3_OU1.1.1-4_SOU246,179462,"Promoção da Saúde Sexual e Reprodutiva, Saúde da Criança e do Adolescente, Vacinação, Nutrição/DNTs, VIH e resposta às Emergências reforçados, garantindo qualidade, equidade, diversidade e inclusão",UNICEF,United Nations Children's Fund,US NatCom,Private Sector,,,,,,31000,,false,,false,,false,,false,,,,
1_SPSP 1-2_OC1,"Efeito 1: Até 2027, mais pessoas, especialmente as que vivem em situações de mais vulnerabilidade ou marginalização e as que vivem com deficiências, terão acesso equitativo e utilização de serviços sociais essenciais e de proteção de alta qualidade, resilientes, sensíveis ao género e modernos. / Outcome 1: By 2027, more people, especially those living in the most vulnerable and marginalized situations and those living with disabilities, have equitable access to and use of high-quality, resilient, gender-responsive, and modern essential social services and protection.",1_SPSP 1-2_OC1-3_OU1.1.1,"Produto 1.1.1: As instituições nacionais, os parceiros sociais e as organizações da sociedade civil, têm maiores e melhores capacidades para fornecer, inovar e fazer parcerias para a protecção social e a proteção das crianças e adolescentes, os serviços essenciais, e sistemas de dados, monitorização e informação.",2025-01-01,2026-02-28,1_SPSP 1-2_OC1-3_OU1.1.1-4_SOU247,179559,ACTION/Portugal - Fortalecimento dos Sistemas de Proteção Social nos PALOP e Timor-Leste Phase 3,ILO,International Labour Organisation,,,,,,,,,,false,,false,,true,,false,,,186596,
1_SPSP 1-2_OC1,"Efeito 1: Até 2027, mais pessoas, especialmente as que vivem em situações de mais vulnerabilidade ou marginalização e as que vivem com deficiências, terão acesso equitativo e utilização de serviços sociais essenciais e de proteção de alta qualidade, resilientes, sensíveis ao género e modernos. / Outcome 1: By 2027, more people, especially those living in the most vulnerable and marginalized situations and those living with disabilities, have equitable access to and use of high-quality, resilient, gender-responsive, and modern essential social services and protection.",1_SPSP 1-2_OC1-3_OU1.1.1,"Produto 1.1.1: As instituições nacionais, os parceiros sociais e as organizações da sociedade civil, têm maiores e melhores capacidades para fornecer, inovar e fazer parcerias para a protecção social e a proteção das crianças e adolescentes, os serviços essenciais, e sistemas de dados, monitorização e informação.",2025-01-01,2026-02-28,1_SPSP 1-2_OC1-3_OU1.1.1-4_SOU247,179559,ACTION/Portugal - Fortalecimento dos Sistemas de Proteção Social nos PALOP e Timor-Leste Phase 3,ILO,International Labour Organisation,Portugal,Government,,,,,186596,,,false,,false,185056,true,,false,,,,
1_SPSP 1-2_OC1,"Efeito 1: Até 2027, mais pessoas, especialmente as que vivem em situações de mais vulnerabilidade ou marginalização e as que vivem com deficiências, terão acesso equitativo e utilização de serviços sociais essenciais e de proteção de alta qualidade, resilientes, sensíveis ao género e modernos. / Outcome 1: By 2027, more people, especially those living in the most vulnerable and marginalized situations and those living with disabilities, have equitable access to and use of high-quality, resilient, gender-responsive, and modern essential social services and protection.",1_SPSP 1-2_OC1-3_OU1.1.1,"Produto 1.1.1: As instituições nacionais, os parceiros sociais e as organizações da sociedade civil, têm maiores e melhores capacidades para fornecer, inovar e fazer parcerias para a protecção social e a proteção das crianças e adolescentes, os serviços essenciais, e sistemas de dados, monitorização e informação.",2025-01-01,2026-12-31,1_SPSP 1-2_OC1-3_OU1.1.1-4_SOU248,179561,"Reforçar a Proteção Social para contribuir para a redução da pobreza e das desigualdades sociais ",UNDP,United Nations Development Programme,,,,,,,,,,false,,false,,true,,false,,,46369,70000
1_SPSP 1-2_OC1,"Efeito 1: Até 2027, mais pessoas, especialmente as que vivem em situações de mais vulnerabilidade ou marginalização e as que vivem com deficiências, terão acesso equitativo e utilização de serviços sociais essenciais e de proteção de alta qualidade, resilientes, sensíveis ao género e modernos. / Outcome 1: By 2027, more people, especially those living in the most vulnerable and marginalized situations and those living with disabilities, have equitable access to and use of high-quality, resilient, gender-responsive, and modern essential social services and protection.",1_SPSP 1-2_OC1-3_OU1.1.1,"Produto 1.1.1: As instituições nacionais, os parceiros sociais e as organizações da sociedade civil, têm maiores e melhores capacidades para fornecer, inovar e fazer parcerias para a protecção social e a proteção das crianças e adolescentes, os serviços essenciais, e sistemas de dados, monitorização e informação.",2025-01-01,2026-12-31,1_SPSP 1-2_OC1-3_OU1.1.1-4_SOU248,179561,"Reforçar a Proteção Social para contribuir para a redução da pobreza e das desigualdades sociais ",UNDP,United Nations Development Programme,"MFIDS - Ministério da Família, Inclusão e Desenvolvimento Social",Government,,,,,46369,35000,,false,,false,46369,true,25500,false,,,,
1_SPSP 1-2_OC1,"Efeito 1: Até 2027, mais pessoas, especialmente as que vivem em situações de mais vulnerabilidade ou marginalização e as que vivem com deficiências, terão acesso equitativo e utilização de serviços sociais essenciais e de proteção de alta qualidade, resilientes, sensíveis ao género e modernos. / Outcome 1: By 2027, more people, especially those living in the most vulnerable and marginalized situations and those living with disabilities, have equitable access to and use of high-quality, resilient, gender-responsive, and modern essential social services and protection.",1_SPSP 1-2_OC1-3_OU1.1.1,"Produto 1.1.1: As instituições nacionais, os parceiros sociais e as organizações da sociedade civil, têm maiores e melhores capacidades para fornecer, inovar e fazer parcerias para a protecção social e a proteção das crianças e adolescentes, os serviços essenciais, e sistemas de dados, monitorização e informação.",2025-01-01,2026-12-31,1_SPSP 1-2_OC1-3_OU1.1.1-4_SOU248,179561,"Reforçar a Proteção Social para contribuir para a redução da pobreza e das desigualdades sociais ",UNICEF,United Nations Children's Fund,,,,,,,,,,false,,false,,false,,false,,,60569,60000
1_SPSP 1-2_OC1,"Efeito 1: Até 2027, mais pessoas, especialmente as que vivem em situações de mais vulnerabilidade ou marginalização e as que vivem com deficiências, terão acesso equitativo e utilização de serviços sociais essenciais e de proteção de alta qualidade, resilientes, sensíveis ao género e modernos. / Outcome 1: By 2027, more people, especially those living in the most vulnerable and marginalized situations and those living with disabilities, have equitable access to and use of high-quality, resilient, gender-responsive, and modern essential social services and protection.",1_SPSP 1-2_OC1-3_OU1.1.1,"Produto 1.1.1: As instituições nacionais, os parceiros sociais e as organizações da sociedade civil, têm maiores e melhores capacidades para fornecer, inovar e fazer parcerias para a protecção social e a proteção das crianças e adolescentes, os serviços essenciais, e sistemas de dados, monitorização e informação.",2025-01-01,2026-12-31,1_SPSP 1-2_OC1-3_OU1.1.1-4_SOU248,179561,"Reforçar a Proteção Social para contribuir para a redução da pobreza e das desigualdades sociais ",UNICEF,United Nations Children's Fund,"MFIDS - Ministério da Família, Inclusão e Desenvolvimento Social",Government,,,,,60569,45000,,false,,false,52089,false,26914,false,,,,
1_SPSP 1-2_OC1,"Efeito 1: Até 2027, mais pessoas, especialmente as que vivem em situações de mais vulnerabilidade ou marginalização e as que vivem com deficiências, terão acesso equitativo e utilização de serviços sociais essenciais e de proteção de alta qualidade, resilientes, sensíveis ao género e modernos. / Outcome 1: By 2027, more people, especially those living in the most vulnerable and marginalized situations and those living with disabilities, have equitable access to and use of high-quality, resilient, gender-responsive, and modern essential social services and protection.",1_SPSP 1-2_OC1-3_OU1.1.1,"Produto 1.1.1: As instituições nacionais, os parceiros sociais e as organizações da sociedade civil, têm maiores e melhores capacidades para fornecer, inovar e fazer parcerias para a protecção social e a proteção das crianças e adolescentes, os serviços essenciais, e sistemas de dados, monitorização e informação.",2025-01-01,2026-03-21,1_SPSP 1-2_OC1-3_OU1.1.1-4_SOU249,179563,Global Accelerator on Jobs and Social Protection for Just Transitions - Supporting the preparation of the roadmap of GA in Cabo Verde,ILO,International Labour Organisation,,,,,,,,,,false,,false,,false,,false,,,108466,
1_SPSP 1-2_OC1,"Efeito 1: Até 2027, mais pessoas, especialmente as que vivem em situações de mais vulnerabilidade ou marginalização e as que vivem com deficiências, terão acesso equitativo e utilização de serviços sociais essenciais e de proteção de alta qualidade, resilientes, sensíveis ao género e modernos. / Outcome 1: By 2027, more people, especially those living in the most vulnerable and marginalized situations and those living with disabilities, have equitable access to and use of high-quality, resilient, gender-responsive, and modern essential social services and protection.",1_SPSP 1-2_OC1-3_OU1.1.1,"Produto 1.1.1: As instituições nacionais, os parceiros sociais e as organizações da sociedade civil, têm maiores e melhores capacidades para fornecer, inovar e fazer parcerias para a protecção social e a proteção das crianças e adolescentes, os serviços essenciais, e sistemas de dados, monitorização e informação.",2025-01-01,2026-03-21,1_SPSP 1-2_OC1-3_OU1.1.1-4_SOU249,179563,Global Accelerator on Jobs and Social Protection for Just Transitions - Supporting the preparation of the roadmap of GA in Cabo Verde,ILO,International Labour Organisation,Joint Sustainable Development Goals Fund,Multilateral - UN Inter-agency pooled funds,,,,,108466,,,false,,false,89882,false,,false,,,,
1_SPSP 1-2_OC1,"Efeito 1: Até 2027, mais pessoas, especialmente as que vivem em situações de mais vulnerabilidade ou marginalização e as que vivem com deficiências, terão acesso equitativo e utilização de serviços sociais essenciais e de proteção de alta qualidade, resilientes, sensíveis ao género e modernos. / Outcome 1: By 2027, more people, especially those living in the most vulnerable and marginalized situations and those living with disabilities, have equitable access to and use of high-quality, resilient, gender-responsive, and modern essential social services and protection.",1_SPSP 1-2_OC1-3_OU1.1.1,"Produto 1.1.1: As instituições nacionais, os parceiros sociais e as organizações da sociedade civil, têm maiores e melhores capacidades para fornecer, inovar e fazer parcerias para a protecção social e a proteção das crianças e adolescentes, os serviços essenciais, e sistemas de dados, monitorização e informação.",2025-01-01,2026-12-31,1_SPSP 1-2_OC1-3_OU1.1.1-4_SOU251,179566,"Programa conjunto ONUDC & ONU-Habitat para o ano 2025: Promover a sensibilização e a defesa da abordagem da segurança humana como estratégia para ultrapassar a atual crise nos Municípios da Praia, São Filipe e São Vicente em Cabo Verde (UNODC)",UNODC,United Nations Office on Drugs and Crime,,,,,,,,,,false,,false,,false,,false,,,81974,68026
1_SPSP 1-2_OC1,"Efeito 1: Até 2027, mais pessoas, especialmente as que vivem em situações de mais vulnerabilidade ou marginalização e as que vivem com deficiências, terão acesso equitativo e utilização de serviços sociais essenciais e de proteção de alta qualidade, resilientes, sensíveis ao género e modernos. / Outcome 1: By 2027, more people, especially those living in the most vulnerable and marginalized situations and those living with disabilities, have equitable access to and use of high-quality, resilient, gender-responsive, and modern essential social services and protection.",1_SPSP 1-2_OC1-3_OU1.1.1,"Produto 1.1.1: As instituições nacionais, os parceiros sociais e as organizações da sociedade civil, têm maiores e melhores capacidades para fornecer, inovar e fazer parcerias para a protecção social e a proteção das crianças e adolescentes, os serviços essenciais, e sistemas de dados, monitorização e informação.",2025-01-01,2026-12-31,1_SPSP 1-2_OC1-3_OU1.1.1-4_SOU251,179566,"Programa conjunto ONUDC & ONU-Habitat para o ano 2025: Promover a sensibilização e a defesa da abordagem da segurança humana como estratégia para ultrapassar a atual crise nos Municípios da Praia, São Filipe e São Vicente em Cabo Verde (UNODC)",UNODC,United Nations Office on Drugs and Crime,UN Trust Fund for Human Security,Multilateral - Global vertical funds,,,,,81974,68026,,false,,false,81248,false,,false,,,,
1_SPSP 1-2_OC1,"Efeito 1: Até 2027, mais pessoas, especialmente as que vivem em situações de mais vulnerabilidade ou marginalização e as que vivem com deficiências, terão acesso equitativo e utilização de serviços sociais essenciais e de proteção de alta qualidade, resilientes, sensíveis ao género e modernos. / Outcome 1: By 2027, more people, especially those living in the most vulnerable and marginalized situations and those living with disabilities, have equitable access to and use of high-quality, resilient, gender-responsive, and modern essential social services and protection.",1_SPSP 1-2_OC1-3_OU1.1.1,"Produto 1.1.1: As instituições nacionais, os parceiros sociais e as organizações da sociedade civil, têm maiores e melhores capacidades para fornecer, inovar e fazer parcerias para a protecção social e a proteção das crianças e adolescentes, os serviços essenciais, e sistemas de dados, monitorização e informação.",2025-01-01,2026-12-31,1_SPSP 1-2_OC1-3_OU1.1.1-4_SOU254,179643,Apoiar a formulação e implementação da política nacional de prevenção e combate à Corrupção.,UNODC,United Nations Office on Drugs and Crime,,,,,,,,,,false,,false,,false,,false,,,10000,5000
1_SPSP 1-2_OC1,"Efeito 1: Até 2027, mais pessoas, especialmente as que vivem em situações de mais vulnerabilidade ou marginalização e as que vivem com deficiências, terão acesso equitativo e utilização de serviços sociais essenciais e de proteção de alta qualidade, resilientes, sensíveis ao género e modernos. / Outcome 1: By 2027, more people, especially those living in the most vulnerable and marginalized situations and those living with disabilities, have equitable access to and use of high-quality, resilient, gender-responsive, and modern essential social services and protection.",1_SPSP 1-2_OC1-3_OU1.1.1,"Produto 1.1.1: As instituições nacionais, os parceiros sociais e as organizações da sociedade civil, têm maiores e melhores capacidades para fornecer, inovar e fazer parcerias para a protecção social e a proteção das crianças e adolescentes, os serviços essenciais, e sistemas de dados, monitorização e informação.",2025-01-01,2026-12-31,1_SPSP 1-2_OC1-3_OU1.1.1-4_SOU254,179643,Apoiar a formulação e implementação da política nacional de prevenção e combate à Corrupção.,UNODC,United Nations Office on Drugs and Crime,Core Funding,Multilateral - UN organizations excluding pooled funds,,,,,5000,5000,,false,,false,5000,false,,false,,,,
1_SPSP 1-2_OC1,"Efeito 1: Até 2027, mais pessoas, especialmente as que vivem em situações de mais vulnerabilidade ou marginalização e as que vivem com deficiências, terão acesso equitativo e utilização de serviços sociais essenciais e de proteção de alta qualidade, resilientes, sensíveis ao género e modernos. / Outcome 1: By 2027, more people, especially those living in the most vulnerable and marginalized situations and those living with disabilities, have equitable access to and use of high-quality, resilient, gender-responsive, and modern essential social services and protection.",1_SPSP 1-2_OC1-3_OU1.1.1,"Produto 1.1.1: As instituições nacionais, os parceiros sociais e as organizações da sociedade civil, têm maiores e melhores capacidades para fornecer, inovar e fazer parcerias para a protecção social e a proteção das crianças e adolescentes, os serviços essenciais, e sistemas de dados, monitorização e informação.",2025-01-01,2026-12-31,1_SPSP 1-2_OC1-3_OU1.1.1-4_SOU257,179688,Reforço da governança dos sistemas alimentares e mecanismos de protecção social para a redução dos riscos relativos à segurança alimentar,FAO,Food and Agriculture Organization of the United Nations,,,,,,,,,,false,,false,,false,,false,,,200000,150000
1_SPSP 1-2_OC1,"Efeito 1: Até 2027, mais pessoas, especialmente as que vivem em situações de mais vulnerabilidade ou marginalização e as que vivem com deficiências, terão acesso equitativo e utilização de serviços sociais essenciais e de proteção de alta qualidade, resilientes, sensíveis ao género e modernos. / Outcome 1: By 2027, more people, especially those living in the most vulnerable and marginalized situations and those living with disabilities, have equitable access to and use of high-quality, resilient, gender-responsive, and modern essential social services and protection.",1_SPSP 1-2_OC1-3_OU1.1.1,"Produto 1.1.1: As instituições nacionais, os parceiros sociais e as organizações da sociedade civil, têm maiores e melhores capacidades para fornecer, inovar e fazer parcerias para a protecção social e a proteção das crianças e adolescentes, os serviços essenciais, e sistemas de dados, monitorização e informação.",2025-01-01,2026-12-31,1_SPSP 1-2_OC1-3_OU1.1.1-4_SOU257,179688,Reforço da governança dos sistemas alimentares e mecanismos de protecção social para a redução dos riscos relativos à segurança alimentar,FAO,Food and Agriculture Organization of the United Nations,Food and Agriculture Organization of the United Nations,Multilateral - UN organizations excluding pooled funds,,,,,200000,150000,,false,,false,109897,false,,false,,,,
1_SPSP 1-2_OC1,"Efeito 1: Até 2027, mais pessoas, especialmente as que vivem em situações de mais vulnerabilidade ou marginalização e as que vivem com deficiências, terão acesso equitativo e utilização de serviços sociais essenciais e de proteção de alta qualidade, resilientes, sensíveis ao género e modernos. / Outcome 1: By 2027, more people, especially those living in the most vulnerable and marginalized situations and those living with disabilities, have equitable access to and use of high-quality, resilient, gender-responsive, and modern essential social services and protection.",1_SPSP 1-2_OC1-3_OU1.1.1,"Produto 1.1.1: As instituições nacionais, os parceiros sociais e as organizações da sociedade civil, têm maiores e melhores capacidades para fornecer, inovar e fazer parcerias para a protecção social e a proteção das crianças e adolescentes, os serviços essenciais, e sistemas de dados, monitorização e informação.",2024-12-01,2026-10-31,1_SPSP 1-2_OC1-3_OU1.1.1-4_SOU998,205448,Accelerating the eradication of extreme poverty in Cabo Verde through economic inclusion,UNDP,United Nations Development Programme,,,,,,,,,,false,,false,,false,,false,,,159430,31407
1_SPSP 1-2_OC1,"Efeito 1: Até 2027, mais pessoas, especialmente as que vivem em situações de mais vulnerabilidade ou marginalização e as que vivem com deficiências, terão acesso equitativo e utilização de serviços sociais essenciais e de proteção de alta qualidade, resilientes, sensíveis ao género e modernos. / Outcome 1: By 2027, more people, especially those living in the most vulnerable and marginalized situations and those living with disabilities, have equitable access to and use of high-quality, resilient, gender-responsive, and modern essential social services and protection.",1_SPSP 1-2_OC1-3_OU1.1.1,"Produto 1.1.1: As instituições nacionais, os parceiros sociais e as organizações da sociedade civil, têm maiores e melhores capacidades para fornecer, inovar e fazer parcerias para a protecção social e a proteção das crianças e adolescentes, os serviços essenciais, e sistemas de dados, monitorização e informação.",2024-12-01,2026-10-31,1_SPSP 1-2_OC1-3_OU1.1.1-4_SOU998,205448,Accelerating the eradication of extreme poverty in Cabo Verde through economic inclusion,UNDP,United Nations Development Programme,The Joint SDG Fund,Multilateral - UN Inter-agency pooled funds,,,,,159430,31407,,false,,false,128023,false,31000,false,,,,
1_SPSP 1-2_OC1,"Efeito 1: Até 2027, mais pessoas, especialmente as que vivem em situações de mais vulnerabilidade ou marginalização e as que vivem com deficiências, terão acesso equitativo e utilização de serviços sociais essenciais e de proteção de alta qualidade, resilientes, sensíveis ao género e modernos. / Outcome 1: By 2027, more people, especially those living in the most vulnerable and marginalized situations and those living with disabilities, have equitable access to and use of high-quality, resilient, gender-responsive, and modern essential social services and protection.",1_SPSP 1-2_OC1-3_OU1.1.1,"Produto 1.1.1: As instituições nacionais, os parceiros sociais e as organizações da sociedade civil, têm maiores e melhores capacidades para fornecer, inovar e fazer parcerias para a protecção social e a proteção das crianças e adolescentes, os serviços essenciais, e sistemas de dados, monitorização e informação.",2024-12-01,2025-12-31,1_SPSP 1-2_OC1-3_OU1.1.1-4_SOU999,205447,Supporting the preparation of the  roadmap for the GA in Cabo Verde and  feasibility studies to accelerate the  eradication of extreme poverty at  municipal level through decent jobs and  social protection,UNDP,United Nations Development Programme,,,,,,,,,,false,,false,,false,,false,,,90554,
1_SPSP 1-2_OC1,"Efeito 1: Até 2027, mais pessoas, especialmente as que vivem em situações de mais vulnerabilidade ou marginalização e as que vivem com deficiências, terão acesso equitativo e utilização de serviços sociais essenciais e de proteção de alta qualidade, resilientes, sensíveis ao género e modernos. / Outcome 1: By 2027, more people, especially those living in the most vulnerable and marginalized situations and those living with disabilities, have equitable access to and use of high-quality, resilient, gender-responsive, and modern essential social services and protection.",1_SPSP 1-2_OC1-3_OU1.1.1,"Produto 1.1.1: As instituições nacionais, os parceiros sociais e as organizações da sociedade civil, têm maiores e melhores capacidades para fornecer, inovar e fazer parcerias para a protecção social e a proteção das crianças e adolescentes, os serviços essenciais, e sistemas de dados, monitorização e informação.",2024-12-01,2025-12-31,1_SPSP 1-2_OC1-3_OU1.1.1-4_SOU999,205447,Supporting the preparation of the  roadmap for the GA in Cabo Verde and  feasibility studies to accelerate the  eradication of extreme poverty at  municipal level through decent jobs and  social protection,UNDP,United Nations Development Programme,The Joint SDG Fund,Multilateral - UN Inter-agency pooled funds,,,,,90554,,,false,,false,90554,false,,false,,,,
1_SPSP 1-2_OC1,"Efeito 1: Até 2027, mais pessoas, especialmente as que vivem em situações de mais vulnerabilidade ou marginalização e as que vivem com deficiências, terão acesso equitativo e utilização de serviços sociais essenciais e de proteção de alta qualidade, resilientes, sensíveis ao género e modernos. / Outcome 1: By 2027, more people, especially those living in the most vulnerable and marginalized situations and those living with disabilities, have equitable access to and use of high-quality, resilient, gender-responsive, and modern essential social services and protection.",1_SPSP 1-2_OC1-3_OU1.1.2,"Produto 1.1.2: Mais pessoas em situação de vulnerabilidade e marginalizadas têm acesso e são empoderadas através da educação, cuidados de saúde de qualidade e ferramentas para exercer os seus direitos.",2023-04-01,2023-12-31,1_SPSP 1-2_OC1-3_OU1.1.2-4_SOU1,108523,"Os ministros de saúde e de educação de Cabo Verde endossam o Engajamento de Africa Occidental e Central para Adolescentes e Jovens Educados, Saudáveis e Realizados (UNESCO)",UNESCO,"United Nations Educational, Scientific and Cultural Organisation",,,,,,,,,,true,,false,,false,,false,,,,
1_SPSP 1-2_OC1,"Efeito 1: Até 2027, mais pessoas, especialmente as que vivem em situações de mais vulnerabilidade ou marginalização e as que vivem com deficiências, terão acesso equitativo e utilização de serviços sociais essenciais e de proteção de alta qualidade, resilientes, sensíveis ao género e modernos. / Outcome 1: By 2027, more people, especially those living in the most vulnerable and marginalized situations and those living with disabilities, have equitable access to and use of high-quality, resilient, gender-responsive, and modern essential social services and protection.",1_SPSP 1-2_OC1-3_OU1.1.2,"Produto 1.1.2: Mais pessoas em situação de vulnerabilidade e marginalizadas têm acesso e são empoderadas através da educação, cuidados de saúde de qualidade e ferramentas para exercer os seus direitos.",2023-04-01,2023-12-31,1_SPSP 1-2_OC1-3_OU1.1.2-4_SOU1,108523,"Os ministros de saúde e de educação de Cabo Verde endossam o Engajamento de Africa Occidental e Central para Adolescentes e Jovens Educados, Saudáveis e Realizados (UNESCO)",UNESCO,"United Nations Educational, Scientific and Cultural Organisation",Core Funding,Multilateral - UN organizations excluding pooled funds,,,15000,,,,15000,true,,false,,false,,false,,,,
1_SPSP 1-2_OC1,"Efeito 1: Até 2027, mais pessoas, especialmente as que vivem em situações de mais vulnerabilidade ou marginalização e as que vivem com deficiências, terão acesso equitativo e utilização de serviços sociais essenciais e de proteção de alta qualidade, resilientes, sensíveis ao género e modernos. / Outcome 1: By 2027, more people, especially those living in the most vulnerable and marginalized situations and those living with disabilities, have equitable access to and use of high-quality, resilient, gender-responsive, and modern essential social services and protection.",1_SPSP 1-2_OC1-3_OU1.1.2,"Produto 1.1.2: Mais pessoas em situação de vulnerabilidade e marginalizadas têm acesso e são empoderadas através da educação, cuidados de saúde de qualidade e ferramentas para exercer os seus direitos.",2023-04-01,2023-12-31,1_SPSP 1-2_OC1-3_OU1.1.2-4_SOU1,108523,"Os ministros de saúde e de educação de Cabo Verde endossam o Engajamento de Africa Occidental e Central para Adolescentes e Jovens Educados, Saudáveis e Realizados (UNESCO)",UNFPA,United Nations Population Fund,,,,,,,,,,,,,,,,,,,,
1_SPSP 1-2_OC1,"Efeito 1: Até 2027, mais pessoas, especialmente as que vivem em situações de mais vulnerabilidade ou marginalização e as que vivem com deficiências, terão acesso equitativo e utilização de serviços sociais essenciais e de proteção de alta qualidade, resilientes, sensíveis ao género e modernos. / Outcome 1: By 2027, more people, especially those living in the most vulnerable and marginalized situations and those living with disabilities, have equitable access to and use of high-quality, resilient, gender-responsive, and modern essential social services and protection.",1_SPSP 1-2_OC1-3_OU1.1.2,"Produto 1.1.2: Mais pessoas em situação de vulnerabilidade e marginalizadas têm acesso e são empoderadas através da educação, cuidados de saúde de qualidade e ferramentas para exercer os seus direitos.",2023-01-01,2023-12-31,1_SPSP 1-2_OC1-3_OU1.1.2-4_SOU2,108525,"A Iniciativa Nacional de Educação para o Desenvolvimento Sustentável 2030 é adoptada pelo governo e implementada (UNESCO, UNICEF, UNFPA)",UNICEF,United Nations Children's Fund,,,,,,,,,,false,,false,,false,,false,5000,,,
1_SPSP 1-2_OC1,"Efeito 1: Até 2027, mais pessoas, especialmente as que vivem em situações de mais vulnerabilidade ou marginalização e as que vivem com deficiências, terão acesso equitativo e utilização de serviços sociais essenciais e de proteção de alta qualidade, resilientes, sensíveis ao género e modernos. / Outcome 1: By 2027, more people, especially those living in the most vulnerable and marginalized situations and those living with disabilities, have equitable access to and use of high-quality, resilient, gender-responsive, and modern essential social services and protection.",1_SPSP 1-2_OC1-3_OU1.1.2,"Produto 1.1.2: Mais pessoas em situação de vulnerabilidade e marginalizadas têm acesso e são empoderadas através da educação, cuidados de saúde de qualidade e ferramentas para exercer os seus direitos.",2023-01-01,2023-12-31,1_SPSP 1-2_OC1-3_OU1.1.2-4_SOU2,108525,"A Iniciativa Nacional de Educação para o Desenvolvimento Sustentável 2030 é adoptada pelo governo e implementada (UNESCO, UNICEF, UNFPA)",UNICEF,United Nations Children's Fund,Core Funding,Multilateral - UN organizations excluding pooled funds,,,5000,,,,5000,false,,false,,false,,false,,,,
1_SPSP 1-2_OC1,"Efeito 1: Até 2027, mais pessoas, especialmente as que vivem em situações de mais vulnerabilidade ou marginalização e as que vivem com deficiências, terão acesso equitativo e utilização de serviços sociais essenciais e de proteção de alta qualidade, resilientes, sensíveis ao género e modernos. / Outcome 1: By 2027, more people, especially those living in the most vulnerable and marginalized situations and those living with disabilities, have equitable access to and use of high-quality, resilient, gender-responsive, and modern essential social services and protection.",1_SPSP 1-2_OC1-3_OU1.1.2,"Produto 1.1.2: Mais pessoas em situação de vulnerabilidade e marginalizadas têm acesso e são empoderadas através da educação, cuidados de saúde de qualidade e ferramentas para exercer os seus direitos.",2023-01-01,2023-12-31,1_SPSP 1-2_OC1-3_OU1.1.2-4_SOU2,108525,"A Iniciativa Nacional de Educação para o Desenvolvimento Sustentável 2030 é adoptada pelo governo e implementada (UNESCO, UNICEF, UNFPA)",UNICEF,United Nations Children's Fund,Japanese Fund-in-Trust for the Safeguarding of Intangible Cultural Heritage,Government,Japan,Government,,,,,,false,,false,,false,,false,,,,
1_SPSP 1-2_OC1,"Efeito 1: Até 2027, mais pessoas, especialmente as que vivem em situações de mais vulnerabilidade ou marginalização e as que vivem com deficiências, terão acesso equitativo e utilização de serviços sociais essenciais e de proteção de alta qualidade, resilientes, sensíveis ao género e modernos. / Outcome 1: By 2027, more people, especially those living in the most vulnerable and marginalized situations and those living with disabilities, have equitable access to and use of high-quality, resilient, gender-responsive, and modern essential social services and protection.",1_SPSP 1-2_OC1-3_OU1.1.2,"Produto 1.1.2: Mais pessoas em situação de vulnerabilidade e marginalizadas têm acesso e são empoderadas através da educação, cuidados de saúde de qualidade e ferramentas para exercer os seus direitos.",2023-01-01,2023-12-31,1_SPSP 1-2_OC1-3_OU1.1.2-4_SOU2,108525,"A Iniciativa Nacional de Educação para o Desenvolvimento Sustentável 2030 é adoptada pelo governo e implementada (UNESCO, UNICEF, UNFPA)",UNESCO,"United Nations Educational, Scientific and Cultural Organisation",,,,,,,,,,true,,false,,false,,false,93000,,,
1_SPSP 1-2_OC1,"Efeito 1: Até 2027, mais pessoas, especialmente as que vivem em situações de mais vulnerabilidade ou marginalização e as que vivem com deficiências, terão acesso equitativo e utilização de serviços sociais essenciais e de proteção de alta qualidade, resilientes, sensíveis ao género e modernos. / Outcome 1: By 2027, more people, especially those living in the most vulnerable and marginalized situations and those living with disabilities, have equitable access to and use of high-quality, resilient, gender-responsive, and modern essential social services and protection.",1_SPSP 1-2_OC1-3_OU1.1.2,"Produto 1.1.2: Mais pessoas em situação de vulnerabilidade e marginalizadas têm acesso e são empoderadas através da educação, cuidados de saúde de qualidade e ferramentas para exercer os seus direitos.",2023-01-01,2023-12-31,1_SPSP 1-2_OC1-3_OU1.1.2-4_SOU2,108525,"A Iniciativa Nacional de Educação para o Desenvolvimento Sustentável 2030 é adoptada pelo governo e implementada (UNESCO, UNICEF, UNFPA)",UNESCO,"United Nations Educational, Scientific and Cultural Organisation",Core Funding,Multilateral - UN organizations excluding pooled funds,,,3000,,,,65,true,,false,,false,,false,,,,
1_SPSP 1-2_OC1,"Efeito 1: Até 2027, mais pessoas, especialmente as que vivem em situações de mais vulnerabilidade ou marginalização e as que vivem com deficiências, terão acesso equitativo e utilização de serviços sociais essenciais e de proteção de alta qualidade, resilientes, sensíveis ao género e modernos. / Outcome 1: By 2027, more people, especially those living in the most vulnerable and marginalized situations and those living with disabilities, have equitable access to and use of high-quality, resilient, gender-responsive, and modern essential social services and protection.",1_SPSP 1-2_OC1-3_OU1.1.2,"Produto 1.1.2: Mais pessoas em situação de vulnerabilidade e marginalizadas têm acesso e são empoderadas através da educação, cuidados de saúde de qualidade e ferramentas para exercer os seus direitos.",2023-01-01,2023-12-31,1_SPSP 1-2_OC1-3_OU1.1.2-4_SOU2,108525,"A Iniciativa Nacional de Educação para o Desenvolvimento Sustentável 2030 é adoptada pelo governo e implementada (UNESCO, UNICEF, UNFPA)",UNESCO,"United Nations Educational, Scientific and Cultural Organisation",Japanese Fund-in-Trust for the Safeguarding of Intangible Cultural Heritage,Government,Japan,Government,90000,,,,1935,true,,false,,false,,false,,,,
1_SPSP 1-2_OC1,"Efeito 1: Até 2027, mais pessoas, especialmente as que vivem em situações de mais vulnerabilidade ou marginalização e as que vivem com deficiências, terão acesso equitativo e utilização de serviços sociais essenciais e de proteção de alta qualidade, resilientes, sensíveis ao género e modernos. / Outcome 1: By 2027, more people, especially those living in the most vulnerable and marginalized situations and those living with disabilities, have equitable access to and use of high-quality, resilient, gender-responsive, and modern essential social services and protection.",1_SPSP 1-2_OC1-3_OU1.1.2,"Produto 1.1.2: Mais pessoas em situação de vulnerabilidade e marginalizadas têm acesso e são empoderadas através da educação, cuidados de saúde de qualidade e ferramentas para exercer os seus direitos.",2023-01-01,2023-12-31,1_SPSP 1-2_OC1-3_OU1.1.2-4_SOU2,108525,"A Iniciativa Nacional de Educação para o Desenvolvimento Sustentável 2030 é adoptada pelo governo e implementada (UNESCO, UNICEF, UNFPA)",UNFPA,United Nations Population Fund,,,,,,,,,,false,,false,,false,,false,5000,,,
1_SPSP 1-2_OC1,"Efeito 1: Até 2027, mais pessoas, especialmente as que vivem em situações de mais vulnerabilidade ou marginalização e as que vivem com deficiências, terão acesso equitativo e utilização de serviços sociais essenciais e de proteção de alta qualidade, resilientes, sensíveis ao género e modernos. / Outcome 1: By 2027, more people, especially those living in the most vulnerable and marginalized situations and those living with disabilities, have equitable access to and use of high-quality, resilient, gender-responsive, and modern essential social services and protection.",1_SPSP 1-2_OC1-3_OU1.1.2,"Produto 1.1.2: Mais pessoas em situação de vulnerabilidade e marginalizadas têm acesso e são empoderadas através da educação, cuidados de saúde de qualidade e ferramentas para exercer os seus direitos.",2023-01-01,2023-12-31,1_SPSP 1-2_OC1-3_OU1.1.2-4_SOU2,108525,"A Iniciativa Nacional de Educação para o Desenvolvimento Sustentável 2030 é adoptada pelo governo e implementada (UNESCO, UNICEF, UNFPA)",UNFPA,United Nations Population Fund,Core Funding,Multilateral - UN organizations excluding pooled funds,,,5000,,,,3118,false,,false,,false,,false,,,,
1_SPSP 1-2_OC1,"Efeito 1: Até 2027, mais pessoas, especialmente as que vivem em situações de mais vulnerabilidade ou marginalização e as que vivem com deficiências, terão acesso equitativo e utilização de serviços sociais essenciais e de proteção de alta qualidade, resilientes, sensíveis ao género e modernos. / Outcome 1: By 2027, more people, especially those living in the most vulnerable and marginalized situations and those living with disabilities, have equitable access to and use of high-quality, resilient, gender-responsive, and modern essential social services and protection.",1_SPSP 1-2_OC1-3_OU1.1.2,"Produto 1.1.2: Mais pessoas em situação de vulnerabilidade e marginalizadas têm acesso e são empoderadas através da educação, cuidados de saúde de qualidade e ferramentas para exercer os seus direitos.",2023-01-01,2023-12-31,1_SPSP 1-2_OC1-3_OU1.1.2-4_SOU2,108525,"A Iniciativa Nacional de Educação para o Desenvolvimento Sustentável 2030 é adoptada pelo governo e implementada (UNESCO, UNICEF, UNFPA)",UNFPA,United Nations Population Fund,Japanese Fund-in-Trust for the Safeguarding of Intangible Cultural Heritage,Government,Japan,Government,,,,,,false,,false,,false,,false,,,,
1_SPSP 1-2_OC1,"Efeito 1: Até 2027, mais pessoas, especialmente as que vivem em situações de mais vulnerabilidade ou marginalização e as que vivem com deficiências, terão acesso equitativo e utilização de serviços sociais essenciais e de proteção de alta qualidade, resilientes, sensíveis ao género e modernos. / Outcome 1: By 2027, more people, especially those living in the most vulnerable and marginalized situations and those living with disabilities, have equitable access to and use of high-quality, resilient, gender-responsive, and modern essential social services and protection.",1_SPSP 1-2_OC1-3_OU1.1.2,"Produto 1.1.2: Mais pessoas em situação de vulnerabilidade e marginalizadas têm acesso e são empoderadas através da educação, cuidados de saúde de qualidade e ferramentas para exercer os seus direitos.",2023-01-01,2024-12-31,1_SPSP 1-2_OC1-3_OU1.1.2-4_SOU3,108526,"Vacinação de rotina reforçada e alinhada à Estratégia Nacional de Vacinação 2024-2028, assegurando a equidade e inclusão (UNICEF)",UNICEF,United Nations Children's Fund,,,,,,,,,,true,,false,,false,,false,465300,85850,,
1_SPSP 1-2_OC1,"Efeito 1: Até 2027, mais pessoas, especialmente as que vivem em situações de mais vulnerabilidade ou marginalização e as que vivem com deficiências, terão acesso equitativo e utilização de serviços sociais essenciais e de proteção de alta qualidade, resilientes, sensíveis ao género e modernos. / Outcome 1: By 2027, more people, especially those living in the most vulnerable and marginalized situations and those living with disabilities, have equitable access to and use of high-quality, resilient, gender-responsive, and modern essential social services and protection.",1_SPSP 1-2_OC1-3_OU1.1.2,"Produto 1.1.2: Mais pessoas em situação de vulnerabilidade e marginalizadas têm acesso e são empoderadas através da educação, cuidados de saúde de qualidade e ferramentas para exercer os seus direitos.",2023-01-01,2024-12-31,1_SPSP 1-2_OC1-3_OU1.1.2-4_SOU3,108526,"Vacinação de rotina reforçada e alinhada à Estratégia Nacional de Vacinação 2024-2028, assegurando a equidade e inclusão (UNICEF)",UNICEF,United Nations Children's Fund,COVID-19 Delivery Support (CDS) by the Gavi COVAX Advance Market Commitment (Gavi COVAX AMC),Multilateral - Other,,,445300,10000,,,445300,true,10000,false,,false,,false,,,,
1_SPSP 1-2_OC1,"Efeito 1: Até 2027, mais pessoas, especialmente as que vivem em situações de mais vulnerabilidade ou marginalização e as que vivem com deficiências, terão acesso equitativo e utilização de serviços sociais essenciais e de proteção de alta qualidade, resilientes, sensíveis ao género e modernos. / Outcome 1: By 2027, more people, especially those living in the most vulnerable and marginalized situations and those living with disabilities, have equitable access to and use of high-quality, resilient, gender-responsive, and modern essential social services and protection.",1_SPSP 1-2_OC1-3_OU1.1.2,"Produto 1.1.2: Mais pessoas em situação de vulnerabilidade e marginalizadas têm acesso e são empoderadas através da educação, cuidados de saúde de qualidade e ferramentas para exercer os seus direitos.",2023-01-01,2024-12-31,1_SPSP 1-2_OC1-3_OU1.1.2-4_SOU3,108526,"Vacinação de rotina reforçada e alinhada à Estratégia Nacional de Vacinação 2024-2028, assegurando a equidade e inclusão (UNICEF)",UNICEF,United Nations Children's Fund,Core Funding,Multilateral - UN organizations excluding pooled funds,,,20000,55000,,,20000,true,55000,false,,false,,false,,,,
1_SPSP 1-2_OC1,"Efeito 1: Até 2027, mais pessoas, especialmente as que vivem em situações de mais vulnerabilidade ou marginalização e as que vivem com deficiências, terão acesso equitativo e utilização de serviços sociais essenciais e de proteção de alta qualidade, resilientes, sensíveis ao género e modernos. / Outcome 1: By 2027, more people, especially those living in the most vulnerable and marginalized situations and those living with disabilities, have equitable access to and use of high-quality, resilient, gender-responsive, and modern essential social services and protection.",1_SPSP 1-2_OC1-3_OU1.1.2,"Produto 1.1.2: Mais pessoas em situação de vulnerabilidade e marginalizadas têm acesso e são empoderadas através da educação, cuidados de saúde de qualidade e ferramentas para exercer os seus direitos.",2023-01-01,2024-12-31,1_SPSP 1-2_OC1-3_OU1.1.2-4_SOU4,108527,"Programa Nacional de Nutrição e Saúde Escolar (PNSE), de Saúde Infantil (PNSI) e de Saúde Mental apoiado tecnicamente para a melhoria da resposta nacional  (UNICEF)",UNICEF,United Nations Children's Fund,,,,,,,,,,true,,false,,false,,false,157414,114000,,
1_SPSP 1-2_OC1,"Efeito 1: Até 2027, mais pessoas, especialmente as que vivem em situações de mais vulnerabilidade ou marginalização e as que vivem com deficiências, terão acesso equitativo e utilização de serviços sociais essenciais e de proteção de alta qualidade, resilientes, sensíveis ao género e modernos. / Outcome 1: By 2027, more people, especially those living in the most vulnerable and marginalized situations and those living with disabilities, have equitable access to and use of high-quality, resilient, gender-responsive, and modern essential social services and protection.",1_SPSP 1-2_OC1-3_OU1.1.2,"Produto 1.1.2: Mais pessoas em situação de vulnerabilidade e marginalizadas têm acesso e são empoderadas através da educação, cuidados de saúde de qualidade e ferramentas para exercer os seus direitos.",2023-01-01,2024-12-31,1_SPSP 1-2_OC1-3_OU1.1.2-4_SOU4,108527,"Programa Nacional de Nutrição e Saúde Escolar (PNSE), de Saúde Infantil (PNSI) e de Saúde Mental apoiado tecnicamente para a melhoria da resposta nacional  (UNICEF)",UNICEF,United Nations Children's Fund,Core Funding,Multilateral - UN organizations excluding pooled funds,,,157414,104000,,,157414,true,104000,false,,false,,false,,,,
1_SPSP 1-2_OC1,"Efeito 1: Até 2027, mais pessoas, especialmente as que vivem em situações de mais vulnerabilidade ou marginalização e as que vivem com deficiências, terão acesso equitativo e utilização de serviços sociais essenciais e de proteção de alta qualidade, resilientes, sensíveis ao género e modernos. / Outcome 1: By 2027, more people, especially those living in the most vulnerable and marginalized situations and those living with disabilities, have equitable access to and use of high-quality, resilient, gender-responsive, and modern essential social services and protection.",1_SPSP 1-2_OC1-3_OU1.1.2,"Produto 1.1.2: Mais pessoas em situação de vulnerabilidade e marginalizadas têm acesso e são empoderadas através da educação, cuidados de saúde de qualidade e ferramentas para exercer os seus direitos.",2023-01-01,2024-12-31,1_SPSP 1-2_OC1-3_OU1.1.2-4_SOU5,108528,"Programas de Saúde e Direitos Sexuais e Reprodutivos (SSR) e Atenção integrada à Saúde do Adolescente sao reforçados (incluindo a saúde mental) (UNICEF, UNFPA)",UNICEF,United Nations Children's Fund,,,,,,,,,,true,,false,,false,,false,25000,,,
1_SPSP 1-2_OC1,"Efeito 1: Até 2027, mais pessoas, especialmente as que vivem em situações de mais vulnerabilidade ou marginalização e as que vivem com deficiências, terão acesso equitativo e utilização de serviços sociais essenciais e de proteção de alta qualidade, resilientes, sensíveis ao género e modernos. / Outcome 1: By 2027, more people, especially those living in the most vulnerable and marginalized situations and those living with disabilities, have equitable access to and use of high-quality, resilient, gender-responsive, and modern essential social services and protection.",1_SPSP 1-2_OC1-3_OU1.1.2,"Produto 1.1.2: Mais pessoas em situação de vulnerabilidade e marginalizadas têm acesso e são empoderadas através da educação, cuidados de saúde de qualidade e ferramentas para exercer os seus direitos.",2023-01-01,2024-12-31,1_SPSP 1-2_OC1-3_OU1.1.2-4_SOU5,108528,"Programas de Saúde e Direitos Sexuais e Reprodutivos (SSR) e Atenção integrada à Saúde do Adolescente sao reforçados (incluindo a saúde mental) (UNICEF, UNFPA)",UNICEF,United Nations Children's Fund,Core Funding,Multilateral - UN organizations excluding pooled funds,,,25000,,,,25000,true,,false,,false,,false,,,,
1_SPSP 1-2_OC1,"Efeito 1: Até 2027, mais pessoas, especialmente as que vivem em situações de mais vulnerabilidade ou marginalização e as que vivem com deficiências, terão acesso equitativo e utilização de serviços sociais essenciais e de proteção de alta qualidade, resilientes, sensíveis ao género e modernos. / Outcome 1: By 2027, more people, especially those living in the most vulnerable and marginalized situations and those living with disabilities, have equitable access to and use of high-quality, resilient, gender-responsive, and modern essential social services and protection.",1_SPSP 1-2_OC1-3_OU1.1.2,"Produto 1.1.2: Mais pessoas em situação de vulnerabilidade e marginalizadas têm acesso e são empoderadas através da educação, cuidados de saúde de qualidade e ferramentas para exercer os seus direitos.",2023-01-01,2024-12-31,1_SPSP 1-2_OC1-3_OU1.1.2-4_SOU5,108528,"Programas de Saúde e Direitos Sexuais e Reprodutivos (SSR) e Atenção integrada à Saúde do Adolescente sao reforçados (incluindo a saúde mental) (UNICEF, UNFPA)",UNFPA,United Nations Population Fund,,,,,,,,,,true,,false,,false,,false,142500,242000,,
1_SPSP 1-2_OC1,"Efeito 1: Até 2027, mais pessoas, especialmente as que vivem em situações de mais vulnerabilidade ou marginalização e as que vivem com deficiências, terão acesso equitativo e utilização de serviços sociais essenciais e de proteção de alta qualidade, resilientes, sensíveis ao género e modernos. / Outcome 1: By 2027, more people, especially those living in the most vulnerable and marginalized situations and those living with disabilities, have equitable access to and use of high-quality, resilient, gender-responsive, and modern essential social services and protection.",1_SPSP 1-2_OC1-3_OU1.1.2,"Produto 1.1.2: Mais pessoas em situação de vulnerabilidade e marginalizadas têm acesso e são empoderadas através da educação, cuidados de saúde de qualidade e ferramentas para exercer os seus direitos.",2023-01-01,2024-12-31,1_SPSP 1-2_OC1-3_OU1.1.2-4_SOU5,108528,"Programas de Saúde e Direitos Sexuais e Reprodutivos (SSR) e Atenção integrada à Saúde do Adolescente sao reforçados (incluindo a saúde mental) (UNICEF, UNFPA)",UNFPA,United Nations Population Fund,Core Funding,Multilateral - UN organizations excluding pooled funds,,,142500,230000,,,142500,true,220000,false,,false,,false,,,,
1_SPSP 1-2_OC1,"Efeito 1: Até 2027, mais pessoas, especialmente as que vivem em situações de mais vulnerabilidade ou marginalização e as que vivem com deficiências, terão acesso equitativo e utilização de serviços sociais essenciais e de proteção de alta qualidade, resilientes, sensíveis ao género e modernos. / Outcome 1: By 2027, more people, especially those living in the most vulnerable and marginalized situations and those living with disabilities, have equitable access to and use of high-quality, resilient, gender-responsive, and modern essential social services and protection.",1_SPSP 1-2_OC1-3_OU1.1.2,"Produto 1.1.2: Mais pessoas em situação de vulnerabilidade e marginalizadas têm acesso e são empoderadas através da educação, cuidados de saúde de qualidade e ferramentas para exercer os seus direitos.",2023-01-01,2024-12-31,1_SPSP 1-2_OC1-3_OU1.1.2-4_SOU6,108529,"Processo de Certificação da Eliminação da Transmissão do VIH e Sífilis de Mãe para Filho (PTV), prevenção da transmissão sexual VIH, da discriminação e do estigma, numa abordagem de mitigação das desigualdades nas PVVIH e pessoas LGBTQIA+ (UNICEF, UNFPA)",UNICEF,United Nations Children's Fund,,,,,,,,,,true,,false,,false,,false,15000,,,
1_SPSP 1-2_OC1,"Efeito 1: Até 2027, mais pessoas, especialmente as que vivem em situações de mais vulnerabilidade ou marginalização e as que vivem com deficiências, terão acesso equitativo e utilização de serviços sociais essenciais e de proteção de alta qualidade, resilientes, sensíveis ao género e modernos. / Outcome 1: By 2027, more people, especially those living in the most vulnerable and marginalized situations and those living with disabilities, have equitable access to and use of high-quality, resilient, gender-responsive, and modern essential social services and protection.",1_SPSP 1-2_OC1-3_OU1.1.2,"Produto 1.1.2: Mais pessoas em situação de vulnerabilidade e marginalizadas têm acesso e são empoderadas através da educação, cuidados de saúde de qualidade e ferramentas para exercer os seus direitos.",2023-01-01,2024-12-31,1_SPSP 1-2_OC1-3_OU1.1.2-4_SOU6,108529,"Processo de Certificação da Eliminação da Transmissão do VIH e Sífilis de Mãe para Filho (PTV), prevenção da transmissão sexual VIH, da discriminação e do estigma, numa abordagem de mitigação das desigualdades nas PVVIH e pessoas LGBTQIA+ (UNICEF, UNFPA)",UNICEF,United Nations Children's Fund,Core Funding,Multilateral - UN organizations excluding pooled funds,,,15000,,,,15000,true,,false,,false,,false,,,,
1_SPSP 1-2_OC1,"Efeito 1: Até 2027, mais pessoas, especialmente as que vivem em situações de mais vulnerabilidade ou marginalização e as que vivem com deficiências, terão acesso equitativo e utilização de serviços sociais essenciais e de proteção de alta qualidade, resilientes, sensíveis ao género e modernos. / Outcome 1: By 2027, more people, especially those living in the most vulnerable and marginalized situations and those living with disabilities, have equitable access to and use of high-quality, resilient, gender-responsive, and modern essential social services and protection.",1_SPSP 1-2_OC1-3_OU1.1.2,"Produto 1.1.2: Mais pessoas em situação de vulnerabilidade e marginalizadas têm acesso e são empoderadas através da educação, cuidados de saúde de qualidade e ferramentas para exercer os seus direitos.",2023-01-01,2024-12-31,1_SPSP 1-2_OC1-3_OU1.1.2-4_SOU6,108529,"Processo de Certificação da Eliminação da Transmissão do VIH e Sífilis de Mãe para Filho (PTV), prevenção da transmissão sexual VIH, da discriminação e do estigma, numa abordagem de mitigação das desigualdades nas PVVIH e pessoas LGBTQIA+ (UNICEF, UNFPA)",UNFPA,United Nations Population Fund,,,,,,,,,,true,,false,,false,,false,40000,80000,,
1_SPSP 1-2_OC1,"Efeito 1: Até 2027, mais pessoas, especialmente as que vivem em situações de mais vulnerabilidade ou marginalização e as que vivem com deficiências, terão acesso equitativo e utilização de serviços sociais essenciais e de proteção de alta qualidade, resilientes, sensíveis ao género e modernos. / Outcome 1: By 2027, more people, especially those living in the most vulnerable and marginalized situations and those living with disabilities, have equitable access to and use of high-quality, resilient, gender-responsive, and modern essential social services and protection.",1_SPSP 1-2_OC1-3_OU1.1.2,"Produto 1.1.2: Mais pessoas em situação de vulnerabilidade e marginalizadas têm acesso e são empoderadas através da educação, cuidados de saúde de qualidade e ferramentas para exercer os seus direitos.",2023-01-01,2024-12-31,1_SPSP 1-2_OC1-3_OU1.1.2-4_SOU6,108529,"Processo de Certificação da Eliminação da Transmissão do VIH e Sífilis de Mãe para Filho (PTV), prevenção da transmissão sexual VIH, da discriminação e do estigma, numa abordagem de mitigação das desigualdades nas PVVIH e pessoas LGBTQIA+ (UNICEF, UNFPA)",UNFPA,United Nations Population Fund,Core Funding,Multilateral - UN organizations excluding pooled funds,,,40000,80000,,,40000,true,80000,false,,false,,false,,,,
1_SPSP 1-2_OC1,"Efeito 1: Até 2027, mais pessoas, especialmente as que vivem em situações de mais vulnerabilidade ou marginalização e as que vivem com deficiências, terão acesso equitativo e utilização de serviços sociais essenciais e de proteção de alta qualidade, resilientes, sensíveis ao género e modernos. / Outcome 1: By 2027, more people, especially those living in the most vulnerable and marginalized situations and those living with disabilities, have equitable access to and use of high-quality, resilient, gender-responsive, and modern essential social services and protection.",1_SPSP 1-2_OC1-3_OU1.1.2,"Produto 1.1.2: Mais pessoas em situação de vulnerabilidade e marginalizadas têm acesso e são empoderadas através da educação, cuidados de saúde de qualidade e ferramentas para exercer os seus direitos.",2023-01-01,2024-12-31,1_SPSP 1-2_OC1-3_OU1.1.2-4_SOU7,108530,Recursos humanos do sistema nacional da saúde são qualificados para responder às necessidades do setor (plano de trabalho da OMS Resultado 1.1.5) (WHO),WHO,World Health Organization,,,,,,,,,,true,,false,,false,,false,22000,90000,,
1_SPSP 1-2_OC1,"Efeito 1: Até 2027, mais pessoas, especialmente as que vivem em situações de mais vulnerabilidade ou marginalização e as que vivem com deficiências, terão acesso equitativo e utilização de serviços sociais essenciais e de proteção de alta qualidade, resilientes, sensíveis ao género e modernos. / Outcome 1: By 2027, more people, especially those living in the most vulnerable and marginalized situations and those living with disabilities, have equitable access to and use of high-quality, resilient, gender-responsive, and modern essential social services and protection.",1_SPSP 1-2_OC1-3_OU1.1.2,"Produto 1.1.2: Mais pessoas em situação de vulnerabilidade e marginalizadas têm acesso e são empoderadas através da educação, cuidados de saúde de qualidade e ferramentas para exercer os seus direitos.",2023-01-01,2024-12-31,1_SPSP 1-2_OC1-3_OU1.1.2-4_SOU7,108530,Recursos humanos do sistema nacional da saúde são qualificados para responder às necessidades do setor (plano de trabalho da OMS Resultado 1.1.5) (WHO),WHO,World Health Organization,Core Funding,Multilateral - UN organizations excluding pooled funds,,,22000,45500,,,22000,true,45500,false,,false,,false,,,,
1_SPSP 1-2_OC1,"Efeito 1: Até 2027, mais pessoas, especialmente as que vivem em situações de mais vulnerabilidade ou marginalização e as que vivem com deficiências, terão acesso equitativo e utilização de serviços sociais essenciais e de proteção de alta qualidade, resilientes, sensíveis ao género e modernos. / Outcome 1: By 2027, more people, especially those living in the most vulnerable and marginalized situations and those living with disabilities, have equitable access to and use of high-quality, resilient, gender-responsive, and modern essential social services and protection.",1_SPSP 1-2_OC1-3_OU1.1.2,"Produto 1.1.2: Mais pessoas em situação de vulnerabilidade e marginalizadas têm acesso e são empoderadas através da educação, cuidados de saúde de qualidade e ferramentas para exercer os seus direitos.",2023-01-01,2024-12-31,1_SPSP 1-2_OC1-3_OU1.1.2-4_SOU8,108531,Os sistemas de saúde para responder às necessidades de saúde específicas da população e às barreiras à equidade ao longo da vida são reforçados (plano de trabalho da OMS Resultado 1.1.3) (WHO),WHO,World Health Organization,,,,,,,,,,true,,false,,false,,false,155000,56000,,
1_SPSP 1-2_OC1,"Efeito 1: Até 2027, mais pessoas, especialmente as que vivem em situações de mais vulnerabilidade ou marginalização e as que vivem com deficiências, terão acesso equitativo e utilização de serviços sociais essenciais e de proteção de alta qualidade, resilientes, sensíveis ao género e modernos. / Outcome 1: By 2027, more people, especially those living in the most vulnerable and marginalized situations and those living with disabilities, have equitable access to and use of high-quality, resilient, gender-responsive, and modern essential social services and protection.",1_SPSP 1-2_OC1-3_OU1.1.2,"Produto 1.1.2: Mais pessoas em situação de vulnerabilidade e marginalizadas têm acesso e são empoderadas através da educação, cuidados de saúde de qualidade e ferramentas para exercer os seus direitos.",2023-01-01,2024-12-31,1_SPSP 1-2_OC1-3_OU1.1.2-4_SOU8,108531,Os sistemas de saúde para responder às necessidades de saúde específicas da população e às barreiras à equidade ao longo da vida são reforçados (plano de trabalho da OMS Resultado 1.1.3) (WHO),WHO,World Health Organization,Core Funding,Multilateral - UN organizations excluding pooled funds,,,155000,56000,,,155000,true,56000,false,,false,,false,,,,
1_SPSP 1-2_OC1,"Efeito 1: Até 2027, mais pessoas, especialmente as que vivem em situações de mais vulnerabilidade ou marginalização e as que vivem com deficiências, terão acesso equitativo e utilização de serviços sociais essenciais e de proteção de alta qualidade, resilientes, sensíveis ao género e modernos. / Outcome 1: By 2027, more people, especially those living in the most vulnerable and marginalized situations and those living with disabilities, have equitable access to and use of high-quality, resilient, gender-responsive, and modern essential social services and protection.",1_SPSP 1-2_OC1-3_OU1.1.2,"Produto 1.1.2: Mais pessoas em situação de vulnerabilidade e marginalizadas têm acesso e são empoderadas através da educação, cuidados de saúde de qualidade e ferramentas para exercer os seus direitos.",2023-01-01,2024-12-31,1_SPSP 1-2_OC1-3_OU1.1.2-4_SOU9,108532,A Comunicação de Riscos para Emergências de Saúde Pública é reforçada gerando uma uma comunicação eficaz geradora de conhecimento e literacia da população (Plano de trabalho da OMS Resultado 2.3.1 e Pilar 2 emergências) (WHO),WHO,World Health Organization,,,,,,,,,,true,,false,,false,,false,20000,80000,,
1_SPSP 1-2_OC1,"Efeito 1: Até 2027, mais pessoas, especialmente as que vivem em situações de mais vulnerabilidade ou marginalização e as que vivem com deficiências, terão acesso equitativo e utilização de serviços sociais essenciais e de proteção de alta qualidade, resilientes, sensíveis ao género e modernos. / Outcome 1: By 2027, more people, especially those living in the most vulnerable and marginalized situations and those living with disabilities, have equitable access to and use of high-quality, resilient, gender-responsive, and modern essential social services and protection.",1_SPSP 1-2_OC1-3_OU1.1.2,"Produto 1.1.2: Mais pessoas em situação de vulnerabilidade e marginalizadas têm acesso e são empoderadas através da educação, cuidados de saúde de qualidade e ferramentas para exercer os seus direitos.",2023-01-01,2024-12-31,1_SPSP 1-2_OC1-3_OU1.1.2-4_SOU9,108532,A Comunicação de Riscos para Emergências de Saúde Pública é reforçada gerando uma uma comunicação eficaz geradora de conhecimento e literacia da população (Plano de trabalho da OMS Resultado 2.3.1 e Pilar 2 emergências) (WHO),WHO,World Health Organization,Core Funding,Multilateral - UN organizations excluding pooled funds,,,20000,80000,,,20000,true,80000,false,,false,,false,,,,
1_SPSP 1-2_OC1,"Efeito 1: Até 2027, mais pessoas, especialmente as que vivem em situações de mais vulnerabilidade ou marginalização e as que vivem com deficiências, terão acesso equitativo e utilização de serviços sociais essenciais e de proteção de alta qualidade, resilientes, sensíveis ao género e modernos. / Outcome 1: By 2027, more people, especially those living in the most vulnerable and marginalized situations and those living with disabilities, have equitable access to and use of high-quality, resilient, gender-responsive, and modern essential social services and protection.",1_SPSP 1-2_OC1-3_OU1.1.2,"Produto 1.1.2: Mais pessoas em situação de vulnerabilidade e marginalizadas têm acesso e são empoderadas através da educação, cuidados de saúde de qualidade e ferramentas para exercer os seus direitos.",2023-01-01,2024-12-31,1_SPSP 1-2_OC1-3_OU1.1.2-4_SOU10,108533,Migrantes em situação de vulnerabilidade são assistidos no retorno e reintegração no seu país (IOM),IOM,International Organization for Migration,,,,,,,,,,false,,false,,false,,false,22675,20000,,
1_SPSP 1-2_OC1,"Efeito 1: Até 2027, mais pessoas, especialmente as que vivem em situações de mais vulnerabilidade ou marginalização e as que vivem com deficiências, terão acesso equitativo e utilização de serviços sociais essenciais e de proteção de alta qualidade, resilientes, sensíveis ao género e modernos. / Outcome 1: By 2027, more people, especially those living in the most vulnerable and marginalized situations and those living with disabilities, have equitable access to and use of high-quality, resilient, gender-responsive, and modern essential social services and protection.",1_SPSP 1-2_OC1-3_OU1.1.2,"Produto 1.1.2: Mais pessoas em situação de vulnerabilidade e marginalizadas têm acesso e são empoderadas através da educação, cuidados de saúde de qualidade e ferramentas para exercer os seus direitos.",2023-01-01,2024-12-31,1_SPSP 1-2_OC1-3_OU1.1.2-4_SOU10,108533,Migrantes em situação de vulnerabilidade são assistidos no retorno e reintegração no seu país (IOM),IOM,International Organization for Migration,Spain,Government,,,22675,20000,,,22675,false,15882,false,,false,,false,,,,
1_SPSP 1-2_OC1,"Efeito 1: Até 2027, mais pessoas, especialmente as que vivem em situações de mais vulnerabilidade ou marginalização e as que vivem com deficiências, terão acesso equitativo e utilização de serviços sociais essenciais e de proteção de alta qualidade, resilientes, sensíveis ao género e modernos. / Outcome 1: By 2027, more people, especially those living in the most vulnerable and marginalized situations and those living with disabilities, have equitable access to and use of high-quality, resilient, gender-responsive, and modern essential social services and protection.",1_SPSP 1-2_OC1-3_OU1.1.2,"Produto 1.1.2: Mais pessoas em situação de vulnerabilidade e marginalizadas têm acesso e são empoderadas através da educação, cuidados de saúde de qualidade e ferramentas para exercer os seus direitos.",2023-03-01,2023-09-01,1_SPSP 1-2_OC1-3_OU1.1.2-4_SOU11,108535,"A prevenção do insucesso escolar e apoiar o processo de escolarização dos grupos mais vulneráveis, especialmente raparigas e mulheres é reforçada (UNDP)(Accelerator Lab)",UNDP,United Nations Development Programme,,,,,,,,,,true,,false,,false,,false,30000,,,
1_SPSP 1-2_OC1,"Efeito 1: Até 2027, mais pessoas, especialmente as que vivem em situações de mais vulnerabilidade ou marginalização e as que vivem com deficiências, terão acesso equitativo e utilização de serviços sociais essenciais e de proteção de alta qualidade, resilientes, sensíveis ao género e modernos. / Outcome 1: By 2027, more people, especially those living in the most vulnerable and marginalized situations and those living with disabilities, have equitable access to and use of high-quality, resilient, gender-responsive, and modern essential social services and protection.",1_SPSP 1-2_OC1-3_OU1.1.2,"Produto 1.1.2: Mais pessoas em situação de vulnerabilidade e marginalizadas têm acesso e são empoderadas através da educação, cuidados de saúde de qualidade e ferramentas para exercer os seus direitos.",2023-03-01,2023-09-01,1_SPSP 1-2_OC1-3_OU1.1.2-4_SOU11,108535,"A prevenção do insucesso escolar e apoiar o processo de escolarização dos grupos mais vulneráveis, especialmente raparigas e mulheres é reforçada (UNDP)(Accelerator Lab)",UNDP,United Nations Development Programme,Core Funding,Multilateral - UN organizations excluding pooled funds,,,30000,,,,20000,true,,false,,false,,false,,,,
1_SPSP 1-2_OC1,"Efeito 1: Até 2027, mais pessoas, especialmente as que vivem em situações de mais vulnerabilidade ou marginalização e as que vivem com deficiências, terão acesso equitativo e utilização de serviços sociais essenciais e de proteção de alta qualidade, resilientes, sensíveis ao género e modernos. / Outcome 1: By 2027, more people, especially those living in the most vulnerable and marginalized situations and those living with disabilities, have equitable access to and use of high-quality, resilient, gender-responsive, and modern essential social services and protection.",1_SPSP 1-2_OC1-3_OU1.1.2,"Produto 1.1.2: Mais pessoas em situação de vulnerabilidade e marginalizadas têm acesso e são empoderadas através da educação, cuidados de saúde de qualidade e ferramentas para exercer os seus direitos.",2023-04-01,2026-12-31,1_SPSP 1-2_OC1-3_OU1.1.2-4_SOU12,108536,Reforçar a melhoria de acesso e de qualidade aos cuidados e tratamento dos problemas associados ao uso de álcool e outras drogas e dependências incluindo nos serviços prisionais (UNODC),UNODC,United Nations Office on Drugs and Crime,,,,,,,,,,false,,false,,false,,false,20000,15000,,90672
1_SPSP 1-2_OC1,"Efeito 1: Até 2027, mais pessoas, especialmente as que vivem em situações de mais vulnerabilidade ou marginalização e as que vivem com deficiências, terão acesso equitativo e utilização de serviços sociais essenciais e de proteção de alta qualidade, resilientes, sensíveis ao género e modernos. / Outcome 1: By 2027, more people, especially those living in the most vulnerable and marginalized situations and those living with disabilities, have equitable access to and use of high-quality, resilient, gender-responsive, and modern essential social services and protection.",1_SPSP 1-2_OC1-3_OU1.1.2,"Produto 1.1.2: Mais pessoas em situação de vulnerabilidade e marginalizadas têm acesso e são empoderadas através da educação, cuidados de saúde de qualidade e ferramentas para exercer os seus direitos.",2023-04-01,2026-12-31,1_SPSP 1-2_OC1-3_OU1.1.2-4_SOU12,108536,Reforçar a melhoria de acesso e de qualidade aos cuidados e tratamento dos problemas associados ao uso de álcool e outras drogas e dependências incluindo nos serviços prisionais (UNODC),UNODC,United Nations Office on Drugs and Crime,The US Government Department of State's Bureau of International Narcotics and Law Enforcement Affairs,Government,The United States of America,Government,10000,13000,,,6500,false,3500,false,,false,,false,,,,
1_SPSP 1-2_OC1,"Efeito 1: Até 2027, mais pessoas, especialmente as que vivem em situações de mais vulnerabilidade ou marginalização e as que vivem com deficiências, terão acesso equitativo e utilização de serviços sociais essenciais e de proteção de alta qualidade, resilientes, sensíveis ao género e modernos. / Outcome 1: By 2027, more people, especially those living in the most vulnerable and marginalized situations and those living with disabilities, have equitable access to and use of high-quality, resilient, gender-responsive, and modern essential social services and protection.",1_SPSP 1-2_OC1-3_OU1.1.2,"Produto 1.1.2: Mais pessoas em situação de vulnerabilidade e marginalizadas têm acesso e são empoderadas através da educação, cuidados de saúde de qualidade e ferramentas para exercer os seus direitos.",2023-04-01,2026-12-31,1_SPSP 1-2_OC1-3_OU1.1.2-4_SOU12,108536,Reforçar a melhoria de acesso e de qualidade aos cuidados e tratamento dos problemas associados ao uso de álcool e outras drogas e dependências incluindo nos serviços prisionais (UNODC),UNODC,United Nations Office on Drugs and Crime,Luxembourg Grand Duchy,Government,Luxembourg,Government,,,,90672,,false,,false,,false,,false,,,,
1_SPSP 1-2_OC1,"Efeito 1: Até 2027, mais pessoas, especialmente as que vivem em situações de mais vulnerabilidade ou marginalização e as que vivem com deficiências, terão acesso equitativo e utilização de serviços sociais essenciais e de proteção de alta qualidade, resilientes, sensíveis ao género e modernos. / Outcome 1: By 2027, more people, especially those living in the most vulnerable and marginalized situations and those living with disabilities, have equitable access to and use of high-quality, resilient, gender-responsive, and modern essential social services and protection.",1_SPSP 1-2_OC1-3_OU1.1.2,"Produto 1.1.2: Mais pessoas em situação de vulnerabilidade e marginalizadas têm acesso e são empoderadas através da educação, cuidados de saúde de qualidade e ferramentas para exercer os seus direitos.",2023-03-01,2023-12-31,1_SPSP 1-2_OC1-3_OU1.1.2-4_SOU13,108537,A implementação do Programa de Reinserçao Social dos Reclusos é apoiada (UNODC),UNODC,United Nations Office on Drugs and Crime,,,,,,,,,,false,,false,,false,,false,10000,,,
1_SPSP 1-2_OC1,"Efeito 1: Até 2027, mais pessoas, especialmente as que vivem em situações de mais vulnerabilidade ou marginalização e as que vivem com deficiências, terão acesso equitativo e utilização de serviços sociais essenciais e de proteção de alta qualidade, resilientes, sensíveis ao género e modernos. / Outcome 1: By 2027, more people, especially those living in the most vulnerable and marginalized situations and those living with disabilities, have equitable access to and use of high-quality, resilient, gender-responsive, and modern essential social services and protection.",1_SPSP 1-2_OC1-3_OU1.1.2,"Produto 1.1.2: Mais pessoas em situação de vulnerabilidade e marginalizadas têm acesso e são empoderadas através da educação, cuidados de saúde de qualidade e ferramentas para exercer os seus direitos.",2023-03-01,2023-12-31,1_SPSP 1-2_OC1-3_OU1.1.2-4_SOU13,108537,A implementação do Programa de Reinserçao Social dos Reclusos é apoiada (UNODC),UNODC,United Nations Office on Drugs and Crime,The US Government Department of State's Bureau of International Narcotics and Law Enforcement Affairs,Government,The United States of America,Government,10000,,,,2500,false,,false,,false,,false,,,,
1_SPSP 1-2_OC1,"Efeito 1: Até 2027, mais pessoas, especialmente as que vivem em situações de mais vulnerabilidade ou marginalização e as que vivem com deficiências, terão acesso equitativo e utilização de serviços sociais essenciais e de proteção de alta qualidade, resilientes, sensíveis ao género e modernos. / Outcome 1: By 2027, more people, especially those living in the most vulnerable and marginalized situations and those living with disabilities, have equitable access to and use of high-quality, resilient, gender-responsive, and modern essential social services and protection.",1_SPSP 1-2_OC1-3_OU1.1.2,"Produto 1.1.2: Mais pessoas em situação de vulnerabilidade e marginalizadas têm acesso e são empoderadas através da educação, cuidados de saúde de qualidade e ferramentas para exercer os seus direitos.",2023-05-01,2024-12-31,1_SPSP 1-2_OC1-3_OU1.1.2-4_SOU14,108538,O Programa de Reforço da Competência das Familias para Prevenção do Uso de Drogas e da Violência é reforçada com enfoque na melhoria da comunicação e relações interpessoais (UNODC),UNODC,United Nations Office on Drugs and Crime,,,,,,,,,,false,,false,,false,,false,25000,30000,,
1_SPSP 1-2_OC1,"Efeito 1: Até 2027, mais pessoas, especialmente as que vivem em situações de mais vulnerabilidade ou marginalização e as que vivem com deficiências, terão acesso equitativo e utilização de serviços sociais essenciais e de proteção de alta qualidade, resilientes, sensíveis ao género e modernos. / Outcome 1: By 2027, more people, especially those living in the most vulnerable and marginalized situations and those living with disabilities, have equitable access to and use of high-quality, resilient, gender-responsive, and modern essential social services and protection.",1_SPSP 1-2_OC1-3_OU1.1.2,"Produto 1.1.2: Mais pessoas em situação de vulnerabilidade e marginalizadas têm acesso e são empoderadas através da educação, cuidados de saúde de qualidade e ferramentas para exercer os seus direitos.",2023-05-01,2024-12-31,1_SPSP 1-2_OC1-3_OU1.1.2-4_SOU14,108538,O Programa de Reforço da Competência das Familias para Prevenção do Uso de Drogas e da Violência é reforçada com enfoque na melhoria da comunicação e relações interpessoais (UNODC),UNODC,United Nations Office on Drugs and Crime,The US Government Department of State's Bureau of International Narcotics and Law Enforcement Affairs,Government,The United States of America,Government,10000,5000,,,8000,false,5000,false,,false,,false,,,,
1_SPSP 1-2_OC1,"Efeito 1: Até 2027, mais pessoas, especialmente as que vivem em situações de mais vulnerabilidade ou marginalização e as que vivem com deficiências, terão acesso equitativo e utilização de serviços sociais essenciais e de proteção de alta qualidade, resilientes, sensíveis ao género e modernos. / Outcome 1: By 2027, more people, especially those living in the most vulnerable and marginalized situations and those living with disabilities, have equitable access to and use of high-quality, resilient, gender-responsive, and modern essential social services and protection.",1_SPSP 1-2_OC1-3_OU1.1.2,"Produto 1.1.2: Mais pessoas em situação de vulnerabilidade e marginalizadas têm acesso e são empoderadas através da educação, cuidados de saúde de qualidade e ferramentas para exercer os seus direitos.",2023-01-01,2024-12-31,1_SPSP 1-2_OC1-3_OU1.1.2-4_SOU15,108539,Reforçar a capacitação institucional técnica no âmbito do sistema de Proteção Social (ILO),ILO,International Labour Organisation,,,,,,,,,,true,,false,,false,,false,46106,22555,,
1_SPSP 1-2_OC1,"Efeito 1: Até 2027, mais pessoas, especialmente as que vivem em situações de mais vulnerabilidade ou marginalização e as que vivem com deficiências, terão acesso equitativo e utilização de serviços sociais essenciais e de proteção de alta qualidade, resilientes, sensíveis ao género e modernos. / Outcome 1: By 2027, more people, especially those living in the most vulnerable and marginalized situations and those living with disabilities, have equitable access to and use of high-quality, resilient, gender-responsive, and modern essential social services and protection.",1_SPSP 1-2_OC1-3_OU1.1.2,"Produto 1.1.2: Mais pessoas em situação de vulnerabilidade e marginalizadas têm acesso e são empoderadas através da educação, cuidados de saúde de qualidade e ferramentas para exercer os seus direitos.",2023-01-01,2024-12-31,1_SPSP 1-2_OC1-3_OU1.1.2-4_SOU15,108539,Reforçar a capacitação institucional técnica no âmbito do sistema de Proteção Social (ILO),ILO,International Labour Organisation,Portugal,Government,,,46106,22555,,,36924,true,22555,false,,false,,false,,,,
1_SPSP 1-2_OC1,"Efeito 1: Até 2027, mais pessoas, especialmente as que vivem em situações de mais vulnerabilidade ou marginalização e as que vivem com deficiências, terão acesso equitativo e utilização de serviços sociais essenciais e de proteção de alta qualidade, resilientes, sensíveis ao género e modernos. / Outcome 1: By 2027, more people, especially those living in the most vulnerable and marginalized situations and those living with disabilities, have equitable access to and use of high-quality, resilient, gender-responsive, and modern essential social services and protection.",1_SPSP 1-2_OC1-3_OU1.1.2,"Produto 1.1.2: Mais pessoas em situação de vulnerabilidade e marginalizadas têm acesso e são empoderadas através da educação, cuidados de saúde de qualidade e ferramentas para exercer os seus direitos.",2023-01-01,2024-12-31,1_SPSP 1-2_OC1-3_OU1.1.2-4_SOU16,108540,Desenvolver uma estratégia de comunicação relativa à Proteção Social (ILO),ILO,International Labour Organisation,,,,,,,,,,true,,false,,false,,false,20697,28194,,
1_SPSP 1-2_OC1,"Efeito 1: Até 2027, mais pessoas, especialmente as que vivem em situações de mais vulnerabilidade ou marginalização e as que vivem com deficiências, terão acesso equitativo e utilização de serviços sociais essenciais e de proteção de alta qualidade, resilientes, sensíveis ao género e modernos. / Outcome 1: By 2027, more people, especially those living in the most vulnerable and marginalized situations and those living with disabilities, have equitable access to and use of high-quality, resilient, gender-responsive, and modern essential social services and protection.",1_SPSP 1-2_OC1-3_OU1.1.2,"Produto 1.1.2: Mais pessoas em situação de vulnerabilidade e marginalizadas têm acesso e são empoderadas através da educação, cuidados de saúde de qualidade e ferramentas para exercer os seus direitos.",2023-01-01,2024-12-31,1_SPSP 1-2_OC1-3_OU1.1.2-4_SOU16,108540,Desenvolver uma estratégia de comunicação relativa à Proteção Social (ILO),ILO,International Labour Organisation,Portugal,Government,,,20697,28194,,,17637,true,28194,false,,false,,false,,,,
1_SPSP 1-2_OC1,"Efeito 1: Até 2027, mais pessoas, especialmente as que vivem em situações de mais vulnerabilidade ou marginalização e as que vivem com deficiências, terão acesso equitativo e utilização de serviços sociais essenciais e de proteção de alta qualidade, resilientes, sensíveis ao género e modernos. / Outcome 1: By 2027, more people, especially those living in the most vulnerable and marginalized situations and those living with disabilities, have equitable access to and use of high-quality, resilient, gender-responsive, and modern essential social services and protection.",1_SPSP 1-2_OC1-3_OU1.1.2,"Produto 1.1.2: Mais pessoas em situação de vulnerabilidade e marginalizadas têm acesso e são empoderadas através da educação, cuidados de saúde de qualidade e ferramentas para exercer os seus direitos.",2023-01-01,2024-12-31,1_SPSP 1-2_OC1-3_OU1.1.2-4_SOU17,108541,"Partilha de conhecimentos, experiências e boas práticas no contexto da Proteção Social (ILO)",ILO,International Labour Organisation,,,,,,,,,,true,,false,,false,,false,15368,28194,,
1_SPSP 1-2_OC1,"Efeito 1: Até 2027, mais pessoas, especialmente as que vivem em situações de mais vulnerabilidade ou marginalização e as que vivem com deficiências, terão acesso equitativo e utilização de serviços sociais essenciais e de proteção de alta qualidade, resilientes, sensíveis ao género e modernos. / Outcome 1: By 2027, more people, especially those living in the most vulnerable and marginalized situations and those living with disabilities, have equitable access to and use of high-quality, resilient, gender-responsive, and modern essential social services and protection.",1_SPSP 1-2_OC1-3_OU1.1.2,"Produto 1.1.2: Mais pessoas em situação de vulnerabilidade e marginalizadas têm acesso e são empoderadas através da educação, cuidados de saúde de qualidade e ferramentas para exercer os seus direitos.",2023-01-01,2024-12-31,1_SPSP 1-2_OC1-3_OU1.1.2-4_SOU17,108541,"Partilha de conhecimentos, experiências e boas práticas no contexto da Proteção Social (ILO)",ILO,International Labour Organisation,Portugal,Government,,,15368,28194,,,12308,true,28194,false,,false,,false,,,,
1_SPSP 1-2_OC1,"Efeito 1: Até 2027, mais pessoas, especialmente as que vivem em situações de mais vulnerabilidade ou marginalização e as que vivem com deficiências, terão acesso equitativo e utilização de serviços sociais essenciais e de proteção de alta qualidade, resilientes, sensíveis ao género e modernos. / Outcome 1: By 2027, more people, especially those living in the most vulnerable and marginalized situations and those living with disabilities, have equitable access to and use of high-quality, resilient, gender-responsive, and modern essential social services and protection.",1_SPSP 1-2_OC1-3_OU1.1.2,"Produto 1.1.2: Mais pessoas em situação de vulnerabilidade e marginalizadas têm acesso e são empoderadas através da educação, cuidados de saúde de qualidade e ferramentas para exercer os seus direitos.",2023-04-01,2024-12-31,1_SPSP 1-2_OC1-3_OU1.1.2-4_SOU18,108542,Conduzir um estudo de viabilidade de Smart Village/Smart Island para Cabo Verde (ITU),ITU,International Telecommunication Union,,,,,,,,,,false,,false,,false,,false,30000,10000,,
1_SPSP 1-2_OC1,"Efeito 1: Até 2027, mais pessoas, especialmente as que vivem em situações de mais vulnerabilidade ou marginalização e as que vivem com deficiências, terão acesso equitativo e utilização de serviços sociais essenciais e de proteção de alta qualidade, resilientes, sensíveis ao género e modernos. / Outcome 1: By 2027, more people, especially those living in the most vulnerable and marginalized situations and those living with disabilities, have equitable access to and use of high-quality, resilient, gender-responsive, and modern essential social services and protection.",1_SPSP 1-2_OC1-3_OU1.1.2,"Produto 1.1.2: Mais pessoas em situação de vulnerabilidade e marginalizadas têm acesso e são empoderadas através da educação, cuidados de saúde de qualidade e ferramentas para exercer os seus direitos.",2023-04-01,2024-12-31,1_SPSP 1-2_OC1-3_OU1.1.2-4_SOU18,108542,Conduzir um estudo de viabilidade de Smart Village/Smart Island para Cabo Verde (ITU),ITU,International Telecommunication Union,Core Funding,Multilateral - UN organizations excluding pooled funds,,,5000,5000,,,,false,5000,false,,false,,false,,,,
1_SPSP 1-2_OC1,"Efeito 1: Até 2027, mais pessoas, especialmente as que vivem em situações de mais vulnerabilidade ou marginalização e as que vivem com deficiências, terão acesso equitativo e utilização de serviços sociais essenciais e de proteção de alta qualidade, resilientes, sensíveis ao género e modernos. / Outcome 1: By 2027, more people, especially those living in the most vulnerable and marginalized situations and those living with disabilities, have equitable access to and use of high-quality, resilient, gender-responsive, and modern essential social services and protection.",1_SPSP 1-2_OC1-3_OU1.1.2,"Produto 1.1.2: Mais pessoas em situação de vulnerabilidade e marginalizadas têm acesso e são empoderadas através da educação, cuidados de saúde de qualidade e ferramentas para exercer os seus direitos.",2023-06-27,2023-09-01,1_SPSP 1-2_OC1-3_OU1.1.2-4_SOU19,111486,"Capacitação das crianças, e adolescentes nas areas da programação e robótica ao fornecer experiências práticas com IA, modding, segurança cibernética e outros tópicos relevantes e em demanda (UNDP)(Accelerator Lab)",UNDP,United Nations Development Programme,,,,,,,,,,true,,false,,false,,false,6000,,,
1_SPSP 1-2_OC1,"Efeito 1: Até 2027, mais pessoas, especialmente as que vivem em situações de mais vulnerabilidade ou marginalização e as que vivem com deficiências, terão acesso equitativo e utilização de serviços sociais essenciais e de proteção de alta qualidade, resilientes, sensíveis ao género e modernos. / Outcome 1: By 2027, more people, especially those living in the most vulnerable and marginalized situations and those living with disabilities, have equitable access to and use of high-quality, resilient, gender-responsive, and modern essential social services and protection.",1_SPSP 1-2_OC1-3_OU1.1.2,"Produto 1.1.2: Mais pessoas em situação de vulnerabilidade e marginalizadas têm acesso e são empoderadas através da educação, cuidados de saúde de qualidade e ferramentas para exercer os seus direitos.",2023-06-27,2023-09-01,1_SPSP 1-2_OC1-3_OU1.1.2-4_SOU19,111486,"Capacitação das crianças, e adolescentes nas areas da programação e robótica ao fornecer experiências práticas com IA, modding, segurança cibernética e outros tópicos relevantes e em demanda (UNDP)(Accelerator Lab)",UNDP,United Nations Development Programme,Core Funding,Multilateral - UN organizations excluding pooled funds,,,6000,,,,5900,true,,false,,false,,false,,,,
1_SPSP 1-2_OC1,"Efeito 1: Até 2027, mais pessoas, especialmente as que vivem em situações de mais vulnerabilidade ou marginalização e as que vivem com deficiências, terão acesso equitativo e utilização de serviços sociais essenciais e de proteção de alta qualidade, resilientes, sensíveis ao género e modernos. / Outcome 1: By 2027, more people, especially those living in the most vulnerable and marginalized situations and those living with disabilities, have equitable access to and use of high-quality, resilient, gender-responsive, and modern essential social services and protection.",1_SPSP 1-2_OC1-3_OU1.1.2,"Produto 1.1.2: Mais pessoas em situação de vulnerabilidade e marginalizadas têm acesso e são empoderadas através da educação, cuidados de saúde de qualidade e ferramentas para exercer os seus direitos.",2024-03-21,2024-12-31,1_SPSP 1-2_OC1-3_OU1.1.2-4_SOU20,148128,"Investigação para uma solução energética sustentável para o empoderamento de grupos mais vulneráveis, especialmente de mulheres, e meninas (UNDP) (Accelerator Lab)",UNDP,United Nations Development Programme,,,,,,,,,,false,,false,,false,,false,,10000,,
1_SPSP 1-2_OC1,"Efeito 1: Até 2027, mais pessoas, especialmente as que vivem em situações de mais vulnerabilidade ou marginalização e as que vivem com deficiências, terão acesso equitativo e utilização de serviços sociais essenciais e de proteção de alta qualidade, resilientes, sensíveis ao género e modernos. / Outcome 1: By 2027, more people, especially those living in the most vulnerable and marginalized situations and those living with disabilities, have equitable access to and use of high-quality, resilient, gender-responsive, and modern essential social services and protection.",1_SPSP 1-2_OC1-3_OU1.1.2,"Produto 1.1.2: Mais pessoas em situação de vulnerabilidade e marginalizadas têm acesso e são empoderadas através da educação, cuidados de saúde de qualidade e ferramentas para exercer os seus direitos.",2024-03-21,2024-12-31,1_SPSP 1-2_OC1-3_OU1.1.2-4_SOU20,148128,"Investigação para uma solução energética sustentável para o empoderamento de grupos mais vulneráveis, especialmente de mulheres, e meninas (UNDP) (Accelerator Lab)",UNDP,United Nations Development Programme,Core Funding,Multilateral - UN organizations excluding pooled funds,,,,10000,,,,false,10000,false,,false,,false,,,,
1_SPSP 1-2_OC1,"Efeito 1: Até 2027, mais pessoas, especialmente as que vivem em situações de mais vulnerabilidade ou marginalização e as que vivem com deficiências, terão acesso equitativo e utilização de serviços sociais essenciais e de proteção de alta qualidade, resilientes, sensíveis ao género e modernos. / Outcome 1: By 2027, more people, especially those living in the most vulnerable and marginalized situations and those living with disabilities, have equitable access to and use of high-quality, resilient, gender-responsive, and modern essential social services and protection.",1_SPSP 1-2_OC1-3_OU1.1.2,"Produto 1.1.2: Mais pessoas em situação de vulnerabilidade e marginalizadas têm acesso e são empoderadas através da educação, cuidados de saúde de qualidade e ferramentas para exercer os seus direitos.",2024-01-01,2024-12-31,1_SPSP 1-2_OC1-3_OU1.1.2-4_SOU22,148166,A Iniciativa Nacional de Educação para o Desenvolvimento Sustentável 2030 é adoptada pelo governo e é lançada a implementação das actividades identificadas na Iniciativa Nacional (UNESCO),UNESCO,"United Nations Educational, Scientific and Cultural Organisation",,,,,,,,,,false,,false,,false,,false,,93000,,
1_SPSP 1-2_OC1,"Efeito 1: Até 2027, mais pessoas, especialmente as que vivem em situações de mais vulnerabilidade ou marginalização e as que vivem com deficiências, terão acesso equitativo e utilização de serviços sociais essenciais e de proteção de alta qualidade, resilientes, sensíveis ao género e modernos. / Outcome 1: By 2027, more people, especially those living in the most vulnerable and marginalized situations and those living with disabilities, have equitable access to and use of high-quality, resilient, gender-responsive, and modern essential social services and protection.",1_SPSP 1-2_OC1-3_OU1.1.2,"Produto 1.1.2: Mais pessoas em situação de vulnerabilidade e marginalizadas têm acesso e são empoderadas através da educação, cuidados de saúde de qualidade e ferramentas para exercer os seus direitos.",2024-01-01,2024-12-31,1_SPSP 1-2_OC1-3_OU1.1.2-4_SOU22,148166,A Iniciativa Nacional de Educação para o Desenvolvimento Sustentável 2030 é adoptada pelo governo e é lançada a implementação das actividades identificadas na Iniciativa Nacional (UNESCO),UNESCO,"United Nations Educational, Scientific and Cultural Organisation",Core Funding,Multilateral - UN organizations excluding pooled funds,,,,3000,,,,false,,false,,false,,false,,,,
1_SPSP 1-2_OC1,"Efeito 1: Até 2027, mais pessoas, especialmente as que vivem em situações de mais vulnerabilidade ou marginalização e as que vivem com deficiências, terão acesso equitativo e utilização de serviços sociais essenciais e de proteção de alta qualidade, resilientes, sensíveis ao género e modernos. / Outcome 1: By 2027, more people, especially those living in the most vulnerable and marginalized situations and those living with disabilities, have equitable access to and use of high-quality, resilient, gender-responsive, and modern essential social services and protection.",1_SPSP 1-2_OC1-3_OU1.1.2,"Produto 1.1.2: Mais pessoas em situação de vulnerabilidade e marginalizadas têm acesso e são empoderadas através da educação, cuidados de saúde de qualidade e ferramentas para exercer os seus direitos.",2024-01-01,2024-12-31,1_SPSP 1-2_OC1-3_OU1.1.2-4_SOU22,148166,A Iniciativa Nacional de Educação para o Desenvolvimento Sustentável 2030 é adoptada pelo governo e é lançada a implementação das actividades identificadas na Iniciativa Nacional (UNESCO),UNESCO,"United Nations Educational, Scientific and Cultural Organisation",Japanese Supplementary Fund,Government,Japan,Government,,90000,,,,false,30000,false,,false,,false,,,,
1_SPSP 1-2_OC1,"Efeito 1: Até 2027, mais pessoas, especialmente as que vivem em situações de mais vulnerabilidade ou marginalização e as que vivem com deficiências, terão acesso equitativo e utilização de serviços sociais essenciais e de proteção de alta qualidade, resilientes, sensíveis ao género e modernos. / Outcome 1: By 2027, more people, especially those living in the most vulnerable and marginalized situations and those living with disabilities, have equitable access to and use of high-quality, resilient, gender-responsive, and modern essential social services and protection.",1_SPSP 1-2_OC1-3_OU1.1.2,"Produto 1.1.2: Mais pessoas em situação de vulnerabilidade e marginalizadas têm acesso e são empoderadas através da educação, cuidados de saúde de qualidade e ferramentas para exercer os seus direitos.",2024-05-01,2024-12-31,1_SPSP 1-2_OC1-3_OU1.1.2-4_SOU23,153233,"Cabo Verde beneficia de un conjunto de indicadores para fazer o seguimento do Compromisso da África Occidental e Central para Adolescentes e Jóvens Educados, Saudáveis e Realizados (UNESC0)",UNESCO,"United Nations Educational, Scientific and Cultural Organisation",,,,,,,,,,false,,false,,false,,false,,15000,,
1_SPSP 1-2_OC1,"Efeito 1: Até 2027, mais pessoas, especialmente as que vivem em situações de mais vulnerabilidade ou marginalização e as que vivem com deficiências, terão acesso equitativo e utilização de serviços sociais essenciais e de proteção de alta qualidade, resilientes, sensíveis ao género e modernos. / Outcome 1: By 2027, more people, especially those living in the most vulnerable and marginalized situations and those living with disabilities, have equitable access to and use of high-quality, resilient, gender-responsive, and modern essential social services and protection.",1_SPSP 1-2_OC1-3_OU1.1.2,"Produto 1.1.2: Mais pessoas em situação de vulnerabilidade e marginalizadas têm acesso e são empoderadas através da educação, cuidados de saúde de qualidade e ferramentas para exercer os seus direitos.",2024-05-01,2024-12-31,1_SPSP 1-2_OC1-3_OU1.1.2-4_SOU23,153233,"Cabo Verde beneficia de un conjunto de indicadores para fazer o seguimento do Compromisso da África Occidental e Central para Adolescentes e Jóvens Educados, Saudáveis e Realizados (UNESC0)",UNESCO,"United Nations Educational, Scientific and Cultural Organisation",Norwegian Agency for Development Cooperation,Government,Norway,Government,,5000,,,,false,,false,,false,,false,,,,
1_SPSP 1-2_OC1,"Efeito 1: Até 2027, mais pessoas, especialmente as que vivem em situações de mais vulnerabilidade ou marginalização e as que vivem com deficiências, terão acesso equitativo e utilização de serviços sociais essenciais e de proteção de alta qualidade, resilientes, sensíveis ao género e modernos. / Outcome 1: By 2027, more people, especially those living in the most vulnerable and marginalized situations and those living with disabilities, have equitable access to and use of high-quality, resilient, gender-responsive, and modern essential social services and protection.",1_SPSP 1-2_OC1-3_OU1.1.2,"Produto 1.1.2: Mais pessoas em situação de vulnerabilidade e marginalizadas têm acesso e são empoderadas através da educação, cuidados de saúde de qualidade e ferramentas para exercer os seus direitos.",2024-05-01,2024-12-31,1_SPSP 1-2_OC1-3_OU1.1.2-4_SOU23,153233,"Cabo Verde beneficia de un conjunto de indicadores para fazer o seguimento do Compromisso da África Occidental e Central para Adolescentes e Jóvens Educados, Saudáveis e Realizados (UNESC0)",UNESCO,"United Nations Educational, Scientific and Cultural Organisation",Swedish International Development Cooperation Agency,Government,Sweden,Government,,5000,,,,false,,false,,false,,false,,,,
1_SPSP 1-2_OC1,"Efeito 1: Até 2027, mais pessoas, especialmente as que vivem em situações de mais vulnerabilidade ou marginalização e as que vivem com deficiências, terão acesso equitativo e utilização de serviços sociais essenciais e de proteção de alta qualidade, resilientes, sensíveis ao género e modernos. / Outcome 1: By 2027, more people, especially those living in the most vulnerable and marginalized situations and those living with disabilities, have equitable access to and use of high-quality, resilient, gender-responsive, and modern essential social services and protection.",1_SPSP 1-2_OC1-3_OU1.1.2,"Produto 1.1.2: Mais pessoas em situação de vulnerabilidade e marginalizadas têm acesso e são empoderadas através da educação, cuidados de saúde de qualidade e ferramentas para exercer os seus direitos.",2024-05-01,2024-12-31,1_SPSP 1-2_OC1-3_OU1.1.2-4_SOU23,153233,"Cabo Verde beneficia de un conjunto de indicadores para fazer o seguimento do Compromisso da África Occidental e Central para Adolescentes e Jóvens Educados, Saudáveis e Realizados (UNESC0)",UNESCO,"United Nations Educational, Scientific and Cultural Organisation",France,Government,,,,5000,,,,false,,false,,false,,false,,,,
1_SPSP 1-2_OC1,"Efeito 1: Até 2027, mais pessoas, especialmente as que vivem em situações de mais vulnerabilidade ou marginalização e as que vivem com deficiências, terão acesso equitativo e utilização de serviços sociais essenciais e de proteção de alta qualidade, resilientes, sensíveis ao género e modernos. / Outcome 1: By 2027, more people, especially those living in the most vulnerable and marginalized situations and those living with disabilities, have equitable access to and use of high-quality, resilient, gender-responsive, and modern essential social services and protection.",1_SPSP 1-2_OC1-3_OU1.1.2,"Produto 1.1.2: Mais pessoas em situação de vulnerabilidade e marginalizadas têm acesso e são empoderadas através da educação, cuidados de saúde de qualidade e ferramentas para exercer os seus direitos.",2024-01-01,2024-12-31,1_SPSP 1-2_OC1-3_OU1.1.2-4_SOU25,149593,"Promover o acesso confiável, a baixo custo e sustentável à energia elétrica a partir de fontes renováveis às famílias vulneráveis e pobres (UNDP)(GEF SGP)",UNDP,United Nations Development Programme,,,,,,,,,,false,,false,,false,,false,,68000,,
1_SPSP 1-2_OC1,"Efeito 1: Até 2027, mais pessoas, especialmente as que vivem em situações de mais vulnerabilidade ou marginalização e as que vivem com deficiências, terão acesso equitativo e utilização de serviços sociais essenciais e de proteção de alta qualidade, resilientes, sensíveis ao género e modernos. / Outcome 1: By 2027, more people, especially those living in the most vulnerable and marginalized situations and those living with disabilities, have equitable access to and use of high-quality, resilient, gender-responsive, and modern essential social services and protection.",1_SPSP 1-2_OC1-3_OU1.1.2,"Produto 1.1.2: Mais pessoas em situação de vulnerabilidade e marginalizadas têm acesso e são empoderadas através da educação, cuidados de saúde de qualidade e ferramentas para exercer os seus direitos.",2024-01-01,2024-12-31,1_SPSP 1-2_OC1-3_OU1.1.2-4_SOU25,149593,"Promover o acesso confiável, a baixo custo e sustentável à energia elétrica a partir de fontes renováveis às famílias vulneráveis e pobres (UNDP)(GEF SGP)",UNDP,United Nations Development Programme,Global Environment Facility - Small Grants Programme,Multilateral - Global vertical funds,The Global Environment Facility,Multilateral - Global vertical funds,,68000,,,,false,68000,false,,false,,false,,,,
1_SPSP 1-2_OC1,"Efeito 1: Até 2027, mais pessoas, especialmente as que vivem em situações de mais vulnerabilidade ou marginalização e as que vivem com deficiências, terão acesso equitativo e utilização de serviços sociais essenciais e de proteção de alta qualidade, resilientes, sensíveis ao género e modernos. / Outcome 1: By 2027, more people, especially those living in the most vulnerable and marginalized situations and those living with disabilities, have equitable access to and use of high-quality, resilient, gender-responsive, and modern essential social services and protection.",1_SPSP 1-2_OC1-3_OU1.1.2,"Produto 1.1.2: Mais pessoas em situação de vulnerabilidade e marginalizadas têm acesso e são empoderadas através da educação, cuidados de saúde de qualidade e ferramentas para exercer os seus direitos.",2024-02-01,2024-12-31,1_SPSP 1-2_OC1-3_OU1.1.2-4_SOU105,155921,"Desenvolvimento da Plataforma NetXtudo, rede de aprendizagem digital para as escolas do ensino básico obrigatório (Accelerator Lab) (UNDP)",UNDP,United Nations Development Programme,,,,,,,,,,false,,false,,false,,false,,25000,,
1_SPSP 1-2_OC1,"Efeito 1: Até 2027, mais pessoas, especialmente as que vivem em situações de mais vulnerabilidade ou marginalização e as que vivem com deficiências, terão acesso equitativo e utilização de serviços sociais essenciais e de proteção de alta qualidade, resilientes, sensíveis ao género e modernos. / Outcome 1: By 2027, more people, especially those living in the most vulnerable and marginalized situations and those living with disabilities, have equitable access to and use of high-quality, resilient, gender-responsive, and modern essential social services and protection.",1_SPSP 1-2_OC1-3_OU1.1.2,"Produto 1.1.2: Mais pessoas em situação de vulnerabilidade e marginalizadas têm acesso e são empoderadas através da educação, cuidados de saúde de qualidade e ferramentas para exercer os seus direitos.",2024-02-01,2024-12-31,1_SPSP 1-2_OC1-3_OU1.1.2-4_SOU105,155921,"Desenvolvimento da Plataforma NetXtudo, rede de aprendizagem digital para as escolas do ensino básico obrigatório (Accelerator Lab) (UNDP)",UNDP,United Nations Development Programme,Core Funding,Multilateral - UN organizations excluding pooled funds,,,,15000,,,,false,15000,false,,false,,false,,,,
1_SPSP 1-2_OC1,"Efeito 1: Até 2027, mais pessoas, especialmente as que vivem em situações de mais vulnerabilidade ou marginalização e as que vivem com deficiências, terão acesso equitativo e utilização de serviços sociais essenciais e de proteção de alta qualidade, resilientes, sensíveis ao género e modernos. / Outcome 1: By 2027, more people, especially those living in the most vulnerable and marginalized situations and those living with disabilities, have equitable access to and use of high-quality, resilient, gender-responsive, and modern essential social services and protection.",1_SPSP 1-2_OC1-3_OU1.1.2,"Produto 1.1.2: Mais pessoas em situação de vulnerabilidade e marginalizadas têm acesso e são empoderadas através da educação, cuidados de saúde de qualidade e ferramentas para exercer os seus direitos.",2024-04-30,2024-09-07,1_SPSP 1-2_OC1-3_OU1.1.2-4_SOU223,168982,BOOTCAMP DE CIÊNCIA Construindo Pontes através da Ciência: Bootcamp Inclusivo para Crianças e Adolescentes (UNDP)(Accelerator Lab),UNDP,United Nations Development Programme,,,,,,,,,,false,,false,,false,,false,,5000,,
1_SPSP 1-2_OC1,"Efeito 1: Até 2027, mais pessoas, especialmente as que vivem em situações de mais vulnerabilidade ou marginalização e as que vivem com deficiências, terão acesso equitativo e utilização de serviços sociais essenciais e de proteção de alta qualidade, resilientes, sensíveis ao género e modernos. / Outcome 1: By 2027, more people, especially those living in the most vulnerable and marginalized situations and those living with disabilities, have equitable access to and use of high-quality, resilient, gender-responsive, and modern essential social services and protection.",1_SPSP 1-2_OC1-3_OU1.1.2,"Produto 1.1.2: Mais pessoas em situação de vulnerabilidade e marginalizadas têm acesso e são empoderadas através da educação, cuidados de saúde de qualidade e ferramentas para exercer os seus direitos.",2024-04-30,2024-09-07,1_SPSP 1-2_OC1-3_OU1.1.2-4_SOU223,168982,BOOTCAMP DE CIÊNCIA Construindo Pontes através da Ciência: Bootcamp Inclusivo para Crianças e Adolescentes (UNDP)(Accelerator Lab),UNDP,United Nations Development Programme,Core Funding,Multilateral - UN organizations excluding pooled funds,,,,5000,,,,false,5000,false,,false,,false,,,,
1_SPSP 1-2_OC1,"Efeito 1: Até 2027, mais pessoas, especialmente as que vivem em situações de mais vulnerabilidade ou marginalização e as que vivem com deficiências, terão acesso equitativo e utilização de serviços sociais essenciais e de proteção de alta qualidade, resilientes, sensíveis ao género e modernos. / Outcome 1: By 2027, more people, especially those living in the most vulnerable and marginalized situations and those living with disabilities, have equitable access to and use of high-quality, resilient, gender-responsive, and modern essential social services and protection.",1_SPSP 1-2_OC1-3_OU1.1.2,"Produto 1.1.2: Mais pessoas em situação de vulnerabilidade e marginalizadas têm acesso e são empoderadas através da educação, cuidados de saúde de qualidade e ferramentas para exercer os seus direitos.",2025-01-01,2025-12-31,1_SPSP 1-2_OC1-3_OU1.1.2-4_SOU224,179184,Recursos humanos do sistema de saúde mais qualificados para responder às necessidades do setor - 2025 (Output 1.1.5) (WHO),WHO,World Health Organization,,,,,,,,,,false,,false,,false,,false,,,35000,
1_SPSP 1-2_OC1,"Efeito 1: Até 2027, mais pessoas, especialmente as que vivem em situações de mais vulnerabilidade ou marginalização e as que vivem com deficiências, terão acesso equitativo e utilização de serviços sociais essenciais e de proteção de alta qualidade, resilientes, sensíveis ao género e modernos. / Outcome 1: By 2027, more people, especially those living in the most vulnerable and marginalized situations and those living with disabilities, have equitable access to and use of high-quality, resilient, gender-responsive, and modern essential social services and protection.",1_SPSP 1-2_OC1-3_OU1.1.2,"Produto 1.1.2: Mais pessoas em situação de vulnerabilidade e marginalizadas têm acesso e são empoderadas através da educação, cuidados de saúde de qualidade e ferramentas para exercer os seus direitos.",2025-01-01,2025-12-31,1_SPSP 1-2_OC1-3_OU1.1.2-4_SOU224,179184,Recursos humanos do sistema de saúde mais qualificados para responder às necessidades do setor - 2025 (Output 1.1.5) (WHO),WHO,World Health Organization,World Health Organization,Multilateral - UN organizations excluding pooled funds,,,,,30000,,,false,,false,30000,false,,false,,,,
1_SPSP 1-2_OC1,"Efeito 1: Até 2027, mais pessoas, especialmente as que vivem em situações de mais vulnerabilidade ou marginalização e as que vivem com deficiências, terão acesso equitativo e utilização de serviços sociais essenciais e de proteção de alta qualidade, resilientes, sensíveis ao género e modernos. / Outcome 1: By 2027, more people, especially those living in the most vulnerable and marginalized situations and those living with disabilities, have equitable access to and use of high-quality, resilient, gender-responsive, and modern essential social services and protection.",1_SPSP 1-2_OC1-3_OU1.1.2,"Produto 1.1.2: Mais pessoas em situação de vulnerabilidade e marginalizadas têm acesso e são empoderadas através da educação, cuidados de saúde de qualidade e ferramentas para exercer os seus direitos.",2025-01-01,2025-12-31,1_SPSP 1-2_OC1-3_OU1.1.2-4_SOU225,179185,Implementadas estratégias para manter e/ou aumentar a cobertura e a vigilância da vacinação e para manter e/ou aumentar a cobertura da vacinação contra o HPV  – 2025 (Output 1.1.3) (WHO),WHO,World Health Organization,,,,,,,,,,false,,false,,false,,false,,,77500,
1_SPSP 1-2_OC1,"Efeito 1: Até 2027, mais pessoas, especialmente as que vivem em situações de mais vulnerabilidade ou marginalização e as que vivem com deficiências, terão acesso equitativo e utilização de serviços sociais essenciais e de proteção de alta qualidade, resilientes, sensíveis ao género e modernos. / Outcome 1: By 2027, more people, especially those living in the most vulnerable and marginalized situations and those living with disabilities, have equitable access to and use of high-quality, resilient, gender-responsive, and modern essential social services and protection.",1_SPSP 1-2_OC1-3_OU1.1.2,"Produto 1.1.2: Mais pessoas em situação de vulnerabilidade e marginalizadas têm acesso e são empoderadas através da educação, cuidados de saúde de qualidade e ferramentas para exercer os seus direitos.",2025-01-01,2025-12-31,1_SPSP 1-2_OC1-3_OU1.1.2-4_SOU225,179185,Implementadas estratégias para manter e/ou aumentar a cobertura e a vigilância da vacinação e para manter e/ou aumentar a cobertura da vacinação contra o HPV  – 2025 (Output 1.1.3) (WHO),WHO,World Health Organization,World Health Organization,Multilateral - UN organizations excluding pooled funds,,,,,77500,,,false,,false,77500,false,,false,,,,
1_SPSP 1-2_OC1,"Efeito 1: Até 2027, mais pessoas, especialmente as que vivem em situações de mais vulnerabilidade ou marginalização e as que vivem com deficiências, terão acesso equitativo e utilização de serviços sociais essenciais e de proteção de alta qualidade, resilientes, sensíveis ao género e modernos. / Outcome 1: By 2027, more people, especially those living in the most vulnerable and marginalized situations and those living with disabilities, have equitable access to and use of high-quality, resilient, gender-responsive, and modern essential social services and protection.",1_SPSP 1-2_OC1-3_OU1.1.2,"Produto 1.1.2: Mais pessoas em situação de vulnerabilidade e marginalizadas têm acesso e são empoderadas através da educação, cuidados de saúde de qualidade e ferramentas para exercer os seus direitos.",2025-03-03,2025-12-31,1_SPSP 1-2_OC1-3_OU1.1.2-4_SOU237,179204,Educação Científica e Inovação para o Desenvolvimento Sustentável,UNDP,United Nations Development Programme,,,,,,,,,,false,,false,,false,,false,,,15000,
1_SPSP 1-2_OC1,"Efeito 1: Até 2027, mais pessoas, especialmente as que vivem em situações de mais vulnerabilidade ou marginalização e as que vivem com deficiências, terão acesso equitativo e utilização de serviços sociais essenciais e de proteção de alta qualidade, resilientes, sensíveis ao género e modernos. / Outcome 1: By 2027, more people, especially those living in the most vulnerable and marginalized situations and those living with disabilities, have equitable access to and use of high-quality, resilient, gender-responsive, and modern essential social services and protection.",1_SPSP 1-2_OC1-3_OU1.1.2,"Produto 1.1.2: Mais pessoas em situação de vulnerabilidade e marginalizadas têm acesso e são empoderadas através da educação, cuidados de saúde de qualidade e ferramentas para exercer os seus direitos.",2025-03-03,2025-12-31,1_SPSP 1-2_OC1-3_OU1.1.2-4_SOU237,179204,Educação Científica e Inovação para o Desenvolvimento Sustentável,UNDP,United Nations Development Programme,United Nations Development Programme,Multilateral - UN organizations excluding pooled funds,,,,,,,,false,,false,,false,,false,,,,
1_SPSP 1-2_OC1,"Efeito 1: Até 2027, mais pessoas, especialmente as que vivem em situações de mais vulnerabilidade ou marginalização e as que vivem com deficiências, terão acesso equitativo e utilização de serviços sociais essenciais e de proteção de alta qualidade, resilientes, sensíveis ao género e modernos. / Outcome 1: By 2027, more people, especially those living in the most vulnerable and marginalized situations and those living with disabilities, have equitable access to and use of high-quality, resilient, gender-responsive, and modern essential social services and protection.",1_SPSP 1-2_OC1-3_OU1.1.2,"Produto 1.1.2: Mais pessoas em situação de vulnerabilidade e marginalizadas têm acesso e são empoderadas através da educação, cuidados de saúde de qualidade e ferramentas para exercer os seus direitos.",2025-03-03,2025-12-31,1_SPSP 1-2_OC1-3_OU1.1.2-4_SOU237,179204,Educação Científica e Inovação para o Desenvolvimento Sustentável,UNDP,United Nations Development Programme,United Nations Children's Fund,Multilateral - UN organizations excluding pooled funds,,,,,10000,,,false,,false,10000,false,,false,,,,
1_SPSP 1-2_OC1,"Efeito 1: Até 2027, mais pessoas, especialmente as que vivem em situações de mais vulnerabilidade ou marginalização e as que vivem com deficiências, terão acesso equitativo e utilização de serviços sociais essenciais e de proteção de alta qualidade, resilientes, sensíveis ao género e modernos. / Outcome 1: By 2027, more people, especially those living in the most vulnerable and marginalized situations and those living with disabilities, have equitable access to and use of high-quality, resilient, gender-responsive, and modern essential social services and protection.",1_SPSP 1-2_OC1-3_OU1.1.2,"Produto 1.1.2: Mais pessoas em situação de vulnerabilidade e marginalizadas têm acesso e são empoderadas através da educação, cuidados de saúde de qualidade e ferramentas para exercer os seus direitos.",2025-03-03,2025-12-31,1_SPSP 1-2_OC1-3_OU1.1.2-4_SOU237,179204,Educação Científica e Inovação para o Desenvolvimento Sustentável,UNICEF,United Nations Children's Fund,,,,,,,,,,false,,false,,false,,false,,,29000,
1_SPSP 1-2_OC1,"Efeito 1: Até 2027, mais pessoas, especialmente as que vivem em situações de mais vulnerabilidade ou marginalização e as que vivem com deficiências, terão acesso equitativo e utilização de serviços sociais essenciais e de proteção de alta qualidade, resilientes, sensíveis ao género e modernos. / Outcome 1: By 2027, more people, especially those living in the most vulnerable and marginalized situations and those living with disabilities, have equitable access to and use of high-quality, resilient, gender-responsive, and modern essential social services and protection.",1_SPSP 1-2_OC1-3_OU1.1.2,"Produto 1.1.2: Mais pessoas em situação de vulnerabilidade e marginalizadas têm acesso e são empoderadas através da educação, cuidados de saúde de qualidade e ferramentas para exercer os seus direitos.",2025-03-03,2025-12-31,1_SPSP 1-2_OC1-3_OU1.1.2-4_SOU237,179204,Educação Científica e Inovação para o Desenvolvimento Sustentável,UNICEF,United Nations Children's Fund,United Nations Development Programme,Multilateral - UN organizations excluding pooled funds,,,,,6000,,,false,,false,,false,,false,,,,
1_SPSP 1-2_OC1,"Efeito 1: Até 2027, mais pessoas, especialmente as que vivem em situações de mais vulnerabilidade ou marginalização e as que vivem com deficiências, terão acesso equitativo e utilização de serviços sociais essenciais e de proteção de alta qualidade, resilientes, sensíveis ao género e modernos. / Outcome 1: By 2027, more people, especially those living in the most vulnerable and marginalized situations and those living with disabilities, have equitable access to and use of high-quality, resilient, gender-responsive, and modern essential social services and protection.",1_SPSP 1-2_OC1-3_OU1.1.2,"Produto 1.1.2: Mais pessoas em situação de vulnerabilidade e marginalizadas têm acesso e são empoderadas através da educação, cuidados de saúde de qualidade e ferramentas para exercer os seus direitos.",2025-03-03,2025-12-31,1_SPSP 1-2_OC1-3_OU1.1.2-4_SOU237,179204,Educação Científica e Inovação para o Desenvolvimento Sustentável,UNICEF,United Nations Children's Fund,United Nations Children's Fund,Multilateral - UN organizations excluding pooled funds,,,,,23000,,,false,,false,,false,,false,,,,
1_SPSP 1-2_OC1,"Efeito 1: Até 2027, mais pessoas, especialmente as que vivem em situações de mais vulnerabilidade ou marginalização e as que vivem com deficiências, terão acesso equitativo e utilização de serviços sociais essenciais e de proteção de alta qualidade, resilientes, sensíveis ao género e modernos. / Outcome 1: By 2027, more people, especially those living in the most vulnerable and marginalized situations and those living with disabilities, have equitable access to and use of high-quality, resilient, gender-responsive, and modern essential social services and protection.",1_SPSP 1-2_OC1-3_OU1.1.2,"Produto 1.1.2: Mais pessoas em situação de vulnerabilidade e marginalizadas têm acesso e são empoderadas através da educação, cuidados de saúde de qualidade e ferramentas para exercer os seus direitos.",2025-01-01,2026-12-31,1_SPSP 1-2_OC1-3_OU1.1.2-4_SOU238,179210,Migrantes e/ou vítimas de tráfico de pessoas são assistidas e apoiadas no retorno seguro e reintegração nos seus países de origem  (IOM),IOM,International Organization for Migration,,,,,,,,,,false,,false,,false,,false,,,13054,15000
1_SPSP 1-2_OC1,"Efeito 1: Até 2027, mais pessoas, especialmente as que vivem em situações de mais vulnerabilidade ou marginalização e as que vivem com deficiências, terão acesso equitativo e utilização de serviços sociais essenciais e de proteção de alta qualidade, resilientes, sensíveis ao género e modernos. / Outcome 1: By 2027, more people, especially those living in the most vulnerable and marginalized situations and those living with disabilities, have equitable access to and use of high-quality, resilient, gender-responsive, and modern essential social services and protection.",1_SPSP 1-2_OC1-3_OU1.1.2,"Produto 1.1.2: Mais pessoas em situação de vulnerabilidade e marginalizadas têm acesso e são empoderadas através da educação, cuidados de saúde de qualidade e ferramentas para exercer os seus direitos.",2025-01-01,2026-12-31,1_SPSP 1-2_OC1-3_OU1.1.2-4_SOU238,179210,Migrantes e/ou vítimas de tráfico de pessoas são assistidas e apoiadas no retorno seguro e reintegração nos seus países de origem  (IOM),IOM,International Organization for Migration,Spain,Government,,,,,13054,15000,,false,,false,13054,false,,false,,,,
1_SPSP 1-2_OC1,"Efeito 1: Até 2027, mais pessoas, especialmente as que vivem em situações de mais vulnerabilidade ou marginalização e as que vivem com deficiências, terão acesso equitativo e utilização de serviços sociais essenciais e de proteção de alta qualidade, resilientes, sensíveis ao género e modernos. / Outcome 1: By 2027, more people, especially those living in the most vulnerable and marginalized situations and those living with disabilities, have equitable access to and use of high-quality, resilient, gender-responsive, and modern essential social services and protection.",1_SPSP 1-2_OC1-3_OU1.1.2,"Produto 1.1.2: Mais pessoas em situação de vulnerabilidade e marginalizadas têm acesso e são empoderadas através da educação, cuidados de saúde de qualidade e ferramentas para exercer os seus direitos.",2025-01-01,2026-12-31,1_SPSP 1-2_OC1-3_OU1.1.2-4_SOU248,179565,"Reforco da prevencao, pesquisa e melhoria de cuidados e tratamento dos transtornos associados ao uso do álcool e outras drogas.",UNODC,United Nations Office on Drugs and Crime,,,,,,,,,,false,,false,,false,,false,,,10000,10000
1_SPSP 1-2_OC1,"Efeito 1: Até 2027, mais pessoas, especialmente as que vivem em situações de mais vulnerabilidade ou marginalização e as que vivem com deficiências, terão acesso equitativo e utilização de serviços sociais essenciais e de proteção de alta qualidade, resilientes, sensíveis ao género e modernos. / Outcome 1: By 2027, more people, especially those living in the most vulnerable and marginalized situations and those living with disabilities, have equitable access to and use of high-quality, resilient, gender-responsive, and modern essential social services and protection.",1_SPSP 1-2_OC1-3_OU1.1.2,"Produto 1.1.2: Mais pessoas em situação de vulnerabilidade e marginalizadas têm acesso e são empoderadas através da educação, cuidados de saúde de qualidade e ferramentas para exercer os seus direitos.",2025-01-01,2026-12-31,1_SPSP 1-2_OC1-3_OU1.1.2-4_SOU248,179565,"Reforco da prevencao, pesquisa e melhoria de cuidados e tratamento dos transtornos associados ao uso do álcool e outras drogas.",UNODC,United Nations Office on Drugs and Crime,Core Funding,Multilateral - UN organizations excluding pooled funds,,,,,3000,3000,,false,,false,3000,false,,false,,,,
1_SPSP 1-2_OC1,"Efeito 1: Até 2027, mais pessoas, especialmente as que vivem em situações de mais vulnerabilidade ou marginalização e as que vivem com deficiências, terão acesso equitativo e utilização de serviços sociais essenciais e de proteção de alta qualidade, resilientes, sensíveis ao género e modernos. / Outcome 1: By 2027, more people, especially those living in the most vulnerable and marginalized situations and those living with disabilities, have equitable access to and use of high-quality, resilient, gender-responsive, and modern essential social services and protection.",1_SPSP 1-2_OC1-3_OU1.1.3,"Produto 1.1.3: As políticas e os quadros regulamentares permitem melhor acesso, utilização e modernização de serviços sociais e de protecção inclusivos, digitais, sensíveis ao género e resilientes, incluindo para os assentamentos informais.",2023-01-01,2024-12-31,1_SPSP 1-2_OC1-3_OU1.1.3-4_SOU1,108543,"Processos de planificação estratégica sectorial e programática do Ministério da Saúde apoiados técnicamente (UNICEF, UNFPA)",UNICEF,United Nations Children's Fund,,,,,,,,,,false,,false,,false,,false,7500,3500,,
1_SPSP 1-2_OC1,"Efeito 1: Até 2027, mais pessoas, especialmente as que vivem em situações de mais vulnerabilidade ou marginalização e as que vivem com deficiências, terão acesso equitativo e utilização de serviços sociais essenciais e de proteção de alta qualidade, resilientes, sensíveis ao género e modernos. / Outcome 1: By 2027, more people, especially those living in the most vulnerable and marginalized situations and those living with disabilities, have equitable access to and use of high-quality, resilient, gender-responsive, and modern essential social services and protection.",1_SPSP 1-2_OC1-3_OU1.1.3,"Produto 1.1.3: As políticas e os quadros regulamentares permitem melhor acesso, utilização e modernização de serviços sociais e de protecção inclusivos, digitais, sensíveis ao género e resilientes, incluindo para os assentamentos informais.",2023-01-01,2024-12-31,1_SPSP 1-2_OC1-3_OU1.1.3-4_SOU1,108543,"Processos de planificação estratégica sectorial e programática do Ministério da Saúde apoiados técnicamente (UNICEF, UNFPA)",UNICEF,United Nations Children's Fund,Core Funding,Multilateral - UN organizations excluding pooled funds,,,10000,3000,,,8000,false,,false,,false,,false,,,,
1_SPSP 1-2_OC1,"Efeito 1: Até 2027, mais pessoas, especialmente as que vivem em situações de mais vulnerabilidade ou marginalização e as que vivem com deficiências, terão acesso equitativo e utilização de serviços sociais essenciais e de proteção de alta qualidade, resilientes, sensíveis ao género e modernos. / Outcome 1: By 2027, more people, especially those living in the most vulnerable and marginalized situations and those living with disabilities, have equitable access to and use of high-quality, resilient, gender-responsive, and modern essential social services and protection.",1_SPSP 1-2_OC1-3_OU1.1.3,"Produto 1.1.3: As políticas e os quadros regulamentares permitem melhor acesso, utilização e modernização de serviços sociais e de protecção inclusivos, digitais, sensíveis ao género e resilientes, incluindo para os assentamentos informais.",2023-01-01,2024-12-31,1_SPSP 1-2_OC1-3_OU1.1.3-4_SOU1,108543,"Processos de planificação estratégica sectorial e programática do Ministério da Saúde apoiados técnicamente (UNICEF, UNFPA)",UNFPA,United Nations Population Fund,,,,,,,,,,false,,false,,false,,false,10000,58500,,
1_SPSP 1-2_OC1,"Efeito 1: Até 2027, mais pessoas, especialmente as que vivem em situações de mais vulnerabilidade ou marginalização e as que vivem com deficiências, terão acesso equitativo e utilização de serviços sociais essenciais e de proteção de alta qualidade, resilientes, sensíveis ao género e modernos. / Outcome 1: By 2027, more people, especially those living in the most vulnerable and marginalized situations and those living with disabilities, have equitable access to and use of high-quality, resilient, gender-responsive, and modern essential social services and protection.",1_SPSP 1-2_OC1-3_OU1.1.3,"Produto 1.1.3: As políticas e os quadros regulamentares permitem melhor acesso, utilização e modernização de serviços sociais e de protecção inclusivos, digitais, sensíveis ao género e resilientes, incluindo para os assentamentos informais.",2023-01-01,2024-12-31,1_SPSP 1-2_OC1-3_OU1.1.3-4_SOU1,108543,"Processos de planificação estratégica sectorial e programática do Ministério da Saúde apoiados técnicamente (UNICEF, UNFPA)",UNFPA,United Nations Population Fund,Core Funding,Multilateral - UN organizations excluding pooled funds,,,7500,58500,,,2500,false,58500,false,,false,,false,,,,
1_SPSP 1-2_OC1,"Efeito 1: Até 2027, mais pessoas, especialmente as que vivem em situações de mais vulnerabilidade ou marginalização e as que vivem com deficiências, terão acesso equitativo e utilização de serviços sociais essenciais e de proteção de alta qualidade, resilientes, sensíveis ao género e modernos. / Outcome 1: By 2027, more people, especially those living in the most vulnerable and marginalized situations and those living with disabilities, have equitable access to and use of high-quality, resilient, gender-responsive, and modern essential social services and protection.",1_SPSP 1-2_OC1-3_OU1.1.3,"Produto 1.1.3: As políticas e os quadros regulamentares permitem melhor acesso, utilização e modernização de serviços sociais e de protecção inclusivos, digitais, sensíveis ao género e resilientes, incluindo para os assentamentos informais.",2023-01-01,2024-12-31,1_SPSP 1-2_OC1-3_OU1.1.3-4_SOU2,108544,Os sistemas e os recursos humanos do setor da saúde habilitados a abordar os factores de risco através de acções multissectoriais (plano de trabalho da OMS Outputs 3.2.1) (WHO),WHO,World Health Organization,,,,,,,,,,true,,false,,false,,false,50000,80000,,
1_SPSP 1-2_OC1,"Efeito 1: Até 2027, mais pessoas, especialmente as que vivem em situações de mais vulnerabilidade ou marginalização e as que vivem com deficiências, terão acesso equitativo e utilização de serviços sociais essenciais e de proteção de alta qualidade, resilientes, sensíveis ao género e modernos. / Outcome 1: By 2027, more people, especially those living in the most vulnerable and marginalized situations and those living with disabilities, have equitable access to and use of high-quality, resilient, gender-responsive, and modern essential social services and protection.",1_SPSP 1-2_OC1-3_OU1.1.3,"Produto 1.1.3: As políticas e os quadros regulamentares permitem melhor acesso, utilização e modernização de serviços sociais e de protecção inclusivos, digitais, sensíveis ao género e resilientes, incluindo para os assentamentos informais.",2023-01-01,2024-12-31,1_SPSP 1-2_OC1-3_OU1.1.3-4_SOU2,108544,Os sistemas e os recursos humanos do setor da saúde habilitados a abordar os factores de risco através de acções multissectoriais (plano de trabalho da OMS Outputs 3.2.1) (WHO),WHO,World Health Organization,Core Funding,Multilateral - UN organizations excluding pooled funds,,,50000,80000,,,50000,true,80000,false,,false,,false,,,,
1_SPSP 1-2_OC1,"Efeito 1: Até 2027, mais pessoas, especialmente as que vivem em situações de mais vulnerabilidade ou marginalização e as que vivem com deficiências, terão acesso equitativo e utilização de serviços sociais essenciais e de proteção de alta qualidade, resilientes, sensíveis ao género e modernos. / Outcome 1: By 2027, more people, especially those living in the most vulnerable and marginalized situations and those living with disabilities, have equitable access to and use of high-quality, resilient, gender-responsive, and modern essential social services and protection.",1_SPSP 1-2_OC1-3_OU1.1.3,"Produto 1.1.3: As políticas e os quadros regulamentares permitem melhor acesso, utilização e modernização de serviços sociais e de protecção inclusivos, digitais, sensíveis ao género e resilientes, incluindo para os assentamentos informais.",2023-01-01,2024-12-31,1_SPSP 1-2_OC1-3_OU1.1.3-4_SOU3,108545,"Ambientes saudáveis reforçados para promover a saúde e sociedades sustentáveis em Cabo Verde (Plano de trabalho da OMS Resultados 3.3.2, 3.3.1 ) (WHO)",WHO,World Health Organization,,,,,,,,,,true,,false,,false,,false,60000,70000,,
1_SPSP 1-2_OC1,"Efeito 1: Até 2027, mais pessoas, especialmente as que vivem em situações de mais vulnerabilidade ou marginalização e as que vivem com deficiências, terão acesso equitativo e utilização de serviços sociais essenciais e de proteção de alta qualidade, resilientes, sensíveis ao género e modernos. / Outcome 1: By 2027, more people, especially those living in the most vulnerable and marginalized situations and those living with disabilities, have equitable access to and use of high-quality, resilient, gender-responsive, and modern essential social services and protection.",1_SPSP 1-2_OC1-3_OU1.1.3,"Produto 1.1.3: As políticas e os quadros regulamentares permitem melhor acesso, utilização e modernização de serviços sociais e de protecção inclusivos, digitais, sensíveis ao género e resilientes, incluindo para os assentamentos informais.",2023-01-01,2024-12-31,1_SPSP 1-2_OC1-3_OU1.1.3-4_SOU3,108545,"Ambientes saudáveis reforçados para promover a saúde e sociedades sustentáveis em Cabo Verde (Plano de trabalho da OMS Resultados 3.3.2, 3.3.1 ) (WHO)",WHO,World Health Organization,Core Funding,Multilateral - UN organizations excluding pooled funds,,,60000,70000,,,60000,true,70000,false,,false,,false,,,,
1_SPSP 1-2_OC1,"Efeito 1: Até 2027, mais pessoas, especialmente as que vivem em situações de mais vulnerabilidade ou marginalização e as que vivem com deficiências, terão acesso equitativo e utilização de serviços sociais essenciais e de proteção de alta qualidade, resilientes, sensíveis ao género e modernos. / Outcome 1: By 2027, more people, especially those living in the most vulnerable and marginalized situations and those living with disabilities, have equitable access to and use of high-quality, resilient, gender-responsive, and modern essential social services and protection.",1_SPSP 1-2_OC1-3_OU1.1.3,"Produto 1.1.3: As políticas e os quadros regulamentares permitem melhor acesso, utilização e modernização de serviços sociais e de protecção inclusivos, digitais, sensíveis ao género e resilientes, incluindo para os assentamentos informais.",2023-01-01,2024-12-31,1_SPSP 1-2_OC1-3_OU1.1.3-4_SOU4,108546,"Orientação política e instrumentos para apoiar estratégias e/ou planos nacionais de qualidade nos sistemas e serviços de saúde baseados nos Cuidados de Saúde Primários prestados a Cabo Verde são reforçados (Plano de trabalho da OMS Resultados 1.1.1, 1.2.1, 1.2.2) (WHO)",WHO,World Health Organization,,,,,,,,,,true,,false,,false,,false,150000,166825,,
1_SPSP 1-2_OC1,"Efeito 1: Até 2027, mais pessoas, especialmente as que vivem em situações de mais vulnerabilidade ou marginalização e as que vivem com deficiências, terão acesso equitativo e utilização de serviços sociais essenciais e de proteção de alta qualidade, resilientes, sensíveis ao género e modernos. / Outcome 1: By 2027, more people, especially those living in the most vulnerable and marginalized situations and those living with disabilities, have equitable access to and use of high-quality, resilient, gender-responsive, and modern essential social services and protection.",1_SPSP 1-2_OC1-3_OU1.1.3,"Produto 1.1.3: As políticas e os quadros regulamentares permitem melhor acesso, utilização e modernização de serviços sociais e de protecção inclusivos, digitais, sensíveis ao género e resilientes, incluindo para os assentamentos informais.",2023-01-01,2024-12-31,1_SPSP 1-2_OC1-3_OU1.1.3-4_SOU4,108546,"Orientação política e instrumentos para apoiar estratégias e/ou planos nacionais de qualidade nos sistemas e serviços de saúde baseados nos Cuidados de Saúde Primários prestados a Cabo Verde são reforçados (Plano de trabalho da OMS Resultados 1.1.1, 1.2.1, 1.2.2) (WHO)",WHO,World Health Organization,Core Funding,Multilateral - UN organizations excluding pooled funds,,,150000,20000,,,147000,true,12511,false,,false,,false,,,,
1_SPSP 1-2_OC1,"Efeito 1: Até 2027, mais pessoas, especialmente as que vivem em situações de mais vulnerabilidade ou marginalização e as que vivem com deficiências, terão acesso equitativo e utilização de serviços sociais essenciais e de proteção de alta qualidade, resilientes, sensíveis ao género e modernos. / Outcome 1: By 2027, more people, especially those living in the most vulnerable and marginalized situations and those living with disabilities, have equitable access to and use of high-quality, resilient, gender-responsive, and modern essential social services and protection.",1_SPSP 1-2_OC1-3_OU1.1.3,"Produto 1.1.3: As políticas e os quadros regulamentares permitem melhor acesso, utilização e modernização de serviços sociais e de protecção inclusivos, digitais, sensíveis ao género e resilientes, incluindo para os assentamentos informais.",2023-01-01,2024-12-31,1_SPSP 1-2_OC1-3_OU1.1.3-4_SOU4,108546,"Orientação política e instrumentos para apoiar estratégias e/ou planos nacionais de qualidade nos sistemas e serviços de saúde baseados nos Cuidados de Saúde Primários prestados a Cabo Verde são reforçados (Plano de trabalho da OMS Resultados 1.1.1, 1.2.1, 1.2.2) (WHO)",WHO,World Health Organization,Luxembourg,Government,,,,80000,,,,true,80000,false,,false,,false,,,,
1_SPSP 1-2_OC1,"Efeito 1: Até 2027, mais pessoas, especialmente as que vivem em situações de mais vulnerabilidade ou marginalização e as que vivem com deficiências, terão acesso equitativo e utilização de serviços sociais essenciais e de proteção de alta qualidade, resilientes, sensíveis ao género e modernos. / Outcome 1: By 2027, more people, especially those living in the most vulnerable and marginalized situations and those living with disabilities, have equitable access to and use of high-quality, resilient, gender-responsive, and modern essential social services and protection.",1_SPSP 1-2_OC1-3_OU1.1.3,"Produto 1.1.3: As políticas e os quadros regulamentares permitem melhor acesso, utilização e modernização de serviços sociais e de protecção inclusivos, digitais, sensíveis ao género e resilientes, incluindo para os assentamentos informais.",2023-01-01,2024-12-31,1_SPSP 1-2_OC1-3_OU1.1.3-4_SOU4,108546,"Orientação política e instrumentos para apoiar estratégias e/ou planos nacionais de qualidade nos sistemas e serviços de saúde baseados nos Cuidados de Saúde Primários prestados a Cabo Verde são reforçados (Plano de trabalho da OMS Resultados 1.1.1, 1.2.1, 1.2.2) (WHO)",WHO,World Health Organization,Portugal,Government,,,,66825,,,,true,11268,false,,false,,false,,,,
1_SPSP 1-2_OC1,"Efeito 1: Até 2027, mais pessoas, especialmente as que vivem em situações de mais vulnerabilidade ou marginalização e as que vivem com deficiências, terão acesso equitativo e utilização de serviços sociais essenciais e de proteção de alta qualidade, resilientes, sensíveis ao género e modernos. / Outcome 1: By 2027, more people, especially those living in the most vulnerable and marginalized situations and those living with disabilities, have equitable access to and use of high-quality, resilient, gender-responsive, and modern essential social services and protection.",1_SPSP 1-2_OC1-3_OU1.1.3,"Produto 1.1.3: As políticas e os quadros regulamentares permitem melhor acesso, utilização e modernização de serviços sociais e de protecção inclusivos, digitais, sensíveis ao género e resilientes, incluindo para os assentamentos informais.",2023-04-01,2024-12-31,1_SPSP 1-2_OC1-3_OU1.1.3-4_SOU5,108547,Contribuição na revisão e atualização do Programa Nacional Integrado sobre Drogas e Crime (UNODC),UNODC,United Nations Office on Drugs and Crime,,,,,,,,,,false,,false,,false,,false,20000,5000,,
1_SPSP 1-2_OC1,"Efeito 1: Até 2027, mais pessoas, especialmente as que vivem em situações de mais vulnerabilidade ou marginalização e as que vivem com deficiências, terão acesso equitativo e utilização de serviços sociais essenciais e de proteção de alta qualidade, resilientes, sensíveis ao género e modernos. / Outcome 1: By 2027, more people, especially those living in the most vulnerable and marginalized situations and those living with disabilities, have equitable access to and use of high-quality, resilient, gender-responsive, and modern essential social services and protection.",1_SPSP 1-2_OC1-3_OU1.1.3,"Produto 1.1.3: As políticas e os quadros regulamentares permitem melhor acesso, utilização e modernização de serviços sociais e de protecção inclusivos, digitais, sensíveis ao género e resilientes, incluindo para os assentamentos informais.",2023-04-01,2024-12-31,1_SPSP 1-2_OC1-3_OU1.1.3-4_SOU5,108547,Contribuição na revisão e atualização do Programa Nacional Integrado sobre Drogas e Crime (UNODC),UNODC,United Nations Office on Drugs and Crime,European Union,EU Institutions,,,5000,2500,,,,false,2500,false,,false,,false,,,,
1_SPSP 1-2_OC1,"Efeito 1: Até 2027, mais pessoas, especialmente as que vivem em situações de mais vulnerabilidade ou marginalização e as que vivem com deficiências, terão acesso equitativo e utilização de serviços sociais essenciais e de proteção de alta qualidade, resilientes, sensíveis ao género e modernos. / Outcome 1: By 2027, more people, especially those living in the most vulnerable and marginalized situations and those living with disabilities, have equitable access to and use of high-quality, resilient, gender-responsive, and modern essential social services and protection.",1_SPSP 1-2_OC1-3_OU1.1.3,"Produto 1.1.3: As políticas e os quadros regulamentares permitem melhor acesso, utilização e modernização de serviços sociais e de protecção inclusivos, digitais, sensíveis ao género e resilientes, incluindo para os assentamentos informais.",2023-04-01,2024-12-31,1_SPSP 1-2_OC1-3_OU1.1.3-4_SOU5,108547,Contribuição na revisão e atualização do Programa Nacional Integrado sobre Drogas e Crime (UNODC),UNODC,United Nations Office on Drugs and Crime,The US Government Department of State's Bureau of International Narcotics and Law Enforcement Affairs,Government,The United States of America,Government,5000,2500,,,,false,2500,false,,false,,false,,,,
1_SPSP 1-2_OC1,"Efeito 1: Até 2027, mais pessoas, especialmente as que vivem em situações de mais vulnerabilidade ou marginalização e as que vivem com deficiências, terão acesso equitativo e utilização de serviços sociais essenciais e de proteção de alta qualidade, resilientes, sensíveis ao género e modernos. / Outcome 1: By 2027, more people, especially those living in the most vulnerable and marginalized situations and those living with disabilities, have equitable access to and use of high-quality, resilient, gender-responsive, and modern essential social services and protection.",1_SPSP 1-2_OC1-3_OU1.1.3,"Produto 1.1.3: As políticas e os quadros regulamentares permitem melhor acesso, utilização e modernização de serviços sociais e de protecção inclusivos, digitais, sensíveis ao género e resilientes, incluindo para os assentamentos informais.",2023-03-01,2024-12-31,1_SPSP 1-2_OC1-3_OU1.1.3-4_SOU6,108559,Revisão da lei da droga é apoiada (UNODC),UNODC,United Nations Office on Drugs and Crime,,,,,,,,,,false,,false,,false,,false,10000,5000,,
1_SPSP 1-2_OC1,"Efeito 1: Até 2027, mais pessoas, especialmente as que vivem em situações de mais vulnerabilidade ou marginalização e as que vivem com deficiências, terão acesso equitativo e utilização de serviços sociais essenciais e de proteção de alta qualidade, resilientes, sensíveis ao género e modernos. / Outcome 1: By 2027, more people, especially those living in the most vulnerable and marginalized situations and those living with disabilities, have equitable access to and use of high-quality, resilient, gender-responsive, and modern essential social services and protection.",1_SPSP 1-2_OC1-3_OU1.1.3,"Produto 1.1.3: As políticas e os quadros regulamentares permitem melhor acesso, utilização e modernização de serviços sociais e de protecção inclusivos, digitais, sensíveis ao género e resilientes, incluindo para os assentamentos informais.",2023-03-01,2024-12-31,1_SPSP 1-2_OC1-3_OU1.1.3-4_SOU6,108559,Revisão da lei da droga é apoiada (UNODC),UNODC,United Nations Office on Drugs and Crime,European Union,EU Institutions,,,2500,2500,,,,false,2500,false,,false,,false,,,,
1_SPSP 1-2_OC1,"Efeito 1: Até 2027, mais pessoas, especialmente as que vivem em situações de mais vulnerabilidade ou marginalização e as que vivem com deficiências, terão acesso equitativo e utilização de serviços sociais essenciais e de proteção de alta qualidade, resilientes, sensíveis ao género e modernos. / Outcome 1: By 2027, more people, especially those living in the most vulnerable and marginalized situations and those living with disabilities, have equitable access to and use of high-quality, resilient, gender-responsive, and modern essential social services and protection.",1_SPSP 1-2_OC1-3_OU1.1.3,"Produto 1.1.3: As políticas e os quadros regulamentares permitem melhor acesso, utilização e modernização de serviços sociais e de protecção inclusivos, digitais, sensíveis ao género e resilientes, incluindo para os assentamentos informais.",2023-03-01,2024-12-31,1_SPSP 1-2_OC1-3_OU1.1.3-4_SOU6,108559,Revisão da lei da droga é apoiada (UNODC),UNODC,United Nations Office on Drugs and Crime,The US Government Department of State's Bureau of International Narcotics and Law Enforcement Affairs,Government,The United States of America,Government,2500,2500,,,,false,2500,false,,false,,false,,,,
1_SPSP 1-2_OC1,"Efeito 1: Até 2027, mais pessoas, especialmente as que vivem em situações de mais vulnerabilidade ou marginalização e as que vivem com deficiências, terão acesso equitativo e utilização de serviços sociais essenciais e de proteção de alta qualidade, resilientes, sensíveis ao género e modernos. / Outcome 1: By 2027, more people, especially those living in the most vulnerable and marginalized situations and those living with disabilities, have equitable access to and use of high-quality, resilient, gender-responsive, and modern essential social services and protection.",1_SPSP 1-2_OC1-3_OU1.1.3,"Produto 1.1.3: As políticas e os quadros regulamentares permitem melhor acesso, utilização e modernização de serviços sociais e de protecção inclusivos, digitais, sensíveis ao género e resilientes, incluindo para os assentamentos informais.",2023-01-01,2024-12-31,1_SPSP 1-2_OC1-3_OU1.1.3-4_SOU7,108564,"Elaboração de Programas específicos de tratamento de dependências (Mulheres, crianças e adolescentes) é apoiada (UNODC)",UNODC,United Nations Office on Drugs and Crime,,,,,,,,,,false,,false,,false,,false,13000,11000,,
1_SPSP 1-2_OC1,"Efeito 1: Até 2027, mais pessoas, especialmente as que vivem em situações de mais vulnerabilidade ou marginalização e as que vivem com deficiências, terão acesso equitativo e utilização de serviços sociais essenciais e de proteção de alta qualidade, resilientes, sensíveis ao género e modernos. / Outcome 1: By 2027, more people, especially those living in the most vulnerable and marginalized situations and those living with disabilities, have equitable access to and use of high-quality, resilient, gender-responsive, and modern essential social services and protection.",1_SPSP 1-2_OC1-3_OU1.1.3,"Produto 1.1.3: As políticas e os quadros regulamentares permitem melhor acesso, utilização e modernização de serviços sociais e de protecção inclusivos, digitais, sensíveis ao género e resilientes, incluindo para os assentamentos informais.",2023-01-01,2024-12-31,1_SPSP 1-2_OC1-3_OU1.1.3-4_SOU7,108564,"Elaboração de Programas específicos de tratamento de dependências (Mulheres, crianças e adolescentes) é apoiada (UNODC)",UNODC,United Nations Office on Drugs and Crime,The US Government Department of State's Bureau of International Narcotics and Law Enforcement Affairs,Government,The United States of America,Government,8000,7500,,,1500,false,3000,false,,false,,false,,,,
1_SPSP 1-2_OC1,"Efeito 1: Até 2027, mais pessoas, especialmente as que vivem em situações de mais vulnerabilidade ou marginalização e as que vivem com deficiências, terão acesso equitativo e utilização de serviços sociais essenciais e de proteção de alta qualidade, resilientes, sensíveis ao género e modernos. / Outcome 1: By 2027, more people, especially those living in the most vulnerable and marginalized situations and those living with disabilities, have equitable access to and use of high-quality, resilient, gender-responsive, and modern essential social services and protection.",1_SPSP 1-2_OC1-3_OU1.1.3,"Produto 1.1.3: As políticas e os quadros regulamentares permitem melhor acesso, utilização e modernização de serviços sociais e de protecção inclusivos, digitais, sensíveis ao género e resilientes, incluindo para os assentamentos informais.",2023-01-01,2023-12-31,1_SPSP 1-2_OC1-3_OU1.1.3-4_SOU8,108567,Elaboracao de um Guia Orientador do Funcionamento dos Espaços de Respostas Integradas às Dependências – ERIDs é apoiada (UNODC),UNODC,United Nations Office on Drugs and Crime,,,,,,,,,,false,,false,,false,,false,10000,,,
1_SPSP 1-2_OC1,"Efeito 1: Até 2027, mais pessoas, especialmente as que vivem em situações de mais vulnerabilidade ou marginalização e as que vivem com deficiências, terão acesso equitativo e utilização de serviços sociais essenciais e de proteção de alta qualidade, resilientes, sensíveis ao género e modernos. / Outcome 1: By 2027, more people, especially those living in the most vulnerable and marginalized situations and those living with disabilities, have equitable access to and use of high-quality, resilient, gender-responsive, and modern essential social services and protection.",1_SPSP 1-2_OC1-3_OU1.1.3,"Produto 1.1.3: As políticas e os quadros regulamentares permitem melhor acesso, utilização e modernização de serviços sociais e de protecção inclusivos, digitais, sensíveis ao género e resilientes, incluindo para os assentamentos informais.",2023-01-01,2023-12-31,1_SPSP 1-2_OC1-3_OU1.1.3-4_SOU8,108567,Elaboracao de um Guia Orientador do Funcionamento dos Espaços de Respostas Integradas às Dependências – ERIDs é apoiada (UNODC),UNODC,United Nations Office on Drugs and Crime,The US Government Department of State's Bureau of International Narcotics and Law Enforcement Affairs,Government,The United States of America,Government,5000,,,,1500,false,,false,,false,,false,,,,
1_SPSP 1-2_OC1,"Efeito 1: Até 2027, mais pessoas, especialmente as que vivem em situações de mais vulnerabilidade ou marginalização e as que vivem com deficiências, terão acesso equitativo e utilização de serviços sociais essenciais e de proteção de alta qualidade, resilientes, sensíveis ao género e modernos. / Outcome 1: By 2027, more people, especially those living in the most vulnerable and marginalized situations and those living with disabilities, have equitable access to and use of high-quality, resilient, gender-responsive, and modern essential social services and protection.",1_SPSP 1-2_OC1-3_OU1.1.3,"Produto 1.1.3: As políticas e os quadros regulamentares permitem melhor acesso, utilização e modernização de serviços sociais e de protecção inclusivos, digitais, sensíveis ao género e resilientes, incluindo para os assentamentos informais.",2023-01-01,2023-12-31,1_SPSP 1-2_OC1-3_OU1.1.3-4_SOU9,108569,Elaboracao de um programa de tratamento de Mulheres com transtornos e dependentes de SPA é apoiada (UNODC),UNODC,United Nations Office on Drugs and Crime,,,,,,,,,,false,,false,,false,,false,9000,,,
1_SPSP 1-2_OC1,"Efeito 1: Até 2027, mais pessoas, especialmente as que vivem em situações de mais vulnerabilidade ou marginalização e as que vivem com deficiências, terão acesso equitativo e utilização de serviços sociais essenciais e de proteção de alta qualidade, resilientes, sensíveis ao género e modernos. / Outcome 1: By 2027, more people, especially those living in the most vulnerable and marginalized situations and those living with disabilities, have equitable access to and use of high-quality, resilient, gender-responsive, and modern essential social services and protection.",1_SPSP 1-2_OC1-3_OU1.1.3,"Produto 1.1.3: As políticas e os quadros regulamentares permitem melhor acesso, utilização e modernização de serviços sociais e de protecção inclusivos, digitais, sensíveis ao género e resilientes, incluindo para os assentamentos informais.",2023-01-01,2023-12-31,1_SPSP 1-2_OC1-3_OU1.1.3-4_SOU9,108569,Elaboracao de um programa de tratamento de Mulheres com transtornos e dependentes de SPA é apoiada (UNODC),UNODC,United Nations Office on Drugs and Crime,The US Government Department of State's Bureau of International Narcotics and Law Enforcement Affairs,Government,The United States of America,Government,5000,,,,1500,false,,false,,false,,false,,,,
1_SPSP 1-2_OC1,"Efeito 1: Até 2027, mais pessoas, especialmente as que vivem em situações de mais vulnerabilidade ou marginalização e as que vivem com deficiências, terão acesso equitativo e utilização de serviços sociais essenciais e de proteção de alta qualidade, resilientes, sensíveis ao género e modernos. / Outcome 1: By 2027, more people, especially those living in the most vulnerable and marginalized situations and those living with disabilities, have equitable access to and use of high-quality, resilient, gender-responsive, and modern essential social services and protection.",1_SPSP 1-2_OC1-3_OU1.1.3,"Produto 1.1.3: As políticas e os quadros regulamentares permitem melhor acesso, utilização e modernização de serviços sociais e de protecção inclusivos, digitais, sensíveis ao género e resilientes, incluindo para os assentamentos informais.",2023-01-01,2024-12-31,1_SPSP 1-2_OC1-3_OU1.1.3-4_SOU10,108572,Reforçar o sistema de Proteção Social através da extensão da cobertura e o alargamento do espaço fiscal (ILO),ILO,International Labour Organisation,,,,,,,,,,true,,false,,false,,false,61660,37592,,
1_SPSP 1-2_OC1,"Efeito 1: Até 2027, mais pessoas, especialmente as que vivem em situações de mais vulnerabilidade ou marginalização e as que vivem com deficiências, terão acesso equitativo e utilização de serviços sociais essenciais e de proteção de alta qualidade, resilientes, sensíveis ao género e modernos. / Outcome 1: By 2027, more people, especially those living in the most vulnerable and marginalized situations and those living with disabilities, have equitable access to and use of high-quality, resilient, gender-responsive, and modern essential social services and protection.",1_SPSP 1-2_OC1-3_OU1.1.3,"Produto 1.1.3: As políticas e os quadros regulamentares permitem melhor acesso, utilização e modernização de serviços sociais e de protecção inclusivos, digitais, sensíveis ao género e resilientes, incluindo para os assentamentos informais.",2023-01-01,2024-12-31,1_SPSP 1-2_OC1-3_OU1.1.3-4_SOU10,108572,Reforçar o sistema de Proteção Social através da extensão da cobertura e o alargamento do espaço fiscal (ILO),ILO,International Labour Organisation,Portugal,Government,,,61660,37592,,,55539,true,37592,false,,false,,false,,,,
1_SPSP 1-2_OC1,"Efeito 1: Até 2027, mais pessoas, especialmente as que vivem em situações de mais vulnerabilidade ou marginalização e as que vivem com deficiências, terão acesso equitativo e utilização de serviços sociais essenciais e de proteção de alta qualidade, resilientes, sensíveis ao género e modernos. / Outcome 1: By 2027, more people, especially those living in the most vulnerable and marginalized situations and those living with disabilities, have equitable access to and use of high-quality, resilient, gender-responsive, and modern essential social services and protection.",1_SPSP 1-2_OC1-3_OU1.1.3,"Produto 1.1.3: As políticas e os quadros regulamentares permitem melhor acesso, utilização e modernização de serviços sociais e de protecção inclusivos, digitais, sensíveis ao género e resilientes, incluindo para os assentamentos informais.",2023-04-01,2024-12-31,1_SPSP 1-2_OC1-3_OU1.1.3-4_SOU11,108577,Desenvolvimento de um Plano Nacional de Telecomunicações de Emergência (NETP) e o seminário nacional de consulta sobre Avisos Rápidos para Todos (EW4All) para Cabo Verde (ITU),ITU,International Telecommunication Union,,,,,,,,,,false,,false,,false,,false,20000,20000,,
1_SPSP 1-2_OC1,"Efeito 1: Até 2027, mais pessoas, especialmente as que vivem em situações de mais vulnerabilidade ou marginalização e as que vivem com deficiências, terão acesso equitativo e utilização de serviços sociais essenciais e de proteção de alta qualidade, resilientes, sensíveis ao género e modernos. / Outcome 1: By 2027, more people, especially those living in the most vulnerable and marginalized situations and those living with disabilities, have equitable access to and use of high-quality, resilient, gender-responsive, and modern essential social services and protection.",1_SPSP 1-2_OC1-3_OU1.1.3,"Produto 1.1.3: As políticas e os quadros regulamentares permitem melhor acesso, utilização e modernização de serviços sociais e de protecção inclusivos, digitais, sensíveis ao género e resilientes, incluindo para os assentamentos informais.",2023-04-01,2024-12-31,1_SPSP 1-2_OC1-3_OU1.1.3-4_SOU11,108577,Desenvolvimento de um Plano Nacional de Telecomunicações de Emergência (NETP) e o seminário nacional de consulta sobre Avisos Rápidos para Todos (EW4All) para Cabo Verde (ITU),ITU,International Telecommunication Union,Core Funding,Multilateral - UN organizations excluding pooled funds,,,10000,15000,,,,false,7000,false,,false,,false,,,,
1_SPSP 1-2_OC1,"Efeito 1: Até 2027, mais pessoas, especialmente as que vivem em situações de mais vulnerabilidade ou marginalização e as que vivem com deficiências, terão acesso equitativo e utilização de serviços sociais essenciais e de proteção de alta qualidade, resilientes, sensíveis ao género e modernos. / Outcome 1: By 2027, more people, especially those living in the most vulnerable and marginalized situations and those living with disabilities, have equitable access to and use of high-quality, resilient, gender-responsive, and modern essential social services and protection.",1_SPSP 1-2_OC1-3_OU1.1.3,"Produto 1.1.3: As políticas e os quadros regulamentares permitem melhor acesso, utilização e modernização de serviços sociais e de protecção inclusivos, digitais, sensíveis ao género e resilientes, incluindo para os assentamentos informais.",2025-01-01,2025-12-31,1_SPSP 1-2_OC1-3_OU1.1.3-4_SOU12,179186,Os sistemas e os recursos humanos do setor da saúde habilitados a abordar os factores de risco através de acções multissectoriais - 2025 (Output 3.2.1) (WHO),WHO,World Health Organization,,,,,,,,,,false,,false,,false,,false,,,111400,
1_SPSP 1-2_OC1,"Efeito 1: Até 2027, mais pessoas, especialmente as que vivem em situações de mais vulnerabilidade ou marginalização e as que vivem com deficiências, terão acesso equitativo e utilização de serviços sociais essenciais e de proteção de alta qualidade, resilientes, sensíveis ao género e modernos. / Outcome 1: By 2027, more people, especially those living in the most vulnerable and marginalized situations and those living with disabilities, have equitable access to and use of high-quality, resilient, gender-responsive, and modern essential social services and protection.",1_SPSP 1-2_OC1-3_OU1.1.3,"Produto 1.1.3: As políticas e os quadros regulamentares permitem melhor acesso, utilização e modernização de serviços sociais e de protecção inclusivos, digitais, sensíveis ao género e resilientes, incluindo para os assentamentos informais.",2025-01-01,2025-12-31,1_SPSP 1-2_OC1-3_OU1.1.3-4_SOU12,179186,Os sistemas e os recursos humanos do setor da saúde habilitados a abordar os factores de risco através de acções multissectoriais - 2025 (Output 3.2.1) (WHO),WHO,World Health Organization,World Health Organization,Multilateral - UN organizations excluding pooled funds,,,,,111400,,,false,,false,111400,false,,false,,,,
1_SPSP 1-2_OC1,"Efeito 1: Até 2027, mais pessoas, especialmente as que vivem em situações de mais vulnerabilidade ou marginalização e as que vivem com deficiências, terão acesso equitativo e utilização de serviços sociais essenciais e de proteção de alta qualidade, resilientes, sensíveis ao género e modernos. / Outcome 1: By 2027, more people, especially those living in the most vulnerable and marginalized situations and those living with disabilities, have equitable access to and use of high-quality, resilient, gender-responsive, and modern essential social services and protection.",1_SPSP 1-2_OC1-3_OU1.1.3,"Produto 1.1.3: As políticas e os quadros regulamentares permitem melhor acesso, utilização e modernização de serviços sociais e de protecção inclusivos, digitais, sensíveis ao género e resilientes, incluindo para os assentamentos informais.",2025-01-01,2025-12-31,1_SPSP 1-2_OC1-3_OU1.1.3-4_SOU13,179187,"Ambientes saudáveis reforçados para promover a saúde e sociedades sustentáveis - 2025 (Outputs 3.3.2, 3.3.1 ) (WHO)",WHO,World Health Organization,,,,,,,,,,false,,false,,false,,false,,,15000,
1_SPSP 1-2_OC1,"Efeito 1: Até 2027, mais pessoas, especialmente as que vivem em situações de mais vulnerabilidade ou marginalização e as que vivem com deficiências, terão acesso equitativo e utilização de serviços sociais essenciais e de proteção de alta qualidade, resilientes, sensíveis ao género e modernos. / Outcome 1: By 2027, more people, especially those living in the most vulnerable and marginalized situations and those living with disabilities, have equitable access to and use of high-quality, resilient, gender-responsive, and modern essential social services and protection.",1_SPSP 1-2_OC1-3_OU1.1.3,"Produto 1.1.3: As políticas e os quadros regulamentares permitem melhor acesso, utilização e modernização de serviços sociais e de protecção inclusivos, digitais, sensíveis ao género e resilientes, incluindo para os assentamentos informais.",2025-01-01,2025-12-31,1_SPSP 1-2_OC1-3_OU1.1.3-4_SOU13,179187,"Ambientes saudáveis reforçados para promover a saúde e sociedades sustentáveis - 2025 (Outputs 3.3.2, 3.3.1 ) (WHO)",WHO,World Health Organization,World Health Organization,Multilateral - UN organizations excluding pooled funds,,,,,15000,,,false,,false,15000,false,,false,,,,
1_SPSP 1-2_OC1,"Efeito 1: Até 2027, mais pessoas, especialmente as que vivem em situações de mais vulnerabilidade ou marginalização e as que vivem com deficiências, terão acesso equitativo e utilização de serviços sociais essenciais e de proteção de alta qualidade, resilientes, sensíveis ao género e modernos. / Outcome 1: By 2027, more people, especially those living in the most vulnerable and marginalized situations and those living with disabilities, have equitable access to and use of high-quality, resilient, gender-responsive, and modern essential social services and protection.",1_SPSP 1-2_OC1-3_OU1.1.3,"Produto 1.1.3: As políticas e os quadros regulamentares permitem melhor acesso, utilização e modernização de serviços sociais e de protecção inclusivos, digitais, sensíveis ao género e resilientes, incluindo para os assentamentos informais.",2025-01-01,2025-12-31,1_SPSP 1-2_OC1-3_OU1.1.3-4_SOU14,179188,"Políticas e estratégias e/ou planos nacionais baseados nos Cuidados de Saúde Primários – 2025 (Outputs 1.1.1, 1.2.1, 1.2.2) (WHO)",WHO,World Health Organization,,,,,,,,,,false,,false,,false,,false,,,44407,
1_SPSP 1-2_OC1,"Efeito 1: Até 2027, mais pessoas, especialmente as que vivem em situações de mais vulnerabilidade ou marginalização e as que vivem com deficiências, terão acesso equitativo e utilização de serviços sociais essenciais e de proteção de alta qualidade, resilientes, sensíveis ao género e modernos. / Outcome 1: By 2027, more people, especially those living in the most vulnerable and marginalized situations and those living with disabilities, have equitable access to and use of high-quality, resilient, gender-responsive, and modern essential social services and protection.",1_SPSP 1-2_OC1-3_OU1.1.3,"Produto 1.1.3: As políticas e os quadros regulamentares permitem melhor acesso, utilização e modernização de serviços sociais e de protecção inclusivos, digitais, sensíveis ao género e resilientes, incluindo para os assentamentos informais.",2025-01-01,2025-12-31,1_SPSP 1-2_OC1-3_OU1.1.3-4_SOU14,179188,"Políticas e estratégias e/ou planos nacionais baseados nos Cuidados de Saúde Primários – 2025 (Outputs 1.1.1, 1.2.1, 1.2.2) (WHO)",WHO,World Health Organization,World Health Organization,Multilateral - UN organizations excluding pooled funds,,,,,44407,,,false,,false,44407,false,,false,,,,
1_SPSP 1-2_OC1,"Efeito 1: Até 2027, mais pessoas, especialmente as que vivem em situações de mais vulnerabilidade ou marginalização e as que vivem com deficiências, terão acesso equitativo e utilização de serviços sociais essenciais e de proteção de alta qualidade, resilientes, sensíveis ao género e modernos. / Outcome 1: By 2027, more people, especially those living in the most vulnerable and marginalized situations and those living with disabilities, have equitable access to and use of high-quality, resilient, gender-responsive, and modern essential social services and protection.",1_SPSP 1-2_OC1-3_OU1.1.3,"Produto 1.1.3: As políticas e os quadros regulamentares permitem melhor acesso, utilização e modernização de serviços sociais e de protecção inclusivos, digitais, sensíveis ao género e resilientes, incluindo para os assentamentos informais.",2026-01-01,2026-12-31,1_SPSP 1-2_OC1-3_OU1.1.3-4_SOU113,208844,"Acesso equitativo a serviços de saúde de qualidade ampliado através da atualização e implementação de políticas de saúde, fortalecimento de parcerias, desenvolvimento da força de trabalho em saúde, apoio ao sistema de regulação, aumento da maturidade do sistema de informação em saúde – 2026 (HSS)",WHO,World Health Organization,,,,,,,,,,false,,false,,false,,false,,,,232862
1_SPSP 1-2_OC1,"Efeito 1: Até 2027, mais pessoas, especialmente as que vivem em situações de mais vulnerabilidade ou marginalização e as que vivem com deficiências, terão acesso equitativo e utilização de serviços sociais essenciais e de proteção de alta qualidade, resilientes, sensíveis ao género e modernos. / Outcome 1: By 2027, more people, especially those living in the most vulnerable and marginalized situations and those living with disabilities, have equitable access to and use of high-quality, resilient, gender-responsive, and modern essential social services and protection.",1_SPSP 1-2_OC1-3_OU1.1.3,"Produto 1.1.3: As políticas e os quadros regulamentares permitem melhor acesso, utilização e modernização de serviços sociais e de protecção inclusivos, digitais, sensíveis ao género e resilientes, incluindo para os assentamentos informais.",2026-01-01,2026-12-31,1_SPSP 1-2_OC1-3_OU1.1.3-4_SOU113,208844,"Acesso equitativo a serviços de saúde de qualidade ampliado através da atualização e implementação de políticas de saúde, fortalecimento de parcerias, desenvolvimento da força de trabalho em saúde, apoio ao sistema de regulação, aumento da maturidade do sistema de informação em saúde – 2026 (HSS)",WHO,World Health Organization,Core Funding,Multilateral - UN organizations excluding pooled funds,,,,,,24000,,false,,false,,false,24000,false,,,,
1_SPSP 1-2_OC1,"Efeito 1: Até 2027, mais pessoas, especialmente as que vivem em situações de mais vulnerabilidade ou marginalização e as que vivem com deficiências, terão acesso equitativo e utilização de serviços sociais essenciais e de proteção de alta qualidade, resilientes, sensíveis ao género e modernos. / Outcome 1: By 2027, more people, especially those living in the most vulnerable and marginalized situations and those living with disabilities, have equitable access to and use of high-quality, resilient, gender-responsive, and modern essential social services and protection.",1_SPSP 1-2_OC1-3_OU1.1.3,"Produto 1.1.3: As políticas e os quadros regulamentares permitem melhor acesso, utilização e modernização de serviços sociais e de protecção inclusivos, digitais, sensíveis ao género e resilientes, incluindo para os assentamentos informais.",2026-01-01,2026-12-31,1_SPSP 1-2_OC1-3_OU1.1.3-4_SOU113,208844,"Acesso equitativo a serviços de saúde de qualidade ampliado através da atualização e implementação de políticas de saúde, fortalecimento de parcerias, desenvolvimento da força de trabalho em saúde, apoio ao sistema de regulação, aumento da maturidade do sistema de informação em saúde – 2026 (HSS)",WHO,World Health Organization,Luxembourg,Government,,,,,,80000,,false,,false,,false,,false,,,,
1_SPSP 1-2_OC1,"Efeito 1: Até 2027, mais pessoas, especialmente as que vivem em situações de mais vulnerabilidade ou marginalização e as que vivem com deficiências, terão acesso equitativo e utilização de serviços sociais essenciais e de proteção de alta qualidade, resilientes, sensíveis ao género e modernos. / Outcome 1: By 2027, more people, especially those living in the most vulnerable and marginalized situations and those living with disabilities, have equitable access to and use of high-quality, resilient, gender-responsive, and modern essential social services and protection.",1_SPSP 1-2_OC1-3_OU1.1.3,"Produto 1.1.3: As políticas e os quadros regulamentares permitem melhor acesso, utilização e modernização de serviços sociais e de protecção inclusivos, digitais, sensíveis ao género e resilientes, incluindo para os assentamentos informais.",2025-01-01,2025-12-31,1_SPSP 1-2_OC1-3_OU1.1.3-4_SOU244,179423,Cooperação Trilateral Sul/Sul - Assistência Técnica ao MIOTH para a implementação do Plano Nacional da Habitação  Cooperação Trilateral Sul/Sul - Assistência Técnica ao MIOTH para a implementação da Política e do Plano Nacional da Habitação (UN-HABITAT),UN-HABITAT,United Nations Human Settlement Programme,,,,,,,,,,false,,false,,false,,false,,,16000,
1_SPSP 1-2_OC1,"Efeito 1: Até 2027, mais pessoas, especialmente as que vivem em situações de mais vulnerabilidade ou marginalização e as que vivem com deficiências, terão acesso equitativo e utilização de serviços sociais essenciais e de proteção de alta qualidade, resilientes, sensíveis ao género e modernos. / Outcome 1: By 2027, more people, especially those living in the most vulnerable and marginalized situations and those living with disabilities, have equitable access to and use of high-quality, resilient, gender-responsive, and modern essential social services and protection.",1_SPSP 1-2_OC1-3_OU1.1.3,"Produto 1.1.3: As políticas e os quadros regulamentares permitem melhor acesso, utilização e modernização de serviços sociais e de protecção inclusivos, digitais, sensíveis ao género e resilientes, incluindo para os assentamentos informais.",2025-01-01,2025-12-31,1_SPSP 1-2_OC1-3_OU1.1.3-4_SOU244,179423,Cooperação Trilateral Sul/Sul - Assistência Técnica ao MIOTH para a implementação do Plano Nacional da Habitação  Cooperação Trilateral Sul/Sul - Assistência Técnica ao MIOTH para a implementação da Política e do Plano Nacional da Habitação (UN-HABITAT),UN-HABITAT,United Nations Human Settlement Programme,ABC - Brazilian Cooperation Agency,International NGO,,,,,16000,,,false,,false,10000,false,,false,,,,
1_SPSP 2-2_OC2.1,"Efeito 2.1: Até 2027, uma economia mais sustentável, inclusiva, diversificada e integrada gerará empregos decentes, segurança alimentar e nutrição para os mais vulneráveis, especialmente as mulheres, os jovens e os mais pobres. / Outcome 2.1: By 2027, a more sustainable, inclusive, diversified and integrated economy generates decent jobs, food security and nutrition for the most vulnerable, especially women, youth and the extreme poor.",1_SPSP 2-2_OC2.1-3_OU2.1.1,"Produto 2.1.1: As estruturas institucionais são reforçadas e mais inclusivas, e os responsáveis ​​têm capacidades fortalecidas para um melhor ambiente de negócios, sistemas nacionais de qualidade, integração regional, uma maior contribuição da diáspora para a economia e a proteção dos direitos dos trabalhadores.",2023-01-01,2024-12-31,1_SPSP 2-2_OC2.1-3_OU2.1.1-4_SOU1,108234,"Reforço das capacidades do Ministério das Finanças para alinhar e harmonizar o PEDS II com a Visão 2050 da ECOWAS, os Objetivos do Desenvolvimento Sustentável e a Agenda 2063 da Uniao Africana (UNECA)",UN ECA,United Nations Economic Commission for Africa,,,,,,,,,,false,,false,,false,,false,,25000,,
1_SPSP 2-2_OC2.1,"Efeito 2.1: Até 2027, uma economia mais sustentável, inclusiva, diversificada e integrada gerará empregos decentes, segurança alimentar e nutrição para os mais vulneráveis, especialmente as mulheres, os jovens e os mais pobres. / Outcome 2.1: By 2027, a more sustainable, inclusive, diversified and integrated economy generates decent jobs, food security and nutrition for the most vulnerable, especially women, youth and the extreme poor.",1_SPSP 2-2_OC2.1-3_OU2.1.1,"Produto 2.1.1: As estruturas institucionais são reforçadas e mais inclusivas, e os responsáveis ​​têm capacidades fortalecidas para um melhor ambiente de negócios, sistemas nacionais de qualidade, integração regional, uma maior contribuição da diáspora para a economia e a proteção dos direitos dos trabalhadores.",2023-01-01,2024-12-31,1_SPSP 2-2_OC2.1-3_OU2.1.1-4_SOU1,108234,"Reforço das capacidades do Ministério das Finanças para alinhar e harmonizar o PEDS II com a Visão 2050 da ECOWAS, os Objetivos do Desenvolvimento Sustentável e a Agenda 2063 da Uniao Africana (UNECA)",UN ECA,United Nations Economic Commission for Africa,Core Funding,Multilateral - UN organizations excluding pooled funds,,,,25000,,,,false,25000,false,,false,,false,,,,
1_SPSP 2-2_OC2.1,"Efeito 2.1: Até 2027, uma economia mais sustentável, inclusiva, diversificada e integrada gerará empregos decentes, segurança alimentar e nutrição para os mais vulneráveis, especialmente as mulheres, os jovens e os mais pobres. / Outcome 2.1: By 2027, a more sustainable, inclusive, diversified and integrated economy generates decent jobs, food security and nutrition for the most vulnerable, especially women, youth and the extreme poor.",1_SPSP 2-2_OC2.1-3_OU2.1.1,"Produto 2.1.1: As estruturas institucionais são reforçadas e mais inclusivas, e os responsáveis ​​têm capacidades fortalecidas para um melhor ambiente de negócios, sistemas nacionais de qualidade, integração regional, uma maior contribuição da diáspora para a economia e a proteção dos direitos dos trabalhadores.",2023-01-01,2023-12-31,1_SPSP 2-2_OC2.1-3_OU2.1.1-4_SOU2,108243,"Reforçar as capacidades dos Estados Membros, incluindo Cabo Verde, em desenvolver e implementar um sistema orcamentário que integre o dividendo demográfico (UN ECA)",UN ECA,United Nations Economic Commission for Africa,,,,,,,,,,false,,false,,false,,false,36000,,,
1_SPSP 2-2_OC2.1,"Efeito 2.1: Até 2027, uma economia mais sustentável, inclusiva, diversificada e integrada gerará empregos decentes, segurança alimentar e nutrição para os mais vulneráveis, especialmente as mulheres, os jovens e os mais pobres. / Outcome 2.1: By 2027, a more sustainable, inclusive, diversified and integrated economy generates decent jobs, food security and nutrition for the most vulnerable, especially women, youth and the extreme poor.",1_SPSP 2-2_OC2.1-3_OU2.1.1,"Produto 2.1.1: As estruturas institucionais são reforçadas e mais inclusivas, e os responsáveis ​​têm capacidades fortalecidas para um melhor ambiente de negócios, sistemas nacionais de qualidade, integração regional, uma maior contribuição da diáspora para a economia e a proteção dos direitos dos trabalhadores.",2023-01-01,2023-12-31,1_SPSP 2-2_OC2.1-3_OU2.1.1-4_SOU2,108243,"Reforçar as capacidades dos Estados Membros, incluindo Cabo Verde, em desenvolver e implementar um sistema orcamentário que integre o dividendo demográfico (UN ECA)",UN ECA,United Nations Economic Commission for Africa,Core Funding,Multilateral - UN organizations excluding pooled funds,,,10000,,,,10000,false,,false,,false,,false,,,,
1_SPSP 2-2_OC2.1,"Efeito 2.1: Até 2027, uma economia mais sustentável, inclusiva, diversificada e integrada gerará empregos decentes, segurança alimentar e nutrição para os mais vulneráveis, especialmente as mulheres, os jovens e os mais pobres. / Outcome 2.1: By 2027, a more sustainable, inclusive, diversified and integrated economy generates decent jobs, food security and nutrition for the most vulnerable, especially women, youth and the extreme poor.",1_SPSP 2-2_OC2.1-3_OU2.1.1,"Produto 2.1.1: As estruturas institucionais são reforçadas e mais inclusivas, e os responsáveis ​​têm capacidades fortalecidas para um melhor ambiente de negócios, sistemas nacionais de qualidade, integração regional, uma maior contribuição da diáspora para a economia e a proteção dos direitos dos trabalhadores.",2023-01-01,2023-12-31,1_SPSP 2-2_OC2.1-3_OU2.1.1-4_SOU4,108246,Elaboração do relatório de avaliação das necessidades institucionais para melhorar as condições de recrutamento ético da migração laboral (IOM)	,IOM,International Organization for Migration,,,,,,,,,,false,,false,,false,,false,141000,,,
1_SPSP 2-2_OC2.1,"Efeito 2.1: Até 2027, uma economia mais sustentável, inclusiva, diversificada e integrada gerará empregos decentes, segurança alimentar e nutrição para os mais vulneráveis, especialmente as mulheres, os jovens e os mais pobres. / Outcome 2.1: By 2027, a more sustainable, inclusive, diversified and integrated economy generates decent jobs, food security and nutrition for the most vulnerable, especially women, youth and the extreme poor.",1_SPSP 2-2_OC2.1-3_OU2.1.1,"Produto 2.1.1: As estruturas institucionais são reforçadas e mais inclusivas, e os responsáveis ​​têm capacidades fortalecidas para um melhor ambiente de negócios, sistemas nacionais de qualidade, integração regional, uma maior contribuição da diáspora para a economia e a proteção dos direitos dos trabalhadores.",2023-01-01,2023-12-31,1_SPSP 2-2_OC2.1-3_OU2.1.1-4_SOU4,108246,Elaboração do relatório de avaliação das necessidades institucionais para melhorar as condições de recrutamento ético da migração laboral (IOM)	,IOM,International Organization for Migration,France,Government,,,141000,,,,57327,false,,false,,false,,false,,,,
1_SPSP 2-2_OC2.1,"Efeito 2.1: Até 2027, uma economia mais sustentável, inclusiva, diversificada e integrada gerará empregos decentes, segurança alimentar e nutrição para os mais vulneráveis, especialmente as mulheres, os jovens e os mais pobres. / Outcome 2.1: By 2027, a more sustainable, inclusive, diversified and integrated economy generates decent jobs, food security and nutrition for the most vulnerable, especially women, youth and the extreme poor.",1_SPSP 2-2_OC2.1-3_OU2.1.1,"Produto 2.1.1: As estruturas institucionais são reforçadas e mais inclusivas, e os responsáveis ​​têm capacidades fortalecidas para um melhor ambiente de negócios, sistemas nacionais de qualidade, integração regional, uma maior contribuição da diáspora para a economia e a proteção dos direitos dos trabalhadores.",2023-01-01,2024-12-31,1_SPSP 2-2_OC2.1-3_OU2.1.1-4_SOU5,108247,Desenvolver um programa de Investimento da Diáspora (IOM)	 	,IOM,International Organization for Migration,,,,,,,,,,true,,false,,false,,false,34940,34288,,
1_SPSP 2-2_OC2.1,"Efeito 2.1: Até 2027, uma economia mais sustentável, inclusiva, diversificada e integrada gerará empregos decentes, segurança alimentar e nutrição para os mais vulneráveis, especialmente as mulheres, os jovens e os mais pobres. / Outcome 2.1: By 2027, a more sustainable, inclusive, diversified and integrated economy generates decent jobs, food security and nutrition for the most vulnerable, especially women, youth and the extreme poor.",1_SPSP 2-2_OC2.1-3_OU2.1.1,"Produto 2.1.1: As estruturas institucionais são reforçadas e mais inclusivas, e os responsáveis ​​têm capacidades fortalecidas para um melhor ambiente de negócios, sistemas nacionais de qualidade, integração regional, uma maior contribuição da diáspora para a economia e a proteção dos direitos dos trabalhadores.",2023-01-01,2024-12-31,1_SPSP 2-2_OC2.1-3_OU2.1.1-4_SOU5,108247,Desenvolver um programa de Investimento da Diáspora (IOM)	 	,IOM,International Organization for Migration,The Joint SDG Fund,Multilateral - UN Inter-agency pooled funds,,,12085,,,,12085,true,,false,,false,,false,,,,
1_SPSP 2-2_OC2.1,"Efeito 2.1: Até 2027, uma economia mais sustentável, inclusiva, diversificada e integrada gerará empregos decentes, segurança alimentar e nutrição para os mais vulneráveis, especialmente as mulheres, os jovens e os mais pobres. / Outcome 2.1: By 2027, a more sustainable, inclusive, diversified and integrated economy generates decent jobs, food security and nutrition for the most vulnerable, especially women, youth and the extreme poor.",1_SPSP 2-2_OC2.1-3_OU2.1.1,"Produto 2.1.1: As estruturas institucionais são reforçadas e mais inclusivas, e os responsáveis ​​têm capacidades fortalecidas para um melhor ambiente de negócios, sistemas nacionais de qualidade, integração regional, uma maior contribuição da diáspora para a economia e a proteção dos direitos dos trabalhadores.",2023-01-01,2024-12-31,1_SPSP 2-2_OC2.1-3_OU2.1.1-4_SOU5,108247,Desenvolver um programa de Investimento da Diáspora (IOM)	 	,IOM,International Organization for Migration,IOM Development Fund,Multilateral - UN organizations excluding pooled funds,International Organization for Migration,Multilateral - UN organizations excluding pooled funds,22855,34288,,,22855,true,34288,false,,false,,false,,,,
1_SPSP 2-2_OC2.1,"Efeito 2.1: Até 2027, uma economia mais sustentável, inclusiva, diversificada e integrada gerará empregos decentes, segurança alimentar e nutrição para os mais vulneráveis, especialmente as mulheres, os jovens e os mais pobres. / Outcome 2.1: By 2027, a more sustainable, inclusive, diversified and integrated economy generates decent jobs, food security and nutrition for the most vulnerable, especially women, youth and the extreme poor.",1_SPSP 2-2_OC2.1-3_OU2.1.1,"Produto 2.1.1: As estruturas institucionais são reforçadas e mais inclusivas, e os responsáveis ​​têm capacidades fortalecidas para um melhor ambiente de negócios, sistemas nacionais de qualidade, integração regional, uma maior contribuição da diáspora para a economia e a proteção dos direitos dos trabalhadores.",2023-01-01,2024-12-31,1_SPSP 2-2_OC2.1-3_OU2.1.1-4_SOU6,108248,Desenvolver o Guia do Investidor da Diáspora (IOM)	 	,IOM,International Organization for Migration,,,,,,,,,,false,,false,,false,,false,15000,36309,,
1_SPSP 2-2_OC2.1,"Efeito 2.1: Até 2027, uma economia mais sustentável, inclusiva, diversificada e integrada gerará empregos decentes, segurança alimentar e nutrição para os mais vulneráveis, especialmente as mulheres, os jovens e os mais pobres. / Outcome 2.1: By 2027, a more sustainable, inclusive, diversified and integrated economy generates decent jobs, food security and nutrition for the most vulnerable, especially women, youth and the extreme poor.",1_SPSP 2-2_OC2.1-3_OU2.1.1,"Produto 2.1.1: As estruturas institucionais são reforçadas e mais inclusivas, e os responsáveis ​​têm capacidades fortalecidas para um melhor ambiente de negócios, sistemas nacionais de qualidade, integração regional, uma maior contribuição da diáspora para a economia e a proteção dos direitos dos trabalhadores.",2023-01-01,2024-12-31,1_SPSP 2-2_OC2.1-3_OU2.1.1-4_SOU6,108248,Desenvolver o Guia do Investidor da Diáspora (IOM)	 	,IOM,International Organization for Migration,IOM Development Fund,Multilateral - UN organizations excluding pooled funds,International Organization for Migration,Multilateral - UN organizations excluding pooled funds,15000,36309,,,12084,false,36309,false,,false,,false,,,,
1_SPSP 2-2_OC2.1,"Efeito 2.1: Até 2027, uma economia mais sustentável, inclusiva, diversificada e integrada gerará empregos decentes, segurança alimentar e nutrição para os mais vulneráveis, especialmente as mulheres, os jovens e os mais pobres. / Outcome 2.1: By 2027, a more sustainable, inclusive, diversified and integrated economy generates decent jobs, food security and nutrition for the most vulnerable, especially women, youth and the extreme poor.",1_SPSP 2-2_OC2.1-3_OU2.1.1,"Produto 2.1.1: As estruturas institucionais são reforçadas e mais inclusivas, e os responsáveis ​​têm capacidades fortalecidas para um melhor ambiente de negócios, sistemas nacionais de qualidade, integração regional, uma maior contribuição da diáspora para a economia e a proteção dos direitos dos trabalhadores.",2023-06-01,2023-12-31,1_SPSP 2-2_OC2.1-3_OU2.1.1-4_SOU7,108250,"Reforço da capacidade institucional para implementar sistemas agroalimentares no contexto de ""Uma Só Saúde"" (FAO)	",FAO,Food and Agriculture Organization of the United Nations,,,,,,,,,,true,,false,,false,,false,30000,,,
1_SPSP 2-2_OC2.1,"Efeito 2.1: Até 2027, uma economia mais sustentável, inclusiva, diversificada e integrada gerará empregos decentes, segurança alimentar e nutrição para os mais vulneráveis, especialmente as mulheres, os jovens e os mais pobres. / Outcome 2.1: By 2027, a more sustainable, inclusive, diversified and integrated economy generates decent jobs, food security and nutrition for the most vulnerable, especially women, youth and the extreme poor.",1_SPSP 2-2_OC2.1-3_OU2.1.1,"Produto 2.1.1: As estruturas institucionais são reforçadas e mais inclusivas, e os responsáveis ​​têm capacidades fortalecidas para um melhor ambiente de negócios, sistemas nacionais de qualidade, integração regional, uma maior contribuição da diáspora para a economia e a proteção dos direitos dos trabalhadores.",2023-06-01,2023-12-31,1_SPSP 2-2_OC2.1-3_OU2.1.1-4_SOU7,108250,"Reforço da capacidade institucional para implementar sistemas agroalimentares no contexto de ""Uma Só Saúde"" (FAO)	",FAO,Food and Agriculture Organization of the United Nations,Core Funding,Multilateral - UN organizations excluding pooled funds,,,5000,,,,5000,true,,false,,false,,false,,,,
1_SPSP 2-2_OC2.1,"Efeito 2.1: Até 2027, uma economia mais sustentável, inclusiva, diversificada e integrada gerará empregos decentes, segurança alimentar e nutrição para os mais vulneráveis, especialmente as mulheres, os jovens e os mais pobres. / Outcome 2.1: By 2027, a more sustainable, inclusive, diversified and integrated economy generates decent jobs, food security and nutrition for the most vulnerable, especially women, youth and the extreme poor.",1_SPSP 2-2_OC2.1-3_OU2.1.1,"Produto 2.1.1: As estruturas institucionais são reforçadas e mais inclusivas, e os responsáveis ​​têm capacidades fortalecidas para um melhor ambiente de negócios, sistemas nacionais de qualidade, integração regional, uma maior contribuição da diáspora para a economia e a proteção dos direitos dos trabalhadores.",2023-06-01,2024-12-31,1_SPSP 2-2_OC2.1-3_OU2.1.1-4_SOU8,108251,"Promoção do acesso a conhecimento, novas tecnologias, e inovação no desenvolvimento de sistemas agroalimentares sustentáveis (FAO)	 	",FAO,Food and Agriculture Organization of the United Nations,,,,,,,,,,false,,false,,false,,false,280000,329141,,
1_SPSP 2-2_OC2.1,"Efeito 2.1: Até 2027, uma economia mais sustentável, inclusiva, diversificada e integrada gerará empregos decentes, segurança alimentar e nutrição para os mais vulneráveis, especialmente as mulheres, os jovens e os mais pobres. / Outcome 2.1: By 2027, a more sustainable, inclusive, diversified and integrated economy generates decent jobs, food security and nutrition for the most vulnerable, especially women, youth and the extreme poor.",1_SPSP 2-2_OC2.1-3_OU2.1.1,"Produto 2.1.1: As estruturas institucionais são reforçadas e mais inclusivas, e os responsáveis ​​têm capacidades fortalecidas para um melhor ambiente de negócios, sistemas nacionais de qualidade, integração regional, uma maior contribuição da diáspora para a economia e a proteção dos direitos dos trabalhadores.",2023-06-01,2024-12-31,1_SPSP 2-2_OC2.1-3_OU2.1.1-4_SOU8,108251,"Promoção do acesso a conhecimento, novas tecnologias, e inovação no desenvolvimento de sistemas agroalimentares sustentáveis (FAO)	 	",FAO,Food and Agriculture Organization of the United Nations,Core Funding,Multilateral - UN organizations excluding pooled funds,,,26414,,,,24420,false,,false,,false,,false,,,,
1_SPSP 2-2_OC2.1,"Efeito 2.1: Até 2027, uma economia mais sustentável, inclusiva, diversificada e integrada gerará empregos decentes, segurança alimentar e nutrição para os mais vulneráveis, especialmente as mulheres, os jovens e os mais pobres. / Outcome 2.1: By 2027, a more sustainable, inclusive, diversified and integrated economy generates decent jobs, food security and nutrition for the most vulnerable, especially women, youth and the extreme poor.",1_SPSP 2-2_OC2.1-3_OU2.1.1,"Produto 2.1.1: As estruturas institucionais são reforçadas e mais inclusivas, e os responsáveis ​​têm capacidades fortalecidas para um melhor ambiente de negócios, sistemas nacionais de qualidade, integração regional, uma maior contribuição da diáspora para a economia e a proteção dos direitos dos trabalhadores.",2023-06-01,2024-12-31,1_SPSP 2-2_OC2.1-3_OU2.1.1-4_SOU8,108251,"Promoção do acesso a conhecimento, novas tecnologias, e inovação no desenvolvimento de sistemas agroalimentares sustentáveis (FAO)	 	",FAO,Food and Agriculture Organization of the United Nations,China,Government,,,240000,329141,,,134450,false,313065,false,,false,,false,,,,
1_SPSP 2-2_OC2.1,"Efeito 2.1: Até 2027, uma economia mais sustentável, inclusiva, diversificada e integrada gerará empregos decentes, segurança alimentar e nutrição para os mais vulneráveis, especialmente as mulheres, os jovens e os mais pobres. / Outcome 2.1: By 2027, a more sustainable, inclusive, diversified and integrated economy generates decent jobs, food security and nutrition for the most vulnerable, especially women, youth and the extreme poor.",1_SPSP 2-2_OC2.1-3_OU2.1.1,"Produto 2.1.1: As estruturas institucionais são reforçadas e mais inclusivas, e os responsáveis ​​têm capacidades fortalecidas para um melhor ambiente de negócios, sistemas nacionais de qualidade, integração regional, uma maior contribuição da diáspora para a economia e a proteção dos direitos dos trabalhadores.",2023-01-01,2024-12-31,1_SPSP 2-2_OC2.1-3_OU2.1.1-4_SOU9,108252,Promoção da Declaração Tripartida da OIT sobre as Empresas Multinacionais e Política Social (Declaração MNE) (ILO)	,ILO,International Labour Organisation,,,,,,,,,,false,,false,,false,,false,105731,100665,,
1_SPSP 2-2_OC2.1,"Efeito 2.1: Até 2027, uma economia mais sustentável, inclusiva, diversificada e integrada gerará empregos decentes, segurança alimentar e nutrição para os mais vulneráveis, especialmente as mulheres, os jovens e os mais pobres. / Outcome 2.1: By 2027, a more sustainable, inclusive, diversified and integrated economy generates decent jobs, food security and nutrition for the most vulnerable, especially women, youth and the extreme poor.",1_SPSP 2-2_OC2.1-3_OU2.1.1,"Produto 2.1.1: As estruturas institucionais são reforçadas e mais inclusivas, e os responsáveis ​​têm capacidades fortalecidas para um melhor ambiente de negócios, sistemas nacionais de qualidade, integração regional, uma maior contribuição da diáspora para a economia e a proteção dos direitos dos trabalhadores.",2023-01-01,2024-12-31,1_SPSP 2-2_OC2.1-3_OU2.1.1-4_SOU9,108252,Promoção da Declaração Tripartida da OIT sobre as Empresas Multinacionais e Política Social (Declaração MNE) (ILO)	,ILO,International Labour Organisation,Finland,Government,,,85731,93734,,,82595,false,41747,false,,false,,false,,,,
1_SPSP 2-2_OC2.1,"Efeito 2.1: Até 2027, uma economia mais sustentável, inclusiva, diversificada e integrada gerará empregos decentes, segurança alimentar e nutrição para os mais vulneráveis, especialmente as mulheres, os jovens e os mais pobres. / Outcome 2.1: By 2027, a more sustainable, inclusive, diversified and integrated economy generates decent jobs, food security and nutrition for the most vulnerable, especially women, youth and the extreme poor.",1_SPSP 2-2_OC2.1-3_OU2.1.1,"Produto 2.1.1: As estruturas institucionais são reforçadas e mais inclusivas, e os responsáveis ​​têm capacidades fortalecidas para um melhor ambiente de negócios, sistemas nacionais de qualidade, integração regional, uma maior contribuição da diáspora para a economia e a proteção dos direitos dos trabalhadores.",2023-02-01,2023-12-31,1_SPSP 2-2_OC2.1-3_OU2.1.1-4_SOU10,108253,Avaliação do REMPE - Regime Especial para as Micro e Pequenas Empresas (ILO)	,ILO,International Labour Organisation,,,,,,,,,,true,,false,,false,,false,35000,,,
1_SPSP 2-2_OC2.1,"Efeito 2.1: Até 2027, uma economia mais sustentável, inclusiva, diversificada e integrada gerará empregos decentes, segurança alimentar e nutrição para os mais vulneráveis, especialmente as mulheres, os jovens e os mais pobres. / Outcome 2.1: By 2027, a more sustainable, inclusive, diversified and integrated economy generates decent jobs, food security and nutrition for the most vulnerable, especially women, youth and the extreme poor.",1_SPSP 2-2_OC2.1-3_OU2.1.1,"Produto 2.1.1: As estruturas institucionais são reforçadas e mais inclusivas, e os responsáveis ​​têm capacidades fortalecidas para um melhor ambiente de negócios, sistemas nacionais de qualidade, integração regional, uma maior contribuição da diáspora para a economia e a proteção dos direitos dos trabalhadores.",2023-02-01,2023-12-31,1_SPSP 2-2_OC2.1-3_OU2.1.1-4_SOU10,108253,Avaliação do REMPE - Regime Especial para as Micro e Pequenas Empresas (ILO)	,ILO,International Labour Organisation,The Joint SDG Fund,Multilateral - UN Inter-agency pooled funds,,,35000,,,,33379,true,,false,,false,,false,,,,
1_SPSP 2-2_OC2.1,"Efeito 2.1: Até 2027, uma economia mais sustentável, inclusiva, diversificada e integrada gerará empregos decentes, segurança alimentar e nutrição para os mais vulneráveis, especialmente as mulheres, os jovens e os mais pobres. / Outcome 2.1: By 2027, a more sustainable, inclusive, diversified and integrated economy generates decent jobs, food security and nutrition for the most vulnerable, especially women, youth and the extreme poor.",1_SPSP 2-2_OC2.1-3_OU2.1.1,"Produto 2.1.1: As estruturas institucionais são reforçadas e mais inclusivas, e os responsáveis ​​têm capacidades fortalecidas para um melhor ambiente de negócios, sistemas nacionais de qualidade, integração regional, uma maior contribuição da diáspora para a economia e a proteção dos direitos dos trabalhadores.",2023-01-15,2023-12-31,1_SPSP 2-2_OC2.1-3_OU2.1.1-4_SOU11,108254,Actualização do diagnóstico do Sistema de Informação do Mercado de Trabalho (ILO)	,ILO,International Labour Organisation,,,,,,,,,,true,,false,,false,,false,20000,,,
1_SPSP 2-2_OC2.1,"Efeito 2.1: Até 2027, uma economia mais sustentável, inclusiva, diversificada e integrada gerará empregos decentes, segurança alimentar e nutrição para os mais vulneráveis, especialmente as mulheres, os jovens e os mais pobres. / Outcome 2.1: By 2027, a more sustainable, inclusive, diversified and integrated economy generates decent jobs, food security and nutrition for the most vulnerable, especially women, youth and the extreme poor.",1_SPSP 2-2_OC2.1-3_OU2.1.1,"Produto 2.1.1: As estruturas institucionais são reforçadas e mais inclusivas, e os responsáveis ​​têm capacidades fortalecidas para um melhor ambiente de negócios, sistemas nacionais de qualidade, integração regional, uma maior contribuição da diáspora para a economia e a proteção dos direitos dos trabalhadores.",2023-01-15,2023-12-31,1_SPSP 2-2_OC2.1-3_OU2.1.1-4_SOU11,108254,Actualização do diagnóstico do Sistema de Informação do Mercado de Trabalho (ILO)	,ILO,International Labour Organisation,The Joint SDG Fund,Multilateral - UN Inter-agency pooled funds,,,20000,,,,19828,true,,false,,false,,false,,,,
1_SPSP 2-2_OC2.1,"Efeito 2.1: Até 2027, uma economia mais sustentável, inclusiva, diversificada e integrada gerará empregos decentes, segurança alimentar e nutrição para os mais vulneráveis, especialmente as mulheres, os jovens e os mais pobres. / Outcome 2.1: By 2027, a more sustainable, inclusive, diversified and integrated economy generates decent jobs, food security and nutrition for the most vulnerable, especially women, youth and the extreme poor.",1_SPSP 2-2_OC2.1-3_OU2.1.1,"Produto 2.1.1: As estruturas institucionais são reforçadas e mais inclusivas, e os responsáveis ​​têm capacidades fortalecidas para um melhor ambiente de negócios, sistemas nacionais de qualidade, integração regional, uma maior contribuição da diáspora para a economia e a proteção dos direitos dos trabalhadores.",2023-01-01,2024-12-31,1_SPSP 2-2_OC2.1-3_OU2.1.1-4_SOU12,108255,Reforço das capacidades das Infraestruturas da Qualidade (UNIDO)	 	,UNIDO,United Nations Industrial Development Organization,,,,,,,,,,true,,false,,false,,false,39700,,,
1_SPSP 2-2_OC2.1,"Efeito 2.1: Até 2027, uma economia mais sustentável, inclusiva, diversificada e integrada gerará empregos decentes, segurança alimentar e nutrição para os mais vulneráveis, especialmente as mulheres, os jovens e os mais pobres. / Outcome 2.1: By 2027, a more sustainable, inclusive, diversified and integrated economy generates decent jobs, food security and nutrition for the most vulnerable, especially women, youth and the extreme poor.",1_SPSP 2-2_OC2.1-3_OU2.1.1,"Produto 2.1.1: As estruturas institucionais são reforçadas e mais inclusivas, e os responsáveis ​​têm capacidades fortalecidas para um melhor ambiente de negócios, sistemas nacionais de qualidade, integração regional, uma maior contribuição da diáspora para a economia e a proteção dos direitos dos trabalhadores.",2023-01-01,2024-12-31,1_SPSP 2-2_OC2.1-3_OU2.1.1-4_SOU12,108255,Reforço das capacidades das Infraestruturas da Qualidade (UNIDO)	 	,UNIDO,United Nations Industrial Development Organization,Core Funding,Multilateral - UN organizations excluding pooled funds,,,5000,,,,5000,true,,false,,false,,false,,,,
1_SPSP 2-2_OC2.1,"Efeito 2.1: Até 2027, uma economia mais sustentável, inclusiva, diversificada e integrada gerará empregos decentes, segurança alimentar e nutrição para os mais vulneráveis, especialmente as mulheres, os jovens e os mais pobres. / Outcome 2.1: By 2027, a more sustainable, inclusive, diversified and integrated economy generates decent jobs, food security and nutrition for the most vulnerable, especially women, youth and the extreme poor.",1_SPSP 2-2_OC2.1-3_OU2.1.1,"Produto 2.1.1: As estruturas institucionais são reforçadas e mais inclusivas, e os responsáveis ​​têm capacidades fortalecidas para um melhor ambiente de negócios, sistemas nacionais de qualidade, integração regional, uma maior contribuição da diáspora para a economia e a proteção dos direitos dos trabalhadores.",2023-01-01,2024-12-31,1_SPSP 2-2_OC2.1-3_OU2.1.1-4_SOU12,108255,Reforço das capacidades das Infraestruturas da Qualidade (UNIDO)	 	,UNIDO,United Nations Industrial Development Organization,European Union,EU Institutions,,,34700,,,,34700,true,,false,,false,,false,,,,
1_SPSP 2-2_OC2.1,"Efeito 2.1: Até 2027, uma economia mais sustentável, inclusiva, diversificada e integrada gerará empregos decentes, segurança alimentar e nutrição para os mais vulneráveis, especialmente as mulheres, os jovens e os mais pobres. / Outcome 2.1: By 2027, a more sustainable, inclusive, diversified and integrated economy generates decent jobs, food security and nutrition for the most vulnerable, especially women, youth and the extreme poor.",1_SPSP 2-2_OC2.1-3_OU2.1.1,"Produto 2.1.1: As estruturas institucionais são reforçadas e mais inclusivas, e os responsáveis ​​têm capacidades fortalecidas para um melhor ambiente de negócios, sistemas nacionais de qualidade, integração regional, uma maior contribuição da diáspora para a economia e a proteção dos direitos dos trabalhadores.",2023-07-01,2024-12-31,1_SPSP 2-2_OC2.1-3_OU2.1.1-4_SOU13,108256,3º Inquérito ao setor informal é analisado e os indicadores do setor informal integrados nos sistemas de recolha nacionais existentes (ILO),ILO,International Labour Organisation,,,,,,,,,,false,,false,,false,,false,121170,44489,,
1_SPSP 2-2_OC2.1,"Efeito 2.1: Até 2027, uma economia mais sustentável, inclusiva, diversificada e integrada gerará empregos decentes, segurança alimentar e nutrição para os mais vulneráveis, especialmente as mulheres, os jovens e os mais pobres. / Outcome 2.1: By 2027, a more sustainable, inclusive, diversified and integrated economy generates decent jobs, food security and nutrition for the most vulnerable, especially women, youth and the extreme poor.",1_SPSP 2-2_OC2.1-3_OU2.1.1,"Produto 2.1.1: As estruturas institucionais são reforçadas e mais inclusivas, e os responsáveis ​​têm capacidades fortalecidas para um melhor ambiente de negócios, sistemas nacionais de qualidade, integração regional, uma maior contribuição da diáspora para a economia e a proteção dos direitos dos trabalhadores.",2023-07-01,2024-12-31,1_SPSP 2-2_OC2.1-3_OU2.1.1-4_SOU13,108256,3º Inquérito ao setor informal é analisado e os indicadores do setor informal integrados nos sistemas de recolha nacionais existentes (ILO),ILO,International Labour Organisation,Luxembourg,Government,,,121170,44489,,,87491,false,25130,false,,false,,false,,,,
1_SPSP 2-2_OC2.1,"Efeito 2.1: Até 2027, uma economia mais sustentável, inclusiva, diversificada e integrada gerará empregos decentes, segurança alimentar e nutrição para os mais vulneráveis, especialmente as mulheres, os jovens e os mais pobres. / Outcome 2.1: By 2027, a more sustainable, inclusive, diversified and integrated economy generates decent jobs, food security and nutrition for the most vulnerable, especially women, youth and the extreme poor.",1_SPSP 2-2_OC2.1-3_OU2.1.1,"Produto 2.1.1: As estruturas institucionais são reforçadas e mais inclusivas, e os responsáveis ​​têm capacidades fortalecidas para um melhor ambiente de negócios, sistemas nacionais de qualidade, integração regional, uma maior contribuição da diáspora para a economia e a proteção dos direitos dos trabalhadores.",2023-07-01,2024-12-31,1_SPSP 2-2_OC2.1-3_OU2.1.1-4_SOU14,108266,As capacidades das duas Centrais Sindicais e dos seus afiliados são reforçadas em questões relacionadas com o trabalho digno e a formalização de empresas e dos seus trabalhadores (ILO),ILO,International Labour Organisation,,,,,,,,,,true,,false,,false,,false,40000,61105,,
1_SPSP 2-2_OC2.1,"Efeito 2.1: Até 2027, uma economia mais sustentável, inclusiva, diversificada e integrada gerará empregos decentes, segurança alimentar e nutrição para os mais vulneráveis, especialmente as mulheres, os jovens e os mais pobres. / Outcome 2.1: By 2027, a more sustainable, inclusive, diversified and integrated economy generates decent jobs, food security and nutrition for the most vulnerable, especially women, youth and the extreme poor.",1_SPSP 2-2_OC2.1-3_OU2.1.1,"Produto 2.1.1: As estruturas institucionais são reforçadas e mais inclusivas, e os responsáveis ​​têm capacidades fortalecidas para um melhor ambiente de negócios, sistemas nacionais de qualidade, integração regional, uma maior contribuição da diáspora para a economia e a proteção dos direitos dos trabalhadores.",2023-07-01,2024-12-31,1_SPSP 2-2_OC2.1-3_OU2.1.1-4_SOU14,108266,As capacidades das duas Centrais Sindicais e dos seus afiliados são reforçadas em questões relacionadas com o trabalho digno e a formalização de empresas e dos seus trabalhadores (ILO),ILO,International Labour Organisation,Luxembourg,Government,,,40000,61105,,,38815,true,57886,false,,false,,false,,,,
1_SPSP 2-2_OC2.1,"Efeito 2.1: Até 2027, uma economia mais sustentável, inclusiva, diversificada e integrada gerará empregos decentes, segurança alimentar e nutrição para os mais vulneráveis, especialmente as mulheres, os jovens e os mais pobres. / Outcome 2.1: By 2027, a more sustainable, inclusive, diversified and integrated economy generates decent jobs, food security and nutrition for the most vulnerable, especially women, youth and the extreme poor.",1_SPSP 2-2_OC2.1-3_OU2.1.1,"Produto 2.1.1: As estruturas institucionais são reforçadas e mais inclusivas, e os responsáveis ​​têm capacidades fortalecidas para um melhor ambiente de negócios, sistemas nacionais de qualidade, integração regional, uma maior contribuição da diáspora para a economia e a proteção dos direitos dos trabalhadores.",2023-04-01,2023-12-31,1_SPSP 2-2_OC2.1-3_OU2.1.1-4_SOU15,108271,"Ampliação e diversificação da oferta turística na cidade de São Filipe (UNDP)(Accelerator Lab) ",UNDP,United Nations Development Programme,,,,,,,,,,true,,false,,false,,false,30000,,,
1_SPSP 2-2_OC2.1,"Efeito 2.1: Até 2027, uma economia mais sustentável, inclusiva, diversificada e integrada gerará empregos decentes, segurança alimentar e nutrição para os mais vulneráveis, especialmente as mulheres, os jovens e os mais pobres. / Outcome 2.1: By 2027, a more sustainable, inclusive, diversified and integrated economy generates decent jobs, food security and nutrition for the most vulnerable, especially women, youth and the extreme poor.",1_SPSP 2-2_OC2.1-3_OU2.1.1,"Produto 2.1.1: As estruturas institucionais são reforçadas e mais inclusivas, e os responsáveis ​​têm capacidades fortalecidas para um melhor ambiente de negócios, sistemas nacionais de qualidade, integração regional, uma maior contribuição da diáspora para a economia e a proteção dos direitos dos trabalhadores.",2023-04-01,2023-12-31,1_SPSP 2-2_OC2.1-3_OU2.1.1-4_SOU15,108271,"Ampliação e diversificação da oferta turística na cidade de São Filipe (UNDP)(Accelerator Lab) ",UNDP,United Nations Development Programme,Core Funding,Multilateral - UN organizations excluding pooled funds,,,30000,,,,19500,true,,false,,false,,false,,,,
1_SPSP 2-2_OC2.1,"Efeito 2.1: Até 2027, uma economia mais sustentável, inclusiva, diversificada e integrada gerará empregos decentes, segurança alimentar e nutrição para os mais vulneráveis, especialmente as mulheres, os jovens e os mais pobres. / Outcome 2.1: By 2027, a more sustainable, inclusive, diversified and integrated economy generates decent jobs, food security and nutrition for the most vulnerable, especially women, youth and the extreme poor.",1_SPSP 2-2_OC2.1-3_OU2.1.1,"Produto 2.1.1: As estruturas institucionais são reforçadas e mais inclusivas, e os responsáveis ​​têm capacidades fortalecidas para um melhor ambiente de negócios, sistemas nacionais de qualidade, integração regional, uma maior contribuição da diáspora para a economia e a proteção dos direitos dos trabalhadores.",2023-04-01,2023-12-31,1_SPSP 2-2_OC2.1-3_OU2.1.1-4_SOU16,108273,Capacitação dos quadros da Reguladora Multissectorial da Economia em Cabo Verde (ARME) sobre os Indicadores Estatísticos das Telecomunicações/TIC (ITU),ITU,International Telecommunication Union,,,,,,,,,,true,,false,,false,,false,15000,,,
1_SPSP 2-2_OC2.1,"Efeito 2.1: Até 2027, uma economia mais sustentável, inclusiva, diversificada e integrada gerará empregos decentes, segurança alimentar e nutrição para os mais vulneráveis, especialmente as mulheres, os jovens e os mais pobres. / Outcome 2.1: By 2027, a more sustainable, inclusive, diversified and integrated economy generates decent jobs, food security and nutrition for the most vulnerable, especially women, youth and the extreme poor.",1_SPSP 2-2_OC2.1-3_OU2.1.1,"Produto 2.1.1: As estruturas institucionais são reforçadas e mais inclusivas, e os responsáveis ​​têm capacidades fortalecidas para um melhor ambiente de negócios, sistemas nacionais de qualidade, integração regional, uma maior contribuição da diáspora para a economia e a proteção dos direitos dos trabalhadores.",2023-04-01,2023-12-31,1_SPSP 2-2_OC2.1-3_OU2.1.1-4_SOU16,108273,Capacitação dos quadros da Reguladora Multissectorial da Economia em Cabo Verde (ARME) sobre os Indicadores Estatísticos das Telecomunicações/TIC (ITU),ITU,International Telecommunication Union,Core Funding,Multilateral - UN organizations excluding pooled funds,,,10000,,,,10000,true,,false,,false,,false,,,,
1_SPSP 2-2_OC2.1,"Efeito 2.1: Até 2027, uma economia mais sustentável, inclusiva, diversificada e integrada gerará empregos decentes, segurança alimentar e nutrição para os mais vulneráveis, especialmente as mulheres, os jovens e os mais pobres. / Outcome 2.1: By 2027, a more sustainable, inclusive, diversified and integrated economy generates decent jobs, food security and nutrition for the most vulnerable, especially women, youth and the extreme poor.",1_SPSP 2-2_OC2.1-3_OU2.1.1,"Produto 2.1.1: As estruturas institucionais são reforçadas e mais inclusivas, e os responsáveis ​​têm capacidades fortalecidas para um melhor ambiente de negócios, sistemas nacionais de qualidade, integração regional, uma maior contribuição da diáspora para a economia e a proteção dos direitos dos trabalhadores.",2023-08-01,2024-12-31,1_SPSP 2-2_OC2.1-3_OU2.1.1-4_SOU17,108275,Implementação da Política e Estratégia Nacional da Propriedade Intelectual (WIPO) / Implementation of the National Intellectual Property Policy and Strategy (WIPO),WIPO,World Intellectual Property Organization,,,,,,,,,,false,,false,,false,,false,39279,28279,,
1_SPSP 2-2_OC2.1,"Efeito 2.1: Até 2027, uma economia mais sustentável, inclusiva, diversificada e integrada gerará empregos decentes, segurança alimentar e nutrição para os mais vulneráveis, especialmente as mulheres, os jovens e os mais pobres. / Outcome 2.1: By 2027, a more sustainable, inclusive, diversified and integrated economy generates decent jobs, food security and nutrition for the most vulnerable, especially women, youth and the extreme poor.",1_SPSP 2-2_OC2.1-3_OU2.1.1,"Produto 2.1.1: As estruturas institucionais são reforçadas e mais inclusivas, e os responsáveis ​​têm capacidades fortalecidas para um melhor ambiente de negócios, sistemas nacionais de qualidade, integração regional, uma maior contribuição da diáspora para a economia e a proteção dos direitos dos trabalhadores.",2023-08-01,2024-12-31,1_SPSP 2-2_OC2.1-3_OU2.1.1-4_SOU17,108275,Implementação da Política e Estratégia Nacional da Propriedade Intelectual (WIPO) / Implementation of the National Intellectual Property Policy and Strategy (WIPO),WIPO,World Intellectual Property Organization,Core Funding,Multilateral - UN organizations excluding pooled funds,,,39279,28279,,,11000,false,6450,false,,false,,false,,,,
1_SPSP 2-2_OC2.1,"Efeito 2.1: Até 2027, uma economia mais sustentável, inclusiva, diversificada e integrada gerará empregos decentes, segurança alimentar e nutrição para os mais vulneráveis, especialmente as mulheres, os jovens e os mais pobres. / Outcome 2.1: By 2027, a more sustainable, inclusive, diversified and integrated economy generates decent jobs, food security and nutrition for the most vulnerable, especially women, youth and the extreme poor.",1_SPSP 2-2_OC2.1-3_OU2.1.1,"Produto 2.1.1: As estruturas institucionais são reforçadas e mais inclusivas, e os responsáveis ​​têm capacidades fortalecidas para um melhor ambiente de negócios, sistemas nacionais de qualidade, integração regional, uma maior contribuição da diáspora para a economia e a proteção dos direitos dos trabalhadores.",2023-01-01,2024-12-31,1_SPSP 2-2_OC2.1-3_OU2.1.1-4_SOU18,108276,Controlo de Qualidade e Certificação do Vinho do Fogo  protegido pelas DO’s (WIPO) / Quality Control and Certification of Fogo Wine protected by DO's (WIPO),WIPO,World Intellectual Property Organization,,,,,,,,,,false,,false,,false,,false,18500,20000,,
1_SPSP 2-2_OC2.1,"Efeito 2.1: Até 2027, uma economia mais sustentável, inclusiva, diversificada e integrada gerará empregos decentes, segurança alimentar e nutrição para os mais vulneráveis, especialmente as mulheres, os jovens e os mais pobres. / Outcome 2.1: By 2027, a more sustainable, inclusive, diversified and integrated economy generates decent jobs, food security and nutrition for the most vulnerable, especially women, youth and the extreme poor.",1_SPSP 2-2_OC2.1-3_OU2.1.1,"Produto 2.1.1: As estruturas institucionais são reforçadas e mais inclusivas, e os responsáveis ​​têm capacidades fortalecidas para um melhor ambiente de negócios, sistemas nacionais de qualidade, integração regional, uma maior contribuição da diáspora para a economia e a proteção dos direitos dos trabalhadores.",2023-01-01,2024-12-31,1_SPSP 2-2_OC2.1-3_OU2.1.1-4_SOU18,108276,Controlo de Qualidade e Certificação do Vinho do Fogo  protegido pelas DO’s (WIPO) / Quality Control and Certification of Fogo Wine protected by DO's (WIPO),WIPO,World Intellectual Property Organization,Core Funding,Multilateral - UN organizations excluding pooled funds,,,18500,20000,,,,false,,false,,false,,false,,,,
1_SPSP 2-2_OC2.1,"Efeito 2.1: Até 2027, uma economia mais sustentável, inclusiva, diversificada e integrada gerará empregos decentes, segurança alimentar e nutrição para os mais vulneráveis, especialmente as mulheres, os jovens e os mais pobres. / Outcome 2.1: By 2027, a more sustainable, inclusive, diversified and integrated economy generates decent jobs, food security and nutrition for the most vulnerable, especially women, youth and the extreme poor.",1_SPSP 2-2_OC2.1-3_OU2.1.1,"Produto 2.1.1: As estruturas institucionais são reforçadas e mais inclusivas, e os responsáveis ​​têm capacidades fortalecidas para um melhor ambiente de negócios, sistemas nacionais de qualidade, integração regional, uma maior contribuição da diáspora para a economia e a proteção dos direitos dos trabalhadores.",2023-01-01,2023-05-31,1_SPSP 2-2_OC2.1-3_OU2.1.1-4_SOU19,108277,Projeto-A propriedade intelectual como catalizador do empreendedorismo jovem (WIPO),WIPO,World Intellectual Property Organization,,,,,,,,,,true,,false,,false,,false,54358,,,
1_SPSP 2-2_OC2.1,"Efeito 2.1: Até 2027, uma economia mais sustentável, inclusiva, diversificada e integrada gerará empregos decentes, segurança alimentar e nutrição para os mais vulneráveis, especialmente as mulheres, os jovens e os mais pobres. / Outcome 2.1: By 2027, a more sustainable, inclusive, diversified and integrated economy generates decent jobs, food security and nutrition for the most vulnerable, especially women, youth and the extreme poor.",1_SPSP 2-2_OC2.1-3_OU2.1.1,"Produto 2.1.1: As estruturas institucionais são reforçadas e mais inclusivas, e os responsáveis ​​têm capacidades fortalecidas para um melhor ambiente de negócios, sistemas nacionais de qualidade, integração regional, uma maior contribuição da diáspora para a economia e a proteção dos direitos dos trabalhadores.",2023-01-01,2023-05-31,1_SPSP 2-2_OC2.1-3_OU2.1.1-4_SOU19,108277,Projeto-A propriedade intelectual como catalizador do empreendedorismo jovem (WIPO),WIPO,World Intellectual Property Organization,Core Funding,Multilateral - UN organizations excluding pooled funds,,,54358,,,,54358,true,,false,,false,,false,,,,
1_SPSP 2-2_OC2.1,"Efeito 2.1: Até 2027, uma economia mais sustentável, inclusiva, diversificada e integrada gerará empregos decentes, segurança alimentar e nutrição para os mais vulneráveis, especialmente as mulheres, os jovens e os mais pobres. / Outcome 2.1: By 2027, a more sustainable, inclusive, diversified and integrated economy generates decent jobs, food security and nutrition for the most vulnerable, especially women, youth and the extreme poor.",1_SPSP 2-2_OC2.1-3_OU2.1.1,"Produto 2.1.1: As estruturas institucionais são reforçadas e mais inclusivas, e os responsáveis ​​têm capacidades fortalecidas para um melhor ambiente de negócios, sistemas nacionais de qualidade, integração regional, uma maior contribuição da diáspora para a economia e a proteção dos direitos dos trabalhadores.",2023-04-01,2023-06-30,1_SPSP 2-2_OC2.1-3_OU2.1.1-4_SOU20,111343,Apoio técnico em matéria de estatísticas e de análise do mercado de trabalho (ILO),ILO,International Labour Organisation,,,,,,,,,,true,,false,,false,,false,16450,,,
1_SPSP 2-2_OC2.1,"Efeito 2.1: Até 2027, uma economia mais sustentável, inclusiva, diversificada e integrada gerará empregos decentes, segurança alimentar e nutrição para os mais vulneráveis, especialmente as mulheres, os jovens e os mais pobres. / Outcome 2.1: By 2027, a more sustainable, inclusive, diversified and integrated economy generates decent jobs, food security and nutrition for the most vulnerable, especially women, youth and the extreme poor.",1_SPSP 2-2_OC2.1-3_OU2.1.1,"Produto 2.1.1: As estruturas institucionais são reforçadas e mais inclusivas, e os responsáveis ​​têm capacidades fortalecidas para um melhor ambiente de negócios, sistemas nacionais de qualidade, integração regional, uma maior contribuição da diáspora para a economia e a proteção dos direitos dos trabalhadores.",2023-04-01,2023-06-30,1_SPSP 2-2_OC2.1-3_OU2.1.1-4_SOU20,111343,Apoio técnico em matéria de estatísticas e de análise do mercado de trabalho (ILO),ILO,International Labour Organisation,The Joint SDG Fund,Multilateral - UN Inter-agency pooled funds,,,16450,,,,16450,true,,false,,false,,false,,,,
1_SPSP 2-2_OC2.1,"Efeito 2.1: Até 2027, uma economia mais sustentável, inclusiva, diversificada e integrada gerará empregos decentes, segurança alimentar e nutrição para os mais vulneráveis, especialmente as mulheres, os jovens e os mais pobres. / Outcome 2.1: By 2027, a more sustainable, inclusive, diversified and integrated economy generates decent jobs, food security and nutrition for the most vulnerable, especially women, youth and the extreme poor.",1_SPSP 2-2_OC2.1-3_OU2.1.1,"Produto 2.1.1: As estruturas institucionais são reforçadas e mais inclusivas, e os responsáveis ​​têm capacidades fortalecidas para um melhor ambiente de negócios, sistemas nacionais de qualidade, integração regional, uma maior contribuição da diáspora para a economia e a proteção dos direitos dos trabalhadores.",2023-02-15,2023-03-31,1_SPSP 2-2_OC2.1-3_OU2.1.1-4_SOU21,111348,Análise das tendências dos indicadores dos Objectivos de Desenvolvimento Sustentável (ODS) ligados ao mercado de trabalho em Cabo Verde (ILO),ILO,International Labour Organisation,,,,,,,,,,true,,false,,false,,false,17000,,,
1_SPSP 2-2_OC2.1,"Efeito 2.1: Até 2027, uma economia mais sustentável, inclusiva, diversificada e integrada gerará empregos decentes, segurança alimentar e nutrição para os mais vulneráveis, especialmente as mulheres, os jovens e os mais pobres. / Outcome 2.1: By 2027, a more sustainable, inclusive, diversified and integrated economy generates decent jobs, food security and nutrition for the most vulnerable, especially women, youth and the extreme poor.",1_SPSP 2-2_OC2.1-3_OU2.1.1,"Produto 2.1.1: As estruturas institucionais são reforçadas e mais inclusivas, e os responsáveis ​​têm capacidades fortalecidas para um melhor ambiente de negócios, sistemas nacionais de qualidade, integração regional, uma maior contribuição da diáspora para a economia e a proteção dos direitos dos trabalhadores.",2023-02-15,2023-03-31,1_SPSP 2-2_OC2.1-3_OU2.1.1-4_SOU21,111348,Análise das tendências dos indicadores dos Objectivos de Desenvolvimento Sustentável (ODS) ligados ao mercado de trabalho em Cabo Verde (ILO),ILO,International Labour Organisation,The Joint SDG Fund,Multilateral - UN Inter-agency pooled funds,,,17000,,,,16582,true,,false,,false,,false,,,,
1_SPSP 2-2_OC2.1,"Efeito 2.1: Até 2027, uma economia mais sustentável, inclusiva, diversificada e integrada gerará empregos decentes, segurança alimentar e nutrição para os mais vulneráveis, especialmente as mulheres, os jovens e os mais pobres. / Outcome 2.1: By 2027, a more sustainable, inclusive, diversified and integrated economy generates decent jobs, food security and nutrition for the most vulnerable, especially women, youth and the extreme poor.",1_SPSP 2-2_OC2.1-3_OU2.1.1,"Produto 2.1.1: As estruturas institucionais são reforçadas e mais inclusivas, e os responsáveis ​​têm capacidades fortalecidas para um melhor ambiente de negócios, sistemas nacionais de qualidade, integração regional, uma maior contribuição da diáspora para a economia e a proteção dos direitos dos trabalhadores.",2023-01-01,2023-02-28,1_SPSP 2-2_OC2.1-3_OU2.1.1-4_SOU22,111349,"Reforço de capacidades dos empregadores e sindicatos para um maior conhecimento e apropriação dos ODS, normas relativas ao trabalho, protecção e segurança social (ILO)",ILO,International Labour Organisation,,,,,,,,,,true,,false,,false,,false,12000,,,
1_SPSP 2-2_OC2.1,"Efeito 2.1: Até 2027, uma economia mais sustentável, inclusiva, diversificada e integrada gerará empregos decentes, segurança alimentar e nutrição para os mais vulneráveis, especialmente as mulheres, os jovens e os mais pobres. / Outcome 2.1: By 2027, a more sustainable, inclusive, diversified and integrated economy generates decent jobs, food security and nutrition for the most vulnerable, especially women, youth and the extreme poor.",1_SPSP 2-2_OC2.1-3_OU2.1.1,"Produto 2.1.1: As estruturas institucionais são reforçadas e mais inclusivas, e os responsáveis ​​têm capacidades fortalecidas para um melhor ambiente de negócios, sistemas nacionais de qualidade, integração regional, uma maior contribuição da diáspora para a economia e a proteção dos direitos dos trabalhadores.",2023-01-01,2023-02-28,1_SPSP 2-2_OC2.1-3_OU2.1.1-4_SOU22,111349,"Reforço de capacidades dos empregadores e sindicatos para um maior conhecimento e apropriação dos ODS, normas relativas ao trabalho, protecção e segurança social (ILO)",ILO,International Labour Organisation,The Joint SDG Fund,Multilateral - UN Inter-agency pooled funds,,,12000,,,,11320,true,,false,,false,,false,,,,
1_SPSP 2-2_OC2.1,"Efeito 2.1: Até 2027, uma economia mais sustentável, inclusiva, diversificada e integrada gerará empregos decentes, segurança alimentar e nutrição para os mais vulneráveis, especialmente as mulheres, os jovens e os mais pobres. / Outcome 2.1: By 2027, a more sustainable, inclusive, diversified and integrated economy generates decent jobs, food security and nutrition for the most vulnerable, especially women, youth and the extreme poor.",1_SPSP 2-2_OC2.1-3_OU2.1.1,"Produto 2.1.1: As estruturas institucionais são reforçadas e mais inclusivas, e os responsáveis ​​têm capacidades fortalecidas para um melhor ambiente de negócios, sistemas nacionais de qualidade, integração regional, uma maior contribuição da diáspora para a economia e a proteção dos direitos dos trabalhadores.",2023-01-01,2023-06-30,1_SPSP 2-2_OC2.1-3_OU2.1.1-4_SOU23,111351,Protecção de dados do Observatório do Mercado de Trabalho (OMT) (ILO),ILO,International Labour Organisation,,,,,,,,,,true,,false,,false,,false,7100,,,
1_SPSP 2-2_OC2.1,"Efeito 2.1: Até 2027, uma economia mais sustentável, inclusiva, diversificada e integrada gerará empregos decentes, segurança alimentar e nutrição para os mais vulneráveis, especialmente as mulheres, os jovens e os mais pobres. / Outcome 2.1: By 2027, a more sustainable, inclusive, diversified and integrated economy generates decent jobs, food security and nutrition for the most vulnerable, especially women, youth and the extreme poor.",1_SPSP 2-2_OC2.1-3_OU2.1.1,"Produto 2.1.1: As estruturas institucionais são reforçadas e mais inclusivas, e os responsáveis ​​têm capacidades fortalecidas para um melhor ambiente de negócios, sistemas nacionais de qualidade, integração regional, uma maior contribuição da diáspora para a economia e a proteção dos direitos dos trabalhadores.",2023-01-01,2023-06-30,1_SPSP 2-2_OC2.1-3_OU2.1.1-4_SOU23,111351,Protecção de dados do Observatório do Mercado de Trabalho (OMT) (ILO),ILO,International Labour Organisation,The Joint SDG Fund,Multilateral - UN Inter-agency pooled funds,,,7100,,,,7048,true,,false,,false,,false,,,,
1_SPSP 2-2_OC2.1,"Efeito 2.1: Até 2027, uma economia mais sustentável, inclusiva, diversificada e integrada gerará empregos decentes, segurança alimentar e nutrição para os mais vulneráveis, especialmente as mulheres, os jovens e os mais pobres. / Outcome 2.1: By 2027, a more sustainable, inclusive, diversified and integrated economy generates decent jobs, food security and nutrition for the most vulnerable, especially women, youth and the extreme poor.",1_SPSP 2-2_OC2.1-3_OU2.1.1,"Produto 2.1.1: As estruturas institucionais são reforçadas e mais inclusivas, e os responsáveis ​​têm capacidades fortalecidas para um melhor ambiente de negócios, sistemas nacionais de qualidade, integração regional, uma maior contribuição da diáspora para a economia e a proteção dos direitos dos trabalhadores.",2023-01-03,2023-12-31,1_SPSP 2-2_OC2.1-3_OU2.1.1-4_SOU24,111495,"Capacitação das mulheres agricultoras  em controlo de drones e no sistema de agricultura inteligente desenvolvido, bem como a criação de uma base de dados para modelos de Inteligência Artificial que nos permitam escalar o estudo para outras áreas agrícolas (UNDP)(Accelerator Lab)",UNDP,United Nations Development Programme,,,,,,,,,,true,,false,,false,,false,9000,,,
1_SPSP 2-2_OC2.1,"Efeito 2.1: Até 2027, uma economia mais sustentável, inclusiva, diversificada e integrada gerará empregos decentes, segurança alimentar e nutrição para os mais vulneráveis, especialmente as mulheres, os jovens e os mais pobres. / Outcome 2.1: By 2027, a more sustainable, inclusive, diversified and integrated economy generates decent jobs, food security and nutrition for the most vulnerable, especially women, youth and the extreme poor.",1_SPSP 2-2_OC2.1-3_OU2.1.1,"Produto 2.1.1: As estruturas institucionais são reforçadas e mais inclusivas, e os responsáveis ​​têm capacidades fortalecidas para um melhor ambiente de negócios, sistemas nacionais de qualidade, integração regional, uma maior contribuição da diáspora para a economia e a proteção dos direitos dos trabalhadores.",2023-01-03,2023-12-31,1_SPSP 2-2_OC2.1-3_OU2.1.1-4_SOU24,111495,"Capacitação das mulheres agricultoras  em controlo de drones e no sistema de agricultura inteligente desenvolvido, bem como a criação de uma base de dados para modelos de Inteligência Artificial que nos permitam escalar o estudo para outras áreas agrícolas (UNDP)(Accelerator Lab)",UNDP,United Nations Development Programme,Core Funding,Multilateral - UN organizations excluding pooled funds,,,9000,,,,9000,true,,false,,false,,false,,,,
1_SPSP 2-2_OC2.1,"Efeito 2.1: Até 2027, uma economia mais sustentável, inclusiva, diversificada e integrada gerará empregos decentes, segurança alimentar e nutrição para os mais vulneráveis, especialmente as mulheres, os jovens e os mais pobres. / Outcome 2.1: By 2027, a more sustainable, inclusive, diversified and integrated economy generates decent jobs, food security and nutrition for the most vulnerable, especially women, youth and the extreme poor.",1_SPSP 2-2_OC2.1-3_OU2.1.1,"Produto 2.1.1: As estruturas institucionais são reforçadas e mais inclusivas, e os responsáveis ​​têm capacidades fortalecidas para um melhor ambiente de negócios, sistemas nacionais de qualidade, integração regional, uma maior contribuição da diáspora para a economia e a proteção dos direitos dos trabalhadores.",2023-02-01,2023-12-31,1_SPSP 2-2_OC2.1-3_OU2.1.1-4_SOU25,148119,"Curso à distância ""Comércio eletrónico transfronteiriço em África"" para países de língua portuguesa (UNECA)",UN ECA,United Nations Economic Commission for Africa,,,,,,,,,,false,,false,,false,,false,22000,,,
1_SPSP 2-2_OC2.1,"Efeito 2.1: Até 2027, uma economia mais sustentável, inclusiva, diversificada e integrada gerará empregos decentes, segurança alimentar e nutrição para os mais vulneráveis, especialmente as mulheres, os jovens e os mais pobres. / Outcome 2.1: By 2027, a more sustainable, inclusive, diversified and integrated economy generates decent jobs, food security and nutrition for the most vulnerable, especially women, youth and the extreme poor.",1_SPSP 2-2_OC2.1-3_OU2.1.1,"Produto 2.1.1: As estruturas institucionais são reforçadas e mais inclusivas, e os responsáveis ​​têm capacidades fortalecidas para um melhor ambiente de negócios, sistemas nacionais de qualidade, integração regional, uma maior contribuição da diáspora para a economia e a proteção dos direitos dos trabalhadores.",2023-02-01,2023-12-31,1_SPSP 2-2_OC2.1-3_OU2.1.1-4_SOU25,148119,"Curso à distância ""Comércio eletrónico transfronteiriço em África"" para países de língua portuguesa (UNECA)",UN ECA,United Nations Economic Commission for Africa,Core Funding,Multilateral - UN organizations excluding pooled funds,,,22000,,,,22000,false,,false,,false,,false,,,,
1_SPSP 2-2_OC2.1,"Efeito 2.1: Até 2027, uma economia mais sustentável, inclusiva, diversificada e integrada gerará empregos decentes, segurança alimentar e nutrição para os mais vulneráveis, especialmente as mulheres, os jovens e os mais pobres. / Outcome 2.1: By 2027, a more sustainable, inclusive, diversified and integrated economy generates decent jobs, food security and nutrition for the most vulnerable, especially women, youth and the extreme poor.",1_SPSP 2-2_OC2.1-3_OU2.1.1,"Produto 2.1.1: As estruturas institucionais são reforçadas e mais inclusivas, e os responsáveis ​​têm capacidades fortalecidas para um melhor ambiente de negócios, sistemas nacionais de qualidade, integração regional, uma maior contribuição da diáspora para a economia e a proteção dos direitos dos trabalhadores.",2024-01-01,2024-12-31,1_SPSP 2-2_OC2.1-3_OU2.1.1-4_SOU26,148297,Projecto para Promover o Uso do Sistema da Propriedade Intelectual pelos Empreendedores e Pequenas e Médias Empresas de Cabo Verde (WIPO) / Project to Promote the Use of the Intellectual Property System by Entrepreneurs and Small and Medium-sized Companies in Capo Verde (WIPO),WIPO,World Intellectual Property Organization,,,,,,,,,,false,,false,,false,,false,,,,
1_SPSP 2-2_OC2.1,"Efeito 2.1: Até 2027, uma economia mais sustentável, inclusiva, diversificada e integrada gerará empregos decentes, segurança alimentar e nutrição para os mais vulneráveis, especialmente as mulheres, os jovens e os mais pobres. / Outcome 2.1: By 2027, a more sustainable, inclusive, diversified and integrated economy generates decent jobs, food security and nutrition for the most vulnerable, especially women, youth and the extreme poor.",1_SPSP 2-2_OC2.1-3_OU2.1.1,"Produto 2.1.1: As estruturas institucionais são reforçadas e mais inclusivas, e os responsáveis ​​têm capacidades fortalecidas para um melhor ambiente de negócios, sistemas nacionais de qualidade, integração regional, uma maior contribuição da diáspora para a economia e a proteção dos direitos dos trabalhadores.",2024-01-01,2024-12-31,1_SPSP 2-2_OC2.1-3_OU2.1.1-4_SOU26,148297,Projecto para Promover o Uso do Sistema da Propriedade Intelectual pelos Empreendedores e Pequenas e Médias Empresas de Cabo Verde (WIPO) / Project to Promote the Use of the Intellectual Property System by Entrepreneurs and Small and Medium-sized Companies in Capo Verde (WIPO),WIPO,World Intellectual Property Organization,Core Funding,Multilateral - UN organizations excluding pooled funds,,,,,,,,false,,false,,false,,false,,,,
1_SPSP 2-2_OC2.1,"Efeito 2.1: Até 2027, uma economia mais sustentável, inclusiva, diversificada e integrada gerará empregos decentes, segurança alimentar e nutrição para os mais vulneráveis, especialmente as mulheres, os jovens e os mais pobres. / Outcome 2.1: By 2027, a more sustainable, inclusive, diversified and integrated economy generates decent jobs, food security and nutrition for the most vulnerable, especially women, youth and the extreme poor.",1_SPSP 2-2_OC2.1-3_OU2.1.1,"Produto 2.1.1: As estruturas institucionais são reforçadas e mais inclusivas, e os responsáveis ​​têm capacidades fortalecidas para um melhor ambiente de negócios, sistemas nacionais de qualidade, integração regional, uma maior contribuição da diáspora para a economia e a proteção dos direitos dos trabalhadores.",2024-01-01,2024-12-31,1_SPSP 2-2_OC2.1-3_OU2.1.1-4_SOU27,148302,Webinar sobre a Economia Azul (WIPO) / Blue Economy Webinar (WIPO),WIPO,World Intellectual Property Organization,,,,,,,,,,false,,false,,false,,false,,6880,,
1_SPSP 2-2_OC2.1,"Efeito 2.1: Até 2027, uma economia mais sustentável, inclusiva, diversificada e integrada gerará empregos decentes, segurança alimentar e nutrição para os mais vulneráveis, especialmente as mulheres, os jovens e os mais pobres. / Outcome 2.1: By 2027, a more sustainable, inclusive, diversified and integrated economy generates decent jobs, food security and nutrition for the most vulnerable, especially women, youth and the extreme poor.",1_SPSP 2-2_OC2.1-3_OU2.1.1,"Produto 2.1.1: As estruturas institucionais são reforçadas e mais inclusivas, e os responsáveis ​​têm capacidades fortalecidas para um melhor ambiente de negócios, sistemas nacionais de qualidade, integração regional, uma maior contribuição da diáspora para a economia e a proteção dos direitos dos trabalhadores.",2024-01-01,2024-12-31,1_SPSP 2-2_OC2.1-3_OU2.1.1-4_SOU27,148302,Webinar sobre a Economia Azul (WIPO) / Blue Economy Webinar (WIPO),WIPO,World Intellectual Property Organization,Core Funding,Multilateral - UN organizations excluding pooled funds,,,,6880,,,,false,6880,false,,false,,false,,,,
1_SPSP 2-2_OC2.1,"Efeito 2.1: Até 2027, uma economia mais sustentável, inclusiva, diversificada e integrada gerará empregos decentes, segurança alimentar e nutrição para os mais vulneráveis, especialmente as mulheres, os jovens e os mais pobres. / Outcome 2.1: By 2027, a more sustainable, inclusive, diversified and integrated economy generates decent jobs, food security and nutrition for the most vulnerable, especially women, youth and the extreme poor.",1_SPSP 2-2_OC2.1-3_OU2.1.1,"Produto 2.1.1: As estruturas institucionais são reforçadas e mais inclusivas, e os responsáveis ​​têm capacidades fortalecidas para um melhor ambiente de negócios, sistemas nacionais de qualidade, integração regional, uma maior contribuição da diáspora para a economia e a proteção dos direitos dos trabalhadores.",2024-02-05,2024-12-31,1_SPSP 2-2_OC2.1-3_OU2.1.1-4_SOU33,149525,As Câmaras de Comércio de Sotavento e de Barlavento e a Câmara de Turismo melhoram a sua capacidade de análise do ambiente empresarial e de avocacia (ILO),ILO,International Labour Organisation,,,,,,,,,,false,,false,,false,,false,,18201,,
1_SPSP 2-2_OC2.1,"Efeito 2.1: Até 2027, uma economia mais sustentável, inclusiva, diversificada e integrada gerará empregos decentes, segurança alimentar e nutrição para os mais vulneráveis, especialmente as mulheres, os jovens e os mais pobres. / Outcome 2.1: By 2027, a more sustainable, inclusive, diversified and integrated economy generates decent jobs, food security and nutrition for the most vulnerable, especially women, youth and the extreme poor.",1_SPSP 2-2_OC2.1-3_OU2.1.1,"Produto 2.1.1: As estruturas institucionais são reforçadas e mais inclusivas, e os responsáveis ​​têm capacidades fortalecidas para um melhor ambiente de negócios, sistemas nacionais de qualidade, integração regional, uma maior contribuição da diáspora para a economia e a proteção dos direitos dos trabalhadores.",2024-02-05,2024-12-31,1_SPSP 2-2_OC2.1-3_OU2.1.1-4_SOU33,149525,As Câmaras de Comércio de Sotavento e de Barlavento e a Câmara de Turismo melhoram a sua capacidade de análise do ambiente empresarial e de avocacia (ILO),ILO,International Labour Organisation,Luxembourg,Government,,,,18201,,,,false,18201,false,,false,,false,,,,
1_SPSP 2-2_OC2.1,"Efeito 2.1: Até 2027, uma economia mais sustentável, inclusiva, diversificada e integrada gerará empregos decentes, segurança alimentar e nutrição para os mais vulneráveis, especialmente as mulheres, os jovens e os mais pobres. / Outcome 2.1: By 2027, a more sustainable, inclusive, diversified and integrated economy generates decent jobs, food security and nutrition for the most vulnerable, especially women, youth and the extreme poor.",1_SPSP 2-2_OC2.1-3_OU2.1.1,"Produto 2.1.1: As estruturas institucionais são reforçadas e mais inclusivas, e os responsáveis ​​têm capacidades fortalecidas para um melhor ambiente de negócios, sistemas nacionais de qualidade, integração regional, uma maior contribuição da diáspora para a economia e a proteção dos direitos dos trabalhadores.",2024-05-31,2024-12-31,1_SPSP 2-2_OC2.1-3_OU2.1.1-4_SOU34,149598,É realizada uma análise do ambiente de negócios e é disponibilizado um plano de ação para a reforma (ILO),ILO,International Labour Organisation,,,,,,,,,,false,,false,,false,,false,,48180,,
1_SPSP 2-2_OC2.1,"Efeito 2.1: Até 2027, uma economia mais sustentável, inclusiva, diversificada e integrada gerará empregos decentes, segurança alimentar e nutrição para os mais vulneráveis, especialmente as mulheres, os jovens e os mais pobres. / Outcome 2.1: By 2027, a more sustainable, inclusive, diversified and integrated economy generates decent jobs, food security and nutrition for the most vulnerable, especially women, youth and the extreme poor.",1_SPSP 2-2_OC2.1-3_OU2.1.1,"Produto 2.1.1: As estruturas institucionais são reforçadas e mais inclusivas, e os responsáveis ​​têm capacidades fortalecidas para um melhor ambiente de negócios, sistemas nacionais de qualidade, integração regional, uma maior contribuição da diáspora para a economia e a proteção dos direitos dos trabalhadores.",2024-05-31,2024-12-31,1_SPSP 2-2_OC2.1-3_OU2.1.1-4_SOU34,149598,É realizada uma análise do ambiente de negócios e é disponibilizado um plano de ação para a reforma (ILO),ILO,International Labour Organisation,Luxembourg,Government,,,,40000,,,,false,35886,false,,false,,false,,,,
1_SPSP 2-2_OC2.1,"Efeito 2.1: Até 2027, uma economia mais sustentável, inclusiva, diversificada e integrada gerará empregos decentes, segurança alimentar e nutrição para os mais vulneráveis, especialmente as mulheres, os jovens e os mais pobres. / Outcome 2.1: By 2027, a more sustainable, inclusive, diversified and integrated economy generates decent jobs, food security and nutrition for the most vulnerable, especially women, youth and the extreme poor.",1_SPSP 2-2_OC2.1-3_OU2.1.1,"Produto 2.1.1: As estruturas institucionais são reforçadas e mais inclusivas, e os responsáveis ​​têm capacidades fortalecidas para um melhor ambiente de negócios, sistemas nacionais de qualidade, integração regional, uma maior contribuição da diáspora para a economia e a proteção dos direitos dos trabalhadores.",2024-05-01,2024-12-31,1_SPSP 2-2_OC2.1-3_OU2.1.1-4_SOU35,149608,A Inspeção Geral do Trabalho e da Direção Geral do Trabalho com capacidade de atuar no âmbito do trabalho digno e formalização das empresas e seus trabalhadores (ILO),ILO,International Labour Organisation,,,,,,,,,,false,,false,,false,,false,,55675,,
1_SPSP 2-2_OC2.1,"Efeito 2.1: Até 2027, uma economia mais sustentável, inclusiva, diversificada e integrada gerará empregos decentes, segurança alimentar e nutrição para os mais vulneráveis, especialmente as mulheres, os jovens e os mais pobres. / Outcome 2.1: By 2027, a more sustainable, inclusive, diversified and integrated economy generates decent jobs, food security and nutrition for the most vulnerable, especially women, youth and the extreme poor.",1_SPSP 2-2_OC2.1-3_OU2.1.1,"Produto 2.1.1: As estruturas institucionais são reforçadas e mais inclusivas, e os responsáveis ​​têm capacidades fortalecidas para um melhor ambiente de negócios, sistemas nacionais de qualidade, integração regional, uma maior contribuição da diáspora para a economia e a proteção dos direitos dos trabalhadores.",2024-05-01,2024-12-31,1_SPSP 2-2_OC2.1-3_OU2.1.1-4_SOU35,149608,A Inspeção Geral do Trabalho e da Direção Geral do Trabalho com capacidade de atuar no âmbito do trabalho digno e formalização das empresas e seus trabalhadores (ILO),ILO,International Labour Organisation,Luxembourg,Government,,,,50000,,,,false,30068,false,,false,,false,,,,
1_SPSP 2-2_OC2.1,"Efeito 2.1: Até 2027, uma economia mais sustentável, inclusiva, diversificada e integrada gerará empregos decentes, segurança alimentar e nutrição para os mais vulneráveis, especialmente as mulheres, os jovens e os mais pobres. / Outcome 2.1: By 2027, a more sustainable, inclusive, diversified and integrated economy generates decent jobs, food security and nutrition for the most vulnerable, especially women, youth and the extreme poor.",1_SPSP 2-2_OC2.1-3_OU2.1.1,"Produto 2.1.1: As estruturas institucionais são reforçadas e mais inclusivas, e os responsáveis ​​têm capacidades fortalecidas para um melhor ambiente de negócios, sistemas nacionais de qualidade, integração regional, uma maior contribuição da diáspora para a economia e a proteção dos direitos dos trabalhadores.",2024-02-01,2024-12-31,1_SPSP 2-2_OC2.1-3_OU2.1.1-4_SOU36,149614,Agenda para o Trabalho Digno é promovida por meio do reforço da capacidade de IGT para implementar ações (ILO),ILO,International Labour Organisation,,,,,,,,,,false,,false,,false,,false,,60033,,
1_SPSP 2-2_OC2.1,"Efeito 2.1: Até 2027, uma economia mais sustentável, inclusiva, diversificada e integrada gerará empregos decentes, segurança alimentar e nutrição para os mais vulneráveis, especialmente as mulheres, os jovens e os mais pobres. / Outcome 2.1: By 2027, a more sustainable, inclusive, diversified and integrated economy generates decent jobs, food security and nutrition for the most vulnerable, especially women, youth and the extreme poor.",1_SPSP 2-2_OC2.1-3_OU2.1.1,"Produto 2.1.1: As estruturas institucionais são reforçadas e mais inclusivas, e os responsáveis ​​têm capacidades fortalecidas para um melhor ambiente de negócios, sistemas nacionais de qualidade, integração regional, uma maior contribuição da diáspora para a economia e a proteção dos direitos dos trabalhadores.",2024-02-01,2024-12-31,1_SPSP 2-2_OC2.1-3_OU2.1.1-4_SOU36,149614,Agenda para o Trabalho Digno é promovida por meio do reforço da capacidade de IGT para implementar ações (ILO),ILO,International Labour Organisation,Luxembourg,Government,,,,60033,,,,false,14790,false,,false,,false,,,,
1_SPSP 2-2_OC2.1,"Efeito 2.1: Até 2027, uma economia mais sustentável, inclusiva, diversificada e integrada gerará empregos decentes, segurança alimentar e nutrição para os mais vulneráveis, especialmente as mulheres, os jovens e os mais pobres. / Outcome 2.1: By 2027, a more sustainable, inclusive, diversified and integrated economy generates decent jobs, food security and nutrition for the most vulnerable, especially women, youth and the extreme poor.",1_SPSP 2-2_OC2.1-3_OU2.1.1,"Produto 2.1.1: As estruturas institucionais são reforçadas e mais inclusivas, e os responsáveis ​​têm capacidades fortalecidas para um melhor ambiente de negócios, sistemas nacionais de qualidade, integração regional, uma maior contribuição da diáspora para a economia e a proteção dos direitos dos trabalhadores.",2023-07-01,2024-12-31,1_SPSP 2-2_OC2.1-3_OU2.1.1-4_SOU37,153123,Serviço integrado de formalização das empresas e seus trabalhadores é disponibilizado às micro e pequenas empresas (ILO),ILO,International Labour Organisation,,,,,,,,,,false,,false,,false,,false,,368676,,
1_SPSP 2-2_OC2.1,"Efeito 2.1: Até 2027, uma economia mais sustentável, inclusiva, diversificada e integrada gerará empregos decentes, segurança alimentar e nutrição para os mais vulneráveis, especialmente as mulheres, os jovens e os mais pobres. / Outcome 2.1: By 2027, a more sustainable, inclusive, diversified and integrated economy generates decent jobs, food security and nutrition for the most vulnerable, especially women, youth and the extreme poor.",1_SPSP 2-2_OC2.1-3_OU2.1.1,"Produto 2.1.1: As estruturas institucionais são reforçadas e mais inclusivas, e os responsáveis ​​têm capacidades fortalecidas para um melhor ambiente de negócios, sistemas nacionais de qualidade, integração regional, uma maior contribuição da diáspora para a economia e a proteção dos direitos dos trabalhadores.",2023-07-01,2024-12-31,1_SPSP 2-2_OC2.1-3_OU2.1.1-4_SOU37,153123,Serviço integrado de formalização das empresas e seus trabalhadores é disponibilizado às micro e pequenas empresas (ILO),ILO,International Labour Organisation,Luxembourg,Government,,,,268676,,,,false,108626,false,,false,,false,,,,
1_SPSP 2-2_OC2.1,"Efeito 2.1: Até 2027, uma economia mais sustentável, inclusiva, diversificada e integrada gerará empregos decentes, segurança alimentar e nutrição para os mais vulneráveis, especialmente as mulheres, os jovens e os mais pobres. / Outcome 2.1: By 2027, a more sustainable, inclusive, diversified and integrated economy generates decent jobs, food security and nutrition for the most vulnerable, especially women, youth and the extreme poor.",1_SPSP 2-2_OC2.1-3_OU2.1.1,"Produto 2.1.1: As estruturas institucionais são reforçadas e mais inclusivas, e os responsáveis ​​têm capacidades fortalecidas para um melhor ambiente de negócios, sistemas nacionais de qualidade, integração regional, uma maior contribuição da diáspora para a economia e a proteção dos direitos dos trabalhadores.",2024-01-01,2024-12-31,1_SPSP 2-2_OC2.1-3_OU2.1.1-4_SOU100,149524,Instalação de estruturas de atendimento especializado em atração de investimentos da Diáspora (IOM),IOM,International Organization for Migration,,,,,,,,,,false,,false,,false,,false,,121669,,
1_SPSP 2-2_OC2.1,"Efeito 2.1: Até 2027, uma economia mais sustentável, inclusiva, diversificada e integrada gerará empregos decentes, segurança alimentar e nutrição para os mais vulneráveis, especialmente as mulheres, os jovens e os mais pobres. / Outcome 2.1: By 2027, a more sustainable, inclusive, diversified and integrated economy generates decent jobs, food security and nutrition for the most vulnerable, especially women, youth and the extreme poor.",1_SPSP 2-2_OC2.1-3_OU2.1.1,"Produto 2.1.1: As estruturas institucionais são reforçadas e mais inclusivas, e os responsáveis ​​têm capacidades fortalecidas para um melhor ambiente de negócios, sistemas nacionais de qualidade, integração regional, uma maior contribuição da diáspora para a economia e a proteção dos direitos dos trabalhadores.",2024-01-01,2024-12-31,1_SPSP 2-2_OC2.1-3_OU2.1.1-4_SOU100,149524,Instalação de estruturas de atendimento especializado em atração de investimentos da Diáspora (IOM),IOM,International Organization for Migration,The Joint SDG Fund,Multilateral - UN Inter-agency pooled funds,,,,121669,,,,false,121669,false,,false,,false,,,,
1_SPSP 2-2_OC2.1,"Efeito 2.1: Até 2027, uma economia mais sustentável, inclusiva, diversificada e integrada gerará empregos decentes, segurança alimentar e nutrição para os mais vulneráveis, especialmente as mulheres, os jovens e os mais pobres. / Outcome 2.1: By 2027, a more sustainable, inclusive, diversified and integrated economy generates decent jobs, food security and nutrition for the most vulnerable, especially women, youth and the extreme poor.",1_SPSP 2-2_OC2.1-3_OU2.1.1,"Produto 2.1.1: As estruturas institucionais são reforçadas e mais inclusivas, e os responsáveis ​​têm capacidades fortalecidas para um melhor ambiente de negócios, sistemas nacionais de qualidade, integração regional, uma maior contribuição da diáspora para a economia e a proteção dos direitos dos trabalhadores.",2024-01-01,2024-12-31,1_SPSP 2-2_OC2.1-3_OU2.1.1-4_SOU101,149627,Produção de um documentário sobre a história da emigração em Cabo Verde desde o século XIX (IOM),IOM,International Organization for Migration,,,,,,,,,,false,,false,,false,,false,,35611,,
1_SPSP 2-2_OC2.1,"Efeito 2.1: Até 2027, uma economia mais sustentável, inclusiva, diversificada e integrada gerará empregos decentes, segurança alimentar e nutrição para os mais vulneráveis, especialmente as mulheres, os jovens e os mais pobres. / Outcome 2.1: By 2027, a more sustainable, inclusive, diversified and integrated economy generates decent jobs, food security and nutrition for the most vulnerable, especially women, youth and the extreme poor.",1_SPSP 2-2_OC2.1-3_OU2.1.1,"Produto 2.1.1: As estruturas institucionais são reforçadas e mais inclusivas, e os responsáveis ​​têm capacidades fortalecidas para um melhor ambiente de negócios, sistemas nacionais de qualidade, integração regional, uma maior contribuição da diáspora para a economia e a proteção dos direitos dos trabalhadores.",2024-01-01,2024-12-31,1_SPSP 2-2_OC2.1-3_OU2.1.1-4_SOU101,149627,Produção de um documentário sobre a história da emigração em Cabo Verde desde o século XIX (IOM),IOM,International Organization for Migration,IOM Development Fund,Multilateral - UN organizations excluding pooled funds,International Organization for Migration,Multilateral - UN organizations excluding pooled funds,,35611,,,,false,35611,false,,false,,false,,,,
1_SPSP 2-2_OC2.1,"Efeito 2.1: Até 2027, uma economia mais sustentável, inclusiva, diversificada e integrada gerará empregos decentes, segurança alimentar e nutrição para os mais vulneráveis, especialmente as mulheres, os jovens e os mais pobres. / Outcome 2.1: By 2027, a more sustainable, inclusive, diversified and integrated economy generates decent jobs, food security and nutrition for the most vulnerable, especially women, youth and the extreme poor.",1_SPSP 2-2_OC2.1-3_OU2.1.1,"Produto 2.1.1: As estruturas institucionais são reforçadas e mais inclusivas, e os responsáveis ​​têm capacidades fortalecidas para um melhor ambiente de negócios, sistemas nacionais de qualidade, integração regional, uma maior contribuição da diáspora para a economia e a proteção dos direitos dos trabalhadores.",2024-01-01,2024-12-31,1_SPSP 2-2_OC2.1-3_OU2.1.1-4_SOU102,149636,Os prestadores de serviços do município da Praia estão melhor capacitados para trabalhar com os migrantes em situação de vulnerabilidade (IOM),IOM,International Organization for Migration,,,,,,,,,,false,,false,,false,,false,,17236,,
1_SPSP 2-2_OC2.1,"Efeito 2.1: Até 2027, uma economia mais sustentável, inclusiva, diversificada e integrada gerará empregos decentes, segurança alimentar e nutrição para os mais vulneráveis, especialmente as mulheres, os jovens e os mais pobres. / Outcome 2.1: By 2027, a more sustainable, inclusive, diversified and integrated economy generates decent jobs, food security and nutrition for the most vulnerable, especially women, youth and the extreme poor.",1_SPSP 2-2_OC2.1-3_OU2.1.1,"Produto 2.1.1: As estruturas institucionais são reforçadas e mais inclusivas, e os responsáveis ​​têm capacidades fortalecidas para um melhor ambiente de negócios, sistemas nacionais de qualidade, integração regional, uma maior contribuição da diáspora para a economia e a proteção dos direitos dos trabalhadores.",2024-01-01,2024-12-31,1_SPSP 2-2_OC2.1-3_OU2.1.1-4_SOU102,149636,Os prestadores de serviços do município da Praia estão melhor capacitados para trabalhar com os migrantes em situação de vulnerabilidade (IOM),IOM,International Organization for Migration,IOM Development Fund,Multilateral - UN organizations excluding pooled funds,International Organization for Migration,Multilateral - UN organizations excluding pooled funds,,17236,,,,false,17236,false,,false,,false,,,,
1_SPSP 2-2_OC2.1,"Efeito 2.1: Até 2027, uma economia mais sustentável, inclusiva, diversificada e integrada gerará empregos decentes, segurança alimentar e nutrição para os mais vulneráveis, especialmente as mulheres, os jovens e os mais pobres. / Outcome 2.1: By 2027, a more sustainable, inclusive, diversified and integrated economy generates decent jobs, food security and nutrition for the most vulnerable, especially women, youth and the extreme poor.",1_SPSP 2-2_OC2.1-3_OU2.1.1,"Produto 2.1.1: As estruturas institucionais são reforçadas e mais inclusivas, e os responsáveis ​​têm capacidades fortalecidas para um melhor ambiente de negócios, sistemas nacionais de qualidade, integração regional, uma maior contribuição da diáspora para a economia e a proteção dos direitos dos trabalhadores.",2024-01-01,2024-12-31,1_SPSP 2-2_OC2.1-3_OU2.1.1-4_SOU103,149637,"Desenvolvimento de uma campanha de comunicação e sensibilização para informar sobre o novo Programa de Investimento da Diáspora, os serviços e apoios disponíveis, benefícios fiscais e oportunidades de investimento em Cabo Verde (IOM)",IOM,International Organization for Migration,,,,,,,,,,false,,false,,false,,false,,22343,,
1_SPSP 2-2_OC2.1,"Efeito 2.1: Até 2027, uma economia mais sustentável, inclusiva, diversificada e integrada gerará empregos decentes, segurança alimentar e nutrição para os mais vulneráveis, especialmente as mulheres, os jovens e os mais pobres. / Outcome 2.1: By 2027, a more sustainable, inclusive, diversified and integrated economy generates decent jobs, food security and nutrition for the most vulnerable, especially women, youth and the extreme poor.",1_SPSP 2-2_OC2.1-3_OU2.1.1,"Produto 2.1.1: As estruturas institucionais são reforçadas e mais inclusivas, e os responsáveis ​​têm capacidades fortalecidas para um melhor ambiente de negócios, sistemas nacionais de qualidade, integração regional, uma maior contribuição da diáspora para a economia e a proteção dos direitos dos trabalhadores.",2024-01-01,2024-12-31,1_SPSP 2-2_OC2.1-3_OU2.1.1-4_SOU103,149637,"Desenvolvimento de uma campanha de comunicação e sensibilização para informar sobre o novo Programa de Investimento da Diáspora, os serviços e apoios disponíveis, benefícios fiscais e oportunidades de investimento em Cabo Verde (IOM)",IOM,International Organization for Migration,IOM Development Fund,Multilateral - UN organizations excluding pooled funds,International Organization for Migration,Multilateral - UN organizations excluding pooled funds,,22343,,,,false,22343,false,,false,,false,,,,
1_SPSP 2-2_OC2.1,"Efeito 2.1: Até 2027, uma economia mais sustentável, inclusiva, diversificada e integrada gerará empregos decentes, segurança alimentar e nutrição para os mais vulneráveis, especialmente as mulheres, os jovens e os mais pobres. / Outcome 2.1: By 2027, a more sustainable, inclusive, diversified and integrated economy generates decent jobs, food security and nutrition for the most vulnerable, especially women, youth and the extreme poor.",1_SPSP 2-2_OC2.1-3_OU2.1.1,"Produto 2.1.1: As estruturas institucionais são reforçadas e mais inclusivas, e os responsáveis ​​têm capacidades fortalecidas para um melhor ambiente de negócios, sistemas nacionais de qualidade, integração regional, uma maior contribuição da diáspora para a economia e a proteção dos direitos dos trabalhadores.",2024-03-01,2024-12-31,1_SPSP 2-2_OC2.1-3_OU2.1.1-4_SOU104,150585,Elaboração da Estrategia Nacional para a Zona de Comércio Livre Continental Africana (UNECA),UN ECA,United Nations Economic Commission for Africa,,,,,,,,,,false,,false,,false,,false,,72000,,
1_SPSP 2-2_OC2.1,"Efeito 2.1: Até 2027, uma economia mais sustentável, inclusiva, diversificada e integrada gerará empregos decentes, segurança alimentar e nutrição para os mais vulneráveis, especialmente as mulheres, os jovens e os mais pobres. / Outcome 2.1: By 2027, a more sustainable, inclusive, diversified and integrated economy generates decent jobs, food security and nutrition for the most vulnerable, especially women, youth and the extreme poor.",1_SPSP 2-2_OC2.1-3_OU2.1.1,"Produto 2.1.1: As estruturas institucionais são reforçadas e mais inclusivas, e os responsáveis ​​têm capacidades fortalecidas para um melhor ambiente de negócios, sistemas nacionais de qualidade, integração regional, uma maior contribuição da diáspora para a economia e a proteção dos direitos dos trabalhadores.",2024-03-01,2024-12-31,1_SPSP 2-2_OC2.1-3_OU2.1.1-4_SOU104,150585,Elaboração da Estrategia Nacional para a Zona de Comércio Livre Continental Africana (UNECA),UN ECA,United Nations Economic Commission for Africa,Core Funding,Multilateral - UN organizations excluding pooled funds,,,,72000,,,,false,72000,false,,false,,false,,,,
1_SPSP 2-2_OC2.1,"Efeito 2.1: Até 2027, uma economia mais sustentável, inclusiva, diversificada e integrada gerará empregos decentes, segurança alimentar e nutrição para os mais vulneráveis, especialmente as mulheres, os jovens e os mais pobres. / Outcome 2.1: By 2027, a more sustainable, inclusive, diversified and integrated economy generates decent jobs, food security and nutrition for the most vulnerable, especially women, youth and the extreme poor.",1_SPSP 2-2_OC2.1-3_OU2.1.1,"Produto 2.1.1: As estruturas institucionais são reforçadas e mais inclusivas, e os responsáveis ​​têm capacidades fortalecidas para um melhor ambiente de negócios, sistemas nacionais de qualidade, integração regional, uma maior contribuição da diáspora para a economia e a proteção dos direitos dos trabalhadores.",2024-06-04,2024-09-10,1_SPSP 2-2_OC2.1-3_OU2.1.1-4_SOU106,155927,Sistema de Sinalização Turística  (UNDP)(Accelerator Lab),UNDP,United Nations Development Programme,,,,,,,,,,false,,false,,false,,false,,20000,,
1_SPSP 2-2_OC2.1,"Efeito 2.1: Até 2027, uma economia mais sustentável, inclusiva, diversificada e integrada gerará empregos decentes, segurança alimentar e nutrição para os mais vulneráveis, especialmente as mulheres, os jovens e os mais pobres. / Outcome 2.1: By 2027, a more sustainable, inclusive, diversified and integrated economy generates decent jobs, food security and nutrition for the most vulnerable, especially women, youth and the extreme poor.",1_SPSP 2-2_OC2.1-3_OU2.1.1,"Produto 2.1.1: As estruturas institucionais são reforçadas e mais inclusivas, e os responsáveis ​​têm capacidades fortalecidas para um melhor ambiente de negócios, sistemas nacionais de qualidade, integração regional, uma maior contribuição da diáspora para a economia e a proteção dos direitos dos trabalhadores.",2024-06-04,2024-09-10,1_SPSP 2-2_OC2.1-3_OU2.1.1-4_SOU106,155927,Sistema de Sinalização Turística  (UNDP)(Accelerator Lab),UNDP,United Nations Development Programme,Core Funding,Multilateral - UN organizations excluding pooled funds,,,,20000,,,,false,20000,false,,false,,false,,,,
1_SPSP 2-2_OC2.1,"Efeito 2.1: Até 2027, uma economia mais sustentável, inclusiva, diversificada e integrada gerará empregos decentes, segurança alimentar e nutrição para os mais vulneráveis, especialmente as mulheres, os jovens e os mais pobres. / Outcome 2.1: By 2027, a more sustainable, inclusive, diversified and integrated economy generates decent jobs, food security and nutrition for the most vulnerable, especially women, youth and the extreme poor.",1_SPSP 2-2_OC2.1-3_OU2.1.1,"Produto 2.1.1: As estruturas institucionais são reforçadas e mais inclusivas, e os responsáveis ​​têm capacidades fortalecidas para um melhor ambiente de negócios, sistemas nacionais de qualidade, integração regional, uma maior contribuição da diáspora para a economia e a proteção dos direitos dos trabalhadores.",2025-01-01,2026-12-31,"1_SPSP 2-2_OC2.1-3_OU2.1.1-4_SOU108 ",179203,Um documentário produzido sobre a história da emigração em Cabo Verde desde o século XIX  (2025) (IOM),IOM,International Organization for Migration,,,,,,,,,,false,,false,,false,,false,,,40608,43149
1_SPSP 2-2_OC2.1,"Efeito 2.1: Até 2027, uma economia mais sustentável, inclusiva, diversificada e integrada gerará empregos decentes, segurança alimentar e nutrição para os mais vulneráveis, especialmente as mulheres, os jovens e os mais pobres. / Outcome 2.1: By 2027, a more sustainable, inclusive, diversified and integrated economy generates decent jobs, food security and nutrition for the most vulnerable, especially women, youth and the extreme poor.",1_SPSP 2-2_OC2.1-3_OU2.1.1,"Produto 2.1.1: As estruturas institucionais são reforçadas e mais inclusivas, e os responsáveis ​​têm capacidades fortalecidas para um melhor ambiente de negócios, sistemas nacionais de qualidade, integração regional, uma maior contribuição da diáspora para a economia e a proteção dos direitos dos trabalhadores.",2025-01-01,2026-12-31,"1_SPSP 2-2_OC2.1-3_OU2.1.1-4_SOU108 ",179203,Um documentário produzido sobre a história da emigração em Cabo Verde desde o século XIX  (2025) (IOM),IOM,International Organization for Migration,International Organization for Migration,Multilateral - UN organizations excluding pooled funds,,,,,40608,43149,,false,,false,10375,false,,false,,,,
1_SPSP 2-2_OC2.1,"Efeito 2.1: Até 2027, uma economia mais sustentável, inclusiva, diversificada e integrada gerará empregos decentes, segurança alimentar e nutrição para os mais vulneráveis, especialmente as mulheres, os jovens e os mais pobres. / Outcome 2.1: By 2027, a more sustainable, inclusive, diversified and integrated economy generates decent jobs, food security and nutrition for the most vulnerable, especially women, youth and the extreme poor.",1_SPSP 2-2_OC2.1-3_OU2.1.1,"Produto 2.1.1: As estruturas institucionais são reforçadas e mais inclusivas, e os responsáveis ​​têm capacidades fortalecidas para um melhor ambiente de negócios, sistemas nacionais de qualidade, integração regional, uma maior contribuição da diáspora para a economia e a proteção dos direitos dos trabalhadores.",2025-03-01,2026-12-31,1_SPSP 2-2_OC2.1-3_OU2.1.1-4_SOU109,179247,Apoio à implementação da Zona de Comércio Livre Continental Africana em Cabo Verde (UNECA),UN ECA,United Nations Economic Commission for Africa,,,,,,,,,,false,,false,,false,,false,,,35871,40000
1_SPSP 2-2_OC2.1,"Efeito 2.1: Até 2027, uma economia mais sustentável, inclusiva, diversificada e integrada gerará empregos decentes, segurança alimentar e nutrição para os mais vulneráveis, especialmente as mulheres, os jovens e os mais pobres. / Outcome 2.1: By 2027, a more sustainable, inclusive, diversified and integrated economy generates decent jobs, food security and nutrition for the most vulnerable, especially women, youth and the extreme poor.",1_SPSP 2-2_OC2.1-3_OU2.1.1,"Produto 2.1.1: As estruturas institucionais são reforçadas e mais inclusivas, e os responsáveis ​​têm capacidades fortalecidas para um melhor ambiente de negócios, sistemas nacionais de qualidade, integração regional, uma maior contribuição da diáspora para a economia e a proteção dos direitos dos trabalhadores.",2025-03-01,2026-12-31,1_SPSP 2-2_OC2.1-3_OU2.1.1-4_SOU109,179247,Apoio à implementação da Zona de Comércio Livre Continental Africana em Cabo Verde (UNECA),UN ECA,United Nations Economic Commission for Africa,Core Funding,Multilateral - UN organizations excluding pooled funds,,,,,35871,40000,,false,,false,35871,false,,false,,,,
1_SPSP 2-2_OC2.1,"Efeito 2.1: Até 2027, uma economia mais sustentável, inclusiva, diversificada e integrada gerará empregos decentes, segurança alimentar e nutrição para os mais vulneráveis, especialmente as mulheres, os jovens e os mais pobres. / Outcome 2.1: By 2027, a more sustainable, inclusive, diversified and integrated economy generates decent jobs, food security and nutrition for the most vulnerable, especially women, youth and the extreme poor.",1_SPSP 2-2_OC2.1-3_OU2.1.1,"Produto 2.1.1: As estruturas institucionais são reforçadas e mais inclusivas, e os responsáveis ​​têm capacidades fortalecidas para um melhor ambiente de negócios, sistemas nacionais de qualidade, integração regional, uma maior contribuição da diáspora para a economia e a proteção dos direitos dos trabalhadores.",2025-03-01,2026-12-31,1_SPSP 2-2_OC2.1-3_OU2.1.1-4_SOU109,179247,Apoio à implementação da Zona de Comércio Livre Continental Africana em Cabo Verde (UNECA),UN ECA,United Nations Economic Commission for Africa,Danish International Development Agency,Government,Denmark,Government,,,,,,false,,false,,false,,false,,,,
1_SPSP 2-2_OC2.1,"Efeito 2.1: Até 2027, uma economia mais sustentável, inclusiva, diversificada e integrada gerará empregos decentes, segurança alimentar e nutrição para os mais vulneráveis, especialmente as mulheres, os jovens e os mais pobres. / Outcome 2.1: By 2027, a more sustainable, inclusive, diversified and integrated economy generates decent jobs, food security and nutrition for the most vulnerable, especially women, youth and the extreme poor.",1_SPSP 2-2_OC2.1-3_OU2.1.1,"Produto 2.1.1: As estruturas institucionais são reforçadas e mais inclusivas, e os responsáveis ​​têm capacidades fortalecidas para um melhor ambiente de negócios, sistemas nacionais de qualidade, integração regional, uma maior contribuição da diáspora para a economia e a proteção dos direitos dos trabalhadores.",2026-01-01,2026-12-31,1_SPSP 2-2_OC2.1-3_OU2.1.1-4_SOU200,209006,"Políticas e programas coerentes e integrados de transição para a formalidade e trabalho digno e reforço de capacidades dos mandantes da OIT ",ILO,International Labour Organisation,,,,,,,,,,false,,false,,false,,false,,,,952944
1_SPSP 2-2_OC2.1,"Efeito 2.1: Até 2027, uma economia mais sustentável, inclusiva, diversificada e integrada gerará empregos decentes, segurança alimentar e nutrição para os mais vulneráveis, especialmente as mulheres, os jovens e os mais pobres. / Outcome 2.1: By 2027, a more sustainable, inclusive, diversified and integrated economy generates decent jobs, food security and nutrition for the most vulnerable, especially women, youth and the extreme poor.",1_SPSP 2-2_OC2.1-3_OU2.1.1,"Produto 2.1.1: As estruturas institucionais são reforçadas e mais inclusivas, e os responsáveis ​​têm capacidades fortalecidas para um melhor ambiente de negócios, sistemas nacionais de qualidade, integração regional, uma maior contribuição da diáspora para a economia e a proteção dos direitos dos trabalhadores.",2026-01-01,2026-12-31,1_SPSP 2-2_OC2.1-3_OU2.1.1-4_SOU200,209006,"Políticas e programas coerentes e integrados de transição para a formalidade e trabalho digno e reforço de capacidades dos mandantes da OIT ",ILO,International Labour Organisation,Luxembourg Ministry of Development Cooperation and Humanitarian Affairs,Government,Luxembourg,Government,,,,952944,,false,,false,,false,251205,false,,,,
1_SPSP 2-2_OC2.1,"Efeito 2.1: Até 2027, uma economia mais sustentável, inclusiva, diversificada e integrada gerará empregos decentes, segurança alimentar e nutrição para os mais vulneráveis, especialmente as mulheres, os jovens e os mais pobres. / Outcome 2.1: By 2027, a more sustainable, inclusive, diversified and integrated economy generates decent jobs, food security and nutrition for the most vulnerable, especially women, youth and the extreme poor.",1_SPSP 2-2_OC2.1-3_OU2.1.1,"Produto 2.1.1: As estruturas institucionais são reforçadas e mais inclusivas, e os responsáveis ​​têm capacidades fortalecidas para um melhor ambiente de negócios, sistemas nacionais de qualidade, integração regional, uma maior contribuição da diáspora para a economia e a proteção dos direitos dos trabalhadores.",2026-01-01,2026-12-31,1_SPSP 2-2_OC2.1-3_OU2.1.1-4_SOU201,209887,Erradicar a Pobreza Extrema através da Inclusão Socioeconómica,ILO,International Labour Organisation,,,,,,,,,,false,,false,,false,,false,,,,80134
1_SPSP 2-2_OC2.1,"Efeito 2.1: Até 2027, uma economia mais sustentável, inclusiva, diversificada e integrada gerará empregos decentes, segurança alimentar e nutrição para os mais vulneráveis, especialmente as mulheres, os jovens e os mais pobres. / Outcome 2.1: By 2027, a more sustainable, inclusive, diversified and integrated economy generates decent jobs, food security and nutrition for the most vulnerable, especially women, youth and the extreme poor.",1_SPSP 2-2_OC2.1-3_OU2.1.1,"Produto 2.1.1: As estruturas institucionais são reforçadas e mais inclusivas, e os responsáveis ​​têm capacidades fortalecidas para um melhor ambiente de negócios, sistemas nacionais de qualidade, integração regional, uma maior contribuição da diáspora para a economia e a proteção dos direitos dos trabalhadores.",2026-01-01,2026-12-31,1_SPSP 2-2_OC2.1-3_OU2.1.1-4_SOU201,209887,Erradicar a Pobreza Extrema através da Inclusão Socioeconómica,ILO,International Labour Organisation,Joint Sustainable Development Goals Fund,Multilateral - UN Inter-agency pooled funds,,,,,,80134,,false,,false,,false,47610,false,,,,
1_SPSP 2-2_OC2.1,"Efeito 2.1: Até 2027, uma economia mais sustentável, inclusiva, diversificada e integrada gerará empregos decentes, segurança alimentar e nutrição para os mais vulneráveis, especialmente as mulheres, os jovens e os mais pobres. / Outcome 2.1: By 2027, a more sustainable, inclusive, diversified and integrated economy generates decent jobs, food security and nutrition for the most vulnerable, especially women, youth and the extreme poor.",1_SPSP 2-2_OC2.1-3_OU2.1.1,"Produto 2.1.1: As estruturas institucionais são reforçadas e mais inclusivas, e os responsáveis ​​têm capacidades fortalecidas para um melhor ambiente de negócios, sistemas nacionais de qualidade, integração regional, uma maior contribuição da diáspora para a economia e a proteção dos direitos dos trabalhadores.",2025-10-01,2027-12-31,1_SPSP 2-2_OC2.1-3_OU2.1.1-4_SOU239,209745," Vias migratórias reforçadas entre o Cabo Verde e o Portugal através de reforço de capacidade institucional, orientação individual, e campanhas de sensibilização sobre recrutamento ético",IOM,International Organization for Migration,,,,,,,,,,false,,false,,false,,false,,,,107987
1_SPSP 2-2_OC2.1,"Efeito 2.1: Até 2027, uma economia mais sustentável, inclusiva, diversificada e integrada gerará empregos decentes, segurança alimentar e nutrição para os mais vulneráveis, especialmente as mulheres, os jovens e os mais pobres. / Outcome 2.1: By 2027, a more sustainable, inclusive, diversified and integrated economy generates decent jobs, food security and nutrition for the most vulnerable, especially women, youth and the extreme poor.",1_SPSP 2-2_OC2.1-3_OU2.1.1,"Produto 2.1.1: As estruturas institucionais são reforçadas e mais inclusivas, e os responsáveis ​​têm capacidades fortalecidas para um melhor ambiente de negócios, sistemas nacionais de qualidade, integração regional, uma maior contribuição da diáspora para a economia e a proteção dos direitos dos trabalhadores.",2025-10-01,2027-12-31,1_SPSP 2-2_OC2.1-3_OU2.1.1-4_SOU239,209745," Vias migratórias reforçadas entre o Cabo Verde e o Portugal através de reforço de capacidade institucional, orientação individual, e campanhas de sensibilização sobre recrutamento ético",IOM,International Organization for Migration,International Organization for Migration,Multilateral - UN organizations excluding pooled funds,,,,,,107987,,false,,false,,false,,false,,,,
1_SPSP 2-2_OC2.1,"Efeito 2.1: Até 2027, uma economia mais sustentável, inclusiva, diversificada e integrada gerará empregos decentes, segurança alimentar e nutrição para os mais vulneráveis, especialmente as mulheres, os jovens e os mais pobres. / Outcome 2.1: By 2027, a more sustainable, inclusive, diversified and integrated economy generates decent jobs, food security and nutrition for the most vulnerable, especially women, youth and the extreme poor.",1_SPSP 2-2_OC2.1-3_OU2.1.1,"Produto 2.1.1: As estruturas institucionais são reforçadas e mais inclusivas, e os responsáveis ​​têm capacidades fortalecidas para um melhor ambiente de negócios, sistemas nacionais de qualidade, integração regional, uma maior contribuição da diáspora para a economia e a proteção dos direitos dos trabalhadores.",2025-01-01,2025-12-31,1_SPSP 2-2_OC2.1-3_OU2.1.1-4_SOU245,179454,Empresas formalizadas e desenvolvidas promovem trabalho digno em Cabo Verde (2025)/Form@empresa,ILO,International Labour Organisation,,,,,,,,,,false,,false,,false,,false,,,638069,
1_SPSP 2-2_OC2.1,"Efeito 2.1: Até 2027, uma economia mais sustentável, inclusiva, diversificada e integrada gerará empregos decentes, segurança alimentar e nutrição para os mais vulneráveis, especialmente as mulheres, os jovens e os mais pobres. / Outcome 2.1: By 2027, a more sustainable, inclusive, diversified and integrated economy generates decent jobs, food security and nutrition for the most vulnerable, especially women, youth and the extreme poor.",1_SPSP 2-2_OC2.1-3_OU2.1.1,"Produto 2.1.1: As estruturas institucionais são reforçadas e mais inclusivas, e os responsáveis ​​têm capacidades fortalecidas para um melhor ambiente de negócios, sistemas nacionais de qualidade, integração regional, uma maior contribuição da diáspora para a economia e a proteção dos direitos dos trabalhadores.",2025-01-01,2025-12-31,1_SPSP 2-2_OC2.1-3_OU2.1.1-4_SOU245,179454,Empresas formalizadas e desenvolvidas promovem trabalho digno em Cabo Verde (2025)/Form@empresa,ILO,International Labour Organisation,Lux-Development,International NGO,,,,,638069,,,false,,false,605744,false,,false,,,,
1_SPSP 2-2_OC2.1,"Efeito 2.1: Até 2027, uma economia mais sustentável, inclusiva, diversificada e integrada gerará empregos decentes, segurança alimentar e nutrição para os mais vulneráveis, especialmente as mulheres, os jovens e os mais pobres. / Outcome 2.1: By 2027, a more sustainable, inclusive, diversified and integrated economy generates decent jobs, food security and nutrition for the most vulnerable, especially women, youth and the extreme poor.",1_SPSP 2-2_OC2.1-3_OU2.1.1,"Produto 2.1.1: As estruturas institucionais são reforçadas e mais inclusivas, e os responsáveis ​​têm capacidades fortalecidas para um melhor ambiente de negócios, sistemas nacionais de qualidade, integração regional, uma maior contribuição da diáspora para a economia e a proteção dos direitos dos trabalhadores.",2025-01-01,2025-12-31,1_SPSP 2-2_OC2.1-3_OU2.1.1-4_SOU245,179454,Empresas formalizadas e desenvolvidas promovem trabalho digno em Cabo Verde (2025)/Form@empresa,ILO,International Labour Organisation,Joint Sustainable Development Goals Fund,Multilateral - UN Inter-agency pooled funds,,,,,,,,false,,false,,false,,false,,,,
1_SPSP 2-2_OC2.1,"Efeito 2.1: Até 2027, uma economia mais sustentável, inclusiva, diversificada e integrada gerará empregos decentes, segurança alimentar e nutrição para os mais vulneráveis, especialmente as mulheres, os jovens e os mais pobres. / Outcome 2.1: By 2027, a more sustainable, inclusive, diversified and integrated economy generates decent jobs, food security and nutrition for the most vulnerable, especially women, youth and the extreme poor.",1_SPSP 2-2_OC2.1-3_OU2.1.1,"Produto 2.1.1: As estruturas institucionais são reforçadas e mais inclusivas, e os responsáveis ​​têm capacidades fortalecidas para um melhor ambiente de negócios, sistemas nacionais de qualidade, integração regional, uma maior contribuição da diáspora para a economia e a proteção dos direitos dos trabalhadores.",2025-01-01,2026-12-31,1_SPSP 2-2_OC2.1-3_OU2.1.1-4_SOU250,179660,"Reforçar a capacidade produtiva e promover a disponibilidade e o acesso a alimentos adequados e nutritivos por meio de práticas sustentáveis, inovação tecnológica e fortalecimento das cadeias de abastecimento.",FAO,Food and Agriculture Organization of the United Nations,,,,,,,,,,false,,false,,false,,false,,,713021,360000
1_SPSP 2-2_OC2.1,"Efeito 2.1: Até 2027, uma economia mais sustentável, inclusiva, diversificada e integrada gerará empregos decentes, segurança alimentar e nutrição para os mais vulneráveis, especialmente as mulheres, os jovens e os mais pobres. / Outcome 2.1: By 2027, a more sustainable, inclusive, diversified and integrated economy generates decent jobs, food security and nutrition for the most vulnerable, especially women, youth and the extreme poor.",1_SPSP 2-2_OC2.1-3_OU2.1.1,"Produto 2.1.1: As estruturas institucionais são reforçadas e mais inclusivas, e os responsáveis ​​têm capacidades fortalecidas para um melhor ambiente de negócios, sistemas nacionais de qualidade, integração regional, uma maior contribuição da diáspora para a economia e a proteção dos direitos dos trabalhadores.",2025-01-01,2026-12-31,1_SPSP 2-2_OC2.1-3_OU2.1.1-4_SOU250,179660,"Reforçar a capacidade produtiva e promover a disponibilidade e o acesso a alimentos adequados e nutritivos por meio de práticas sustentáveis, inovação tecnológica e fortalecimento das cadeias de abastecimento.",FAO,Food and Agriculture Organization of the United Nations,Food and Agriculture Organization of the United Nations,Multilateral - UN organizations excluding pooled funds,,,,,176308,100000,,false,,false,176308,false,,false,,,,
1_SPSP 2-2_OC2.1,"Efeito 2.1: Até 2027, uma economia mais sustentável, inclusiva, diversificada e integrada gerará empregos decentes, segurança alimentar e nutrição para os mais vulneráveis, especialmente as mulheres, os jovens e os mais pobres. / Outcome 2.1: By 2027, a more sustainable, inclusive, diversified and integrated economy generates decent jobs, food security and nutrition for the most vulnerable, especially women, youth and the extreme poor.",1_SPSP 2-2_OC2.1-3_OU2.1.1,"Produto 2.1.1: As estruturas institucionais são reforçadas e mais inclusivas, e os responsáveis ​​têm capacidades fortalecidas para um melhor ambiente de negócios, sistemas nacionais de qualidade, integração regional, uma maior contribuição da diáspora para a economia e a proteção dos direitos dos trabalhadores.",2025-01-01,2026-12-31,1_SPSP 2-2_OC2.1-3_OU2.1.1-4_SOU250,179660,"Reforçar a capacidade produtiva e promover a disponibilidade e o acesso a alimentos adequados e nutritivos por meio de práticas sustentáveis, inovação tecnológica e fortalecimento das cadeias de abastecimento.",FAO,Food and Agriculture Organization of the United Nations,China,Government,,,,,536713,260000,,false,,false,530125,false,,false,,,,
1_SPSP 2-2_OC2.1,"Efeito 2.1: Até 2027, uma economia mais sustentável, inclusiva, diversificada e integrada gerará empregos decentes, segurança alimentar e nutrição para os mais vulneráveis, especialmente as mulheres, os jovens e os mais pobres. / Outcome 2.1: By 2027, a more sustainable, inclusive, diversified and integrated economy generates decent jobs, food security and nutrition for the most vulnerable, especially women, youth and the extreme poor.",1_SPSP 2-2_OC2.1-3_OU2.1.1,"Produto 2.1.1: As estruturas institucionais são reforçadas e mais inclusivas, e os responsáveis ​​têm capacidades fortalecidas para um melhor ambiente de negócios, sistemas nacionais de qualidade, integração regional, uma maior contribuição da diáspora para a economia e a proteção dos direitos dos trabalhadores.",2025-01-01,2025-12-31,1_SPSP 2-2_OC2.1-3_OU2.1.1-4_SOU252,179585,Controlo de Qualidade e Certificação do Vinho do Fogo  protegido pelas DO’s (WIPO) 2025,WIPO,World Intellectual Property Organization,,,,,,,,,,false,,false,,false,,false,,,20000,
1_SPSP 2-2_OC2.1,"Efeito 2.1: Até 2027, uma economia mais sustentável, inclusiva, diversificada e integrada gerará empregos decentes, segurança alimentar e nutrição para os mais vulneráveis, especialmente as mulheres, os jovens e os mais pobres. / Outcome 2.1: By 2027, a more sustainable, inclusive, diversified and integrated economy generates decent jobs, food security and nutrition for the most vulnerable, especially women, youth and the extreme poor.",1_SPSP 2-2_OC2.1-3_OU2.1.1,"Produto 2.1.1: As estruturas institucionais são reforçadas e mais inclusivas, e os responsáveis ​​têm capacidades fortalecidas para um melhor ambiente de negócios, sistemas nacionais de qualidade, integração regional, uma maior contribuição da diáspora para a economia e a proteção dos direitos dos trabalhadores.",2025-01-01,2025-12-31,1_SPSP 2-2_OC2.1-3_OU2.1.1-4_SOU252,179585,Controlo de Qualidade e Certificação do Vinho do Fogo  protegido pelas DO’s (WIPO) 2025,WIPO,World Intellectual Property Organization,World Intellectual Property Organization,Multilateral - UN organizations excluding pooled funds,,,,,20000,,,false,,false,,false,,false,,,,
1_SPSP 2-2_OC2.1,"Efeito 2.1: Até 2027, uma economia mais sustentável, inclusiva, diversificada e integrada gerará empregos decentes, segurança alimentar e nutrição para os mais vulneráveis, especialmente as mulheres, os jovens e os mais pobres. / Outcome 2.1: By 2027, a more sustainable, inclusive, diversified and integrated economy generates decent jobs, food security and nutrition for the most vulnerable, especially women, youth and the extreme poor.",1_SPSP 2-2_OC2.1-3_OU2.1.1,"Produto 2.1.1: As estruturas institucionais são reforçadas e mais inclusivas, e os responsáveis ​​têm capacidades fortalecidas para um melhor ambiente de negócios, sistemas nacionais de qualidade, integração regional, uma maior contribuição da diáspora para a economia e a proteção dos direitos dos trabalhadores.",2025-01-01,2026-12-31,1_SPSP 2-2_OC2.1-3_OU2.1.1-4_SOU255,179662,"Reforço da capacidade institucional para implementar sistemas agroalimentares no contexto de ""Uma Só Saúde"" ",FAO,Food and Agriculture Organization of the United Nations,,,,,,,,,,false,,false,,false,,false,,,160000,300000
1_SPSP 2-2_OC2.1,"Efeito 2.1: Até 2027, uma economia mais sustentável, inclusiva, diversificada e integrada gerará empregos decentes, segurança alimentar e nutrição para os mais vulneráveis, especialmente as mulheres, os jovens e os mais pobres. / Outcome 2.1: By 2027, a more sustainable, inclusive, diversified and integrated economy generates decent jobs, food security and nutrition for the most vulnerable, especially women, youth and the extreme poor.",1_SPSP 2-2_OC2.1-3_OU2.1.1,"Produto 2.1.1: As estruturas institucionais são reforçadas e mais inclusivas, e os responsáveis ​​têm capacidades fortalecidas para um melhor ambiente de negócios, sistemas nacionais de qualidade, integração regional, uma maior contribuição da diáspora para a economia e a proteção dos direitos dos trabalhadores.",2025-01-01,2026-12-31,1_SPSP 2-2_OC2.1-3_OU2.1.1-4_SOU255,179662,"Reforço da capacidade institucional para implementar sistemas agroalimentares no contexto de ""Uma Só Saúde"" ",FAO,Food and Agriculture Organization of the United Nations,Food and Agriculture Organization of the United Nations,Multilateral - UN organizations excluding pooled funds,,,,,60000,300000,,false,,false,11134,false,,false,,,,
1_SPSP 2-2_OC2.1,"Efeito 2.1: Até 2027, uma economia mais sustentável, inclusiva, diversificada e integrada gerará empregos decentes, segurança alimentar e nutrição para os mais vulneráveis, especialmente as mulheres, os jovens e os mais pobres. / Outcome 2.1: By 2027, a more sustainable, inclusive, diversified and integrated economy generates decent jobs, food security and nutrition for the most vulnerable, especially women, youth and the extreme poor.",1_SPSP 2-2_OC2.1-3_OU2.1.1,"Produto 2.1.1: As estruturas institucionais são reforçadas e mais inclusivas, e os responsáveis ​​têm capacidades fortalecidas para um melhor ambiente de negócios, sistemas nacionais de qualidade, integração regional, uma maior contribuição da diáspora para a economia e a proteção dos direitos dos trabalhadores.",2025-01-01,2025-12-31,1_SPSP 2-2_OC2.1-3_OU2.1.1-4_SOU262,179749,Global Accelerator_Acelerar a erradicação da pobreza extrema em Cabo Verde através da inclusão económica 2025,ILO,International Labour Organisation,,,,,,,,,,false,,false,,false,,false,,,35134,
1_SPSP 2-2_OC2.1,"Efeito 2.1: Até 2027, uma economia mais sustentável, inclusiva, diversificada e integrada gerará empregos decentes, segurança alimentar e nutrição para os mais vulneráveis, especialmente as mulheres, os jovens e os mais pobres. / Outcome 2.1: By 2027, a more sustainable, inclusive, diversified and integrated economy generates decent jobs, food security and nutrition for the most vulnerable, especially women, youth and the extreme poor.",1_SPSP 2-2_OC2.1-3_OU2.1.1,"Produto 2.1.1: As estruturas institucionais são reforçadas e mais inclusivas, e os responsáveis ​​têm capacidades fortalecidas para um melhor ambiente de negócios, sistemas nacionais de qualidade, integração regional, uma maior contribuição da diáspora para a economia e a proteção dos direitos dos trabalhadores.",2025-01-01,2025-12-31,1_SPSP 2-2_OC2.1-3_OU2.1.1-4_SOU262,179749,Global Accelerator_Acelerar a erradicação da pobreza extrema em Cabo Verde através da inclusão económica 2025,ILO,International Labour Organisation,Joint Sustainable Development Goals Fund,Multilateral - UN Inter-agency pooled funds,,,,,35134,,,false,,false,,false,,false,,,,
1_SPSP 2-2_OC2.1,"Efeito 2.1: Até 2027, uma economia mais sustentável, inclusiva, diversificada e integrada gerará empregos decentes, segurança alimentar e nutrição para os mais vulneráveis, especialmente as mulheres, os jovens e os mais pobres. / Outcome 2.1: By 2027, a more sustainable, inclusive, diversified and integrated economy generates decent jobs, food security and nutrition for the most vulnerable, especially women, youth and the extreme poor.",1_SPSP 2-2_OC2.1-3_OU2.1.1,"Produto 2.1.1: As estruturas institucionais são reforçadas e mais inclusivas, e os responsáveis ​​têm capacidades fortalecidas para um melhor ambiente de negócios, sistemas nacionais de qualidade, integração regional, uma maior contribuição da diáspora para a economia e a proteção dos direitos dos trabalhadores.",2025-01-01,2025-12-31,1_SPSP 2-2_OC2.1-3_OU2.1.1-4_SOU264,179775,Global Accelerator_Acelerar a erradicação da pobreza extrema em Cabo Verde através da inclusão económica 2025,ILO,International Labour Organisation,,,,,,,,,,false,,false,,false,,false,,,45000,
1_SPSP 2-2_OC2.1,"Efeito 2.1: Até 2027, uma economia mais sustentável, inclusiva, diversificada e integrada gerará empregos decentes, segurança alimentar e nutrição para os mais vulneráveis, especialmente as mulheres, os jovens e os mais pobres. / Outcome 2.1: By 2027, a more sustainable, inclusive, diversified and integrated economy generates decent jobs, food security and nutrition for the most vulnerable, especially women, youth and the extreme poor.",1_SPSP 2-2_OC2.1-3_OU2.1.1,"Produto 2.1.1: As estruturas institucionais são reforçadas e mais inclusivas, e os responsáveis ​​têm capacidades fortalecidas para um melhor ambiente de negócios, sistemas nacionais de qualidade, integração regional, uma maior contribuição da diáspora para a economia e a proteção dos direitos dos trabalhadores.",2025-01-01,2025-12-31,1_SPSP 2-2_OC2.1-3_OU2.1.1-4_SOU264,179775,Global Accelerator_Acelerar a erradicação da pobreza extrema em Cabo Verde através da inclusão económica 2025,ILO,International Labour Organisation,Luxembourg Grand Duchy,Government,Luxembourg,Government,,,45000,,,false,,false,,false,,false,,,,
1_SPSP 2-2_OC2.1,"Efeito 2.1: Até 2027, uma economia mais sustentável, inclusiva, diversificada e integrada gerará empregos decentes, segurança alimentar e nutrição para os mais vulneráveis, especialmente as mulheres, os jovens e os mais pobres. / Outcome 2.1: By 2027, a more sustainable, inclusive, diversified and integrated economy generates decent jobs, food security and nutrition for the most vulnerable, especially women, youth and the extreme poor.",1_SPSP 2-2_OC2.1-3_OU2.1.1,"Produto 2.1.1: As estruturas institucionais são reforçadas e mais inclusivas, e os responsáveis ​​têm capacidades fortalecidas para um melhor ambiente de negócios, sistemas nacionais de qualidade, integração regional, uma maior contribuição da diáspora para a economia e a proteção dos direitos dos trabalhadores.",2024-01-01,2024-12-31,1_SPSP 2-2_OC2.1-3_OU2.1.1-4_SOU271,180555,Assistência na facilitação do comércio através do reforço do Sistema Automatizado de Dados Aduaneiros,UNCTAD,United Nations Conference on Trade and Development,,,,,,,,,,false,,false,,false,,false,,400000,,
1_SPSP 2-2_OC2.1,"Efeito 2.1: Até 2027, uma economia mais sustentável, inclusiva, diversificada e integrada gerará empregos decentes, segurança alimentar e nutrição para os mais vulneráveis, especialmente as mulheres, os jovens e os mais pobres. / Outcome 2.1: By 2027, a more sustainable, inclusive, diversified and integrated economy generates decent jobs, food security and nutrition for the most vulnerable, especially women, youth and the extreme poor.",1_SPSP 2-2_OC2.1-3_OU2.1.1,"Produto 2.1.1: As estruturas institucionais são reforçadas e mais inclusivas, e os responsáveis ​​têm capacidades fortalecidas para um melhor ambiente de negócios, sistemas nacionais de qualidade, integração regional, uma maior contribuição da diáspora para a economia e a proteção dos direitos dos trabalhadores.",2024-01-01,2024-12-31,1_SPSP 2-2_OC2.1-3_OU2.1.1-4_SOU271,180555,Assistência na facilitação do comércio através do reforço do Sistema Automatizado de Dados Aduaneiros,UNCTAD,United Nations Conference on Trade and Development,The World Bank,Multilateral - IFI,,,,400000,,,,false,400000,false,,false,,false,,,,
1_SPSP 2-2_OC2.1,"Efeito 2.1: Até 2027, uma economia mais sustentável, inclusiva, diversificada e integrada gerará empregos decentes, segurança alimentar e nutrição para os mais vulneráveis, especialmente as mulheres, os jovens e os mais pobres. / Outcome 2.1: By 2027, a more sustainable, inclusive, diversified and integrated economy generates decent jobs, food security and nutrition for the most vulnerable, especially women, youth and the extreme poor.",1_SPSP 2-2_OC2.1-3_OU2.1.1,"Produto 2.1.1: As estruturas institucionais são reforçadas e mais inclusivas, e os responsáveis ​​têm capacidades fortalecidas para um melhor ambiente de negócios, sistemas nacionais de qualidade, integração regional, uma maior contribuição da diáspora para a economia e a proteção dos direitos dos trabalhadores.",2025-01-01,2026-12-31,1_SPSP 2-2_OC2.1-3_OU2.1.1-4_SOU272,180556,Assistência na facilitação do comércio com o reforço do Sistema automatizado de Dados Aduaneiros,UNCTAD,United Nations Conference on Trade and Development,,,,,,,,,,false,,false,,false,,false,,,300000,
1_SPSP 2-2_OC2.1,"Efeito 2.1: Até 2027, uma economia mais sustentável, inclusiva, diversificada e integrada gerará empregos decentes, segurança alimentar e nutrição para os mais vulneráveis, especialmente as mulheres, os jovens e os mais pobres. / Outcome 2.1: By 2027, a more sustainable, inclusive, diversified and integrated economy generates decent jobs, food security and nutrition for the most vulnerable, especially women, youth and the extreme poor.",1_SPSP 2-2_OC2.1-3_OU2.1.1,"Produto 2.1.1: As estruturas institucionais são reforçadas e mais inclusivas, e os responsáveis ​​têm capacidades fortalecidas para um melhor ambiente de negócios, sistemas nacionais de qualidade, integração regional, uma maior contribuição da diáspora para a economia e a proteção dos direitos dos trabalhadores.",2025-01-01,2026-12-31,1_SPSP 2-2_OC2.1-3_OU2.1.1-4_SOU272,180556,Assistência na facilitação do comércio com o reforço do Sistema automatizado de Dados Aduaneiros,UNCTAD,United Nations Conference on Trade and Development,The World Bank,Multilateral - IFI,,,,,300000,,,false,,false,300000,false,,false,,,,
1_SPSP 2-2_OC2.1,"Efeito 2.1: Até 2027, uma economia mais sustentável, inclusiva, diversificada e integrada gerará empregos decentes, segurança alimentar e nutrição para os mais vulneráveis, especialmente as mulheres, os jovens e os mais pobres. / Outcome 2.1: By 2027, a more sustainable, inclusive, diversified and integrated economy generates decent jobs, food security and nutrition for the most vulnerable, especially women, youth and the extreme poor.",1_SPSP 2-2_OC2.1-3_OU2.1.1,"Produto 2.1.1: As estruturas institucionais são reforçadas e mais inclusivas, e os responsáveis ​​têm capacidades fortalecidas para um melhor ambiente de negócios, sistemas nacionais de qualidade, integração regional, uma maior contribuição da diáspora para a economia e a proteção dos direitos dos trabalhadores.",2026-01-01,2026-12-31,1_SPSP 2-2_OC2.1-3_OU2.1.1-4_SOU778,209668,Fontes de receita municipal e introdução  de taxas de serviços relacionados com resíduos e mecanismos de fiscalização avaliados,UN-HABITAT,United Nations Human Settlement Programme,,,,,,,,,,false,,false,,false,,false,,,,50000
1_SPSP 2-2_OC2.1,"Efeito 2.1: Até 2027, uma economia mais sustentável, inclusiva, diversificada e integrada gerará empregos decentes, segurança alimentar e nutrição para os mais vulneráveis, especialmente as mulheres, os jovens e os mais pobres. / Outcome 2.1: By 2027, a more sustainable, inclusive, diversified and integrated economy generates decent jobs, food security and nutrition for the most vulnerable, especially women, youth and the extreme poor.",1_SPSP 2-2_OC2.1-3_OU2.1.1,"Produto 2.1.1: As estruturas institucionais são reforçadas e mais inclusivas, e os responsáveis ​​têm capacidades fortalecidas para um melhor ambiente de negócios, sistemas nacionais de qualidade, integração regional, uma maior contribuição da diáspora para a economia e a proteção dos direitos dos trabalhadores.",2026-01-01,2026-12-31,1_SPSP 2-2_OC2.1-3_OU2.1.1-4_SOU778,209668,Fontes de receita municipal e introdução  de taxas de serviços relacionados com resíduos e mecanismos de fiscalização avaliados,UN-HABITAT,United Nations Human Settlement Programme,The Joint SDG Fund,Multilateral - UN Inter-agency pooled funds,,,,,,50000,,false,,false,,false,26340,false,,,,
1_SPSP 2-2_OC2.1,"Efeito 2.1: Até 2027, uma economia mais sustentável, inclusiva, diversificada e integrada gerará empregos decentes, segurança alimentar e nutrição para os mais vulneráveis, especialmente as mulheres, os jovens e os mais pobres. / Outcome 2.1: By 2027, a more sustainable, inclusive, diversified and integrated economy generates decent jobs, food security and nutrition for the most vulnerable, especially women, youth and the extreme poor.",1_SPSP 2-2_OC2.1-3_OU2.1.1,"Produto 2.1.1: As estruturas institucionais são reforçadas e mais inclusivas, e os responsáveis ​​têm capacidades fortalecidas para um melhor ambiente de negócios, sistemas nacionais de qualidade, integração regional, uma maior contribuição da diáspora para a economia e a proteção dos direitos dos trabalhadores.",2026-01-01,2026-12-31,1_SPSP 2-2_OC2.1-3_OU2.1.1-4_SOU1144,210105,BRS-Plastique - FFEM Project,UNEP,United Nations Environment Programme,,,,,,,,,,false,,false,,false,,false,,,,
1_SPSP 2-2_OC2.1,"Efeito 2.1: Até 2027, uma economia mais sustentável, inclusiva, diversificada e integrada gerará empregos decentes, segurança alimentar e nutrição para os mais vulneráveis, especialmente as mulheres, os jovens e os mais pobres. / Outcome 2.1: By 2027, a more sustainable, inclusive, diversified and integrated economy generates decent jobs, food security and nutrition for the most vulnerable, especially women, youth and the extreme poor.",1_SPSP 2-2_OC2.1-3_OU2.1.1,"Produto 2.1.1: As estruturas institucionais são reforçadas e mais inclusivas, e os responsáveis ​​têm capacidades fortalecidas para um melhor ambiente de negócios, sistemas nacionais de qualidade, integração regional, uma maior contribuição da diáspora para a economia e a proteção dos direitos dos trabalhadores.",2026-01-01,2026-12-31,1_SPSP 2-2_OC2.1-3_OU2.1.1-4_SOU1144,210105,BRS-Plastique - FFEM Project,UNEP,United Nations Environment Programme,French Facility for Global Environment,Government,,,,,,,,false,,false,,false,,false,,,,
1_SPSP 2-2_OC2.1,"Efeito 2.1: Até 2027, uma economia mais sustentável, inclusiva, diversificada e integrada gerará empregos decentes, segurança alimentar e nutrição para os mais vulneráveis, especialmente as mulheres, os jovens e os mais pobres. / Outcome 2.1: By 2027, a more sustainable, inclusive, diversified and integrated economy generates decent jobs, food security and nutrition for the most vulnerable, especially women, youth and the extreme poor.",1_SPSP 2-2_OC2.1-3_OU2.1.2,"Produto 2.1.2: As pequenas e médias empresas são integradas nas cadeias verde, azul e de valor, suas capacidades produtivas e acesso a serviços financeiros e não financeiros são fortalecidos e soluções de mercado, baseadas na natureza e com eficiência energética (no setor privado) são promovidos.",2023-01-01,2023-12-31,1_SPSP 2-2_OC2.1-3_OU2.1.2-4_SOU1,108554,"Apoio à criação de Oportunidades de Emprego Jovem e de Mulheres na agricultura e agrónegocios (OYA-Cabo VERDE) (UNIDO, FAO)	 	",FAO,Food and Agriculture Organization of the United Nations,,,,,,,,,,false,,false,,false,,false,75000,,,
1_SPSP 2-2_OC2.1,"Efeito 2.1: Até 2027, uma economia mais sustentável, inclusiva, diversificada e integrada gerará empregos decentes, segurança alimentar e nutrição para os mais vulneráveis, especialmente as mulheres, os jovens e os mais pobres. / Outcome 2.1: By 2027, a more sustainable, inclusive, diversified and integrated economy generates decent jobs, food security and nutrition for the most vulnerable, especially women, youth and the extreme poor.",1_SPSP 2-2_OC2.1-3_OU2.1.2,"Produto 2.1.2: As pequenas e médias empresas são integradas nas cadeias verde, azul e de valor, suas capacidades produtivas e acesso a serviços financeiros e não financeiros são fortalecidos e soluções de mercado, baseadas na natureza e com eficiência energética (no setor privado) são promovidos.",2023-01-01,2023-12-31,1_SPSP 2-2_OC2.1-3_OU2.1.2-4_SOU1,108554,"Apoio à criação de Oportunidades de Emprego Jovem e de Mulheres na agricultura e agrónegocios (OYA-Cabo VERDE) (UNIDO, FAO)	 	",FAO,Food and Agriculture Organization of the United Nations,Core Funding,Multilateral - UN organizations excluding pooled funds,,,75000,,,,20486,false,,false,,false,,false,,,,
1_SPSP 2-2_OC2.1,"Efeito 2.1: Até 2027, uma economia mais sustentável, inclusiva, diversificada e integrada gerará empregos decentes, segurança alimentar e nutrição para os mais vulneráveis, especialmente as mulheres, os jovens e os mais pobres. / Outcome 2.1: By 2027, a more sustainable, inclusive, diversified and integrated economy generates decent jobs, food security and nutrition for the most vulnerable, especially women, youth and the extreme poor.",1_SPSP 2-2_OC2.1-3_OU2.1.2,"Produto 2.1.2: As pequenas e médias empresas são integradas nas cadeias verde, azul e de valor, suas capacidades produtivas e acesso a serviços financeiros e não financeiros são fortalecidos e soluções de mercado, baseadas na natureza e com eficiência energética (no setor privado) são promovidos.",2023-01-01,2023-12-31,1_SPSP 2-2_OC2.1-3_OU2.1.2-4_SOU1,108554,"Apoio à criação de Oportunidades de Emprego Jovem e de Mulheres na agricultura e agrónegocios (OYA-Cabo VERDE) (UNIDO, FAO)	 	",UNIDO,United Nations Industrial Development Organization,,,,,,,,,,false,,false,,false,,false,5000,,,
1_SPSP 2-2_OC2.1,"Efeito 2.1: Até 2027, uma economia mais sustentável, inclusiva, diversificada e integrada gerará empregos decentes, segurança alimentar e nutrição para os mais vulneráveis, especialmente as mulheres, os jovens e os mais pobres. / Outcome 2.1: By 2027, a more sustainable, inclusive, diversified and integrated economy generates decent jobs, food security and nutrition for the most vulnerable, especially women, youth and the extreme poor.",1_SPSP 2-2_OC2.1-3_OU2.1.2,"Produto 2.1.2: As pequenas e médias empresas são integradas nas cadeias verde, azul e de valor, suas capacidades produtivas e acesso a serviços financeiros e não financeiros são fortalecidos e soluções de mercado, baseadas na natureza e com eficiência energética (no setor privado) são promovidos.",2023-01-01,2023-12-31,1_SPSP 2-2_OC2.1-3_OU2.1.2-4_SOU1,108554,"Apoio à criação de Oportunidades de Emprego Jovem e de Mulheres na agricultura e agrónegocios (OYA-Cabo VERDE) (UNIDO, FAO)	 	",UNIDO,United Nations Industrial Development Organization,Core Funding,Multilateral - UN organizations excluding pooled funds,,,5000,,,,,false,,false,,false,,false,,,,
1_SPSP 2-2_OC2.1,"Efeito 2.1: Até 2027, uma economia mais sustentável, inclusiva, diversificada e integrada gerará empregos decentes, segurança alimentar e nutrição para os mais vulneráveis, especialmente as mulheres, os jovens e os mais pobres. / Outcome 2.1: By 2027, a more sustainable, inclusive, diversified and integrated economy generates decent jobs, food security and nutrition for the most vulnerable, especially women, youth and the extreme poor.",1_SPSP 2-2_OC2.1-3_OU2.1.2,"Produto 2.1.2: As pequenas e médias empresas são integradas nas cadeias verde, azul e de valor, suas capacidades produtivas e acesso a serviços financeiros e não financeiros são fortalecidos e soluções de mercado, baseadas na natureza e com eficiência energética (no setor privado) são promovidos.",2023-01-01,2024-12-31,1_SPSP 2-2_OC2.1-3_OU2.1.2-4_SOU2,108555,"Criar oportunidades de trabalho decente, de geração de rendimentos, e meios de subsistência para jovens e mulheres de comunidades costeiras na ilha de Santiago (Componente FAO)",FAO,Food and Agriculture Organization of the United Nations,,,,,,,,,,false,,false,,false,,false,150000,78109,,
1_SPSP 2-2_OC2.1,"Efeito 2.1: Até 2027, uma economia mais sustentável, inclusiva, diversificada e integrada gerará empregos decentes, segurança alimentar e nutrição para os mais vulneráveis, especialmente as mulheres, os jovens e os mais pobres. / Outcome 2.1: By 2027, a more sustainable, inclusive, diversified and integrated economy generates decent jobs, food security and nutrition for the most vulnerable, especially women, youth and the extreme poor.",1_SPSP 2-2_OC2.1-3_OU2.1.2,"Produto 2.1.2: As pequenas e médias empresas são integradas nas cadeias verde, azul e de valor, suas capacidades produtivas e acesso a serviços financeiros e não financeiros são fortalecidos e soluções de mercado, baseadas na natureza e com eficiência energética (no setor privado) são promovidos.",2023-01-01,2024-12-31,1_SPSP 2-2_OC2.1-3_OU2.1.2-4_SOU2,108555,"Criar oportunidades de trabalho decente, de geração de rendimentos, e meios de subsistência para jovens e mulheres de comunidades costeiras na ilha de Santiago (Componente FAO)",FAO,Food and Agriculture Organization of the United Nations,The Joint SDG Fund,Multilateral - UN Inter-agency pooled funds,,,,,,,,false,,false,,false,,false,,,,
1_SPSP 2-2_OC2.1,"Efeito 2.1: Até 2027, uma economia mais sustentável, inclusiva, diversificada e integrada gerará empregos decentes, segurança alimentar e nutrição para os mais vulneráveis, especialmente as mulheres, os jovens e os mais pobres. / Outcome 2.1: By 2027, a more sustainable, inclusive, diversified and integrated economy generates decent jobs, food security and nutrition for the most vulnerable, especially women, youth and the extreme poor.",1_SPSP 2-2_OC2.1-3_OU2.1.2,"Produto 2.1.2: As pequenas e médias empresas são integradas nas cadeias verde, azul e de valor, suas capacidades produtivas e acesso a serviços financeiros e não financeiros são fortalecidos e soluções de mercado, baseadas na natureza e com eficiência energética (no setor privado) são promovidos.",2023-01-01,2024-12-31,1_SPSP 2-2_OC2.1-3_OU2.1.2-4_SOU2,108555,"Criar oportunidades de trabalho decente, de geração de rendimentos, e meios de subsistência para jovens e mulheres de comunidades costeiras na ilha de Santiago (Componente FAO)",FAO,Food and Agriculture Organization of the United Nations,Core Funding,Multilateral - UN organizations excluding pooled funds,,,150000,78109,,,100412,false,61611,false,,false,,false,,,,
1_SPSP 2-2_OC2.1,"Efeito 2.1: Até 2027, uma economia mais sustentável, inclusiva, diversificada e integrada gerará empregos decentes, segurança alimentar e nutrição para os mais vulneráveis, especialmente as mulheres, os jovens e os mais pobres. / Outcome 2.1: By 2027, a more sustainable, inclusive, diversified and integrated economy generates decent jobs, food security and nutrition for the most vulnerable, especially women, youth and the extreme poor.",1_SPSP 2-2_OC2.1-3_OU2.1.2,"Produto 2.1.2: As pequenas e médias empresas são integradas nas cadeias verde, azul e de valor, suas capacidades produtivas e acesso a serviços financeiros e não financeiros são fortalecidos e soluções de mercado, baseadas na natureza e com eficiência energética (no setor privado) são promovidos.",2023-01-01,2025-12-31,1_SPSP 2-2_OC2.1-3_OU2.1.2-4_SOU3,108557,"Reforçar a capacidade , do governo central e local, das ONGs e Associações juvenis para que mais mulheres e jovens, incluindo pessoas com deficiências, garantam empregos decentes através da criação de emprego e auto-emprego (UNDP)	",UNDP,United Nations Development Programme,,,,,,,,,,false,,false,,true,,false,750000,500000,292834,
1_SPSP 2-2_OC2.1,"Efeito 2.1: Até 2027, uma economia mais sustentável, inclusiva, diversificada e integrada gerará empregos decentes, segurança alimentar e nutrição para os mais vulneráveis, especialmente as mulheres, os jovens e os mais pobres. / Outcome 2.1: By 2027, a more sustainable, inclusive, diversified and integrated economy generates decent jobs, food security and nutrition for the most vulnerable, especially women, youth and the extreme poor.",1_SPSP 2-2_OC2.1-3_OU2.1.2,"Produto 2.1.2: As pequenas e médias empresas são integradas nas cadeias verde, azul e de valor, suas capacidades produtivas e acesso a serviços financeiros e não financeiros são fortalecidos e soluções de mercado, baseadas na natureza e com eficiência energética (no setor privado) são promovidos.",2023-01-01,2025-12-31,1_SPSP 2-2_OC2.1-3_OU2.1.2-4_SOU3,108557,"Reforçar a capacidade , do governo central e local, das ONGs e Associações juvenis para que mais mulheres e jovens, incluindo pessoas com deficiências, garantam empregos decentes através da criação de emprego e auto-emprego (UNDP)	",UNDP,United Nations Development Programme,Core Funding,Multilateral - UN organizations excluding pooled funds,,,637000,500000,292834,,637000,false,500000,false,292833,true,,false,,,,
1_SPSP 2-2_OC2.1,"Efeito 2.1: Até 2027, uma economia mais sustentável, inclusiva, diversificada e integrada gerará empregos decentes, segurança alimentar e nutrição para os mais vulneráveis, especialmente as mulheres, os jovens e os mais pobres. / Outcome 2.1: By 2027, a more sustainable, inclusive, diversified and integrated economy generates decent jobs, food security and nutrition for the most vulnerable, especially women, youth and the extreme poor.",1_SPSP 2-2_OC2.1-3_OU2.1.2,"Produto 2.1.2: As pequenas e médias empresas são integradas nas cadeias verde, azul e de valor, suas capacidades produtivas e acesso a serviços financeiros e não financeiros são fortalecidos e soluções de mercado, baseadas na natureza e com eficiência energética (no setor privado) são promovidos.",2023-03-01,2023-12-31,1_SPSP 2-2_OC2.1-3_OU2.1.2-4_SOU4,108558,"Iniciativa de Aceleração do Turismo: Transformando Cidade Velha por meio de experimentos baseados em Inovação Orientada por Dados, Inteligência Coletiva e Empreendedorismo  (UNDP)(Accelerator Lab)",UNDP,United Nations Development Programme,,,,,,,,,,false,,false,,false,,false,58850,,,
1_SPSP 2-2_OC2.1,"Efeito 2.1: Até 2027, uma economia mais sustentável, inclusiva, diversificada e integrada gerará empregos decentes, segurança alimentar e nutrição para os mais vulneráveis, especialmente as mulheres, os jovens e os mais pobres. / Outcome 2.1: By 2027, a more sustainable, inclusive, diversified and integrated economy generates decent jobs, food security and nutrition for the most vulnerable, especially women, youth and the extreme poor.",1_SPSP 2-2_OC2.1-3_OU2.1.2,"Produto 2.1.2: As pequenas e médias empresas são integradas nas cadeias verde, azul e de valor, suas capacidades produtivas e acesso a serviços financeiros e não financeiros são fortalecidos e soluções de mercado, baseadas na natureza e com eficiência energética (no setor privado) são promovidos.",2023-03-01,2023-12-31,1_SPSP 2-2_OC2.1-3_OU2.1.2-4_SOU4,108558,"Iniciativa de Aceleração do Turismo: Transformando Cidade Velha por meio de experimentos baseados em Inovação Orientada por Dados, Inteligência Coletiva e Empreendedorismo  (UNDP)(Accelerator Lab)",UNDP,United Nations Development Programme,Core Funding,Multilateral - UN organizations excluding pooled funds,,,25000,,,,25000,false,,false,,false,,false,,,,
1_SPSP 2-2_OC2.1,"Efeito 2.1: Até 2027, uma economia mais sustentável, inclusiva, diversificada e integrada gerará empregos decentes, segurança alimentar e nutrição para os mais vulneráveis, especialmente as mulheres, os jovens e os mais pobres. / Outcome 2.1: By 2027, a more sustainable, inclusive, diversified and integrated economy generates decent jobs, food security and nutrition for the most vulnerable, especially women, youth and the extreme poor.",1_SPSP 2-2_OC2.1-3_OU2.1.2,"Produto 2.1.2: As pequenas e médias empresas são integradas nas cadeias verde, azul e de valor, suas capacidades produtivas e acesso a serviços financeiros e não financeiros são fortalecidos e soluções de mercado, baseadas na natureza e com eficiência energética (no setor privado) são promovidos.",2023-01-01,2024-12-31,1_SPSP 2-2_OC2.1-3_OU2.1.2-4_SOU5,108560,"Reforçar o empreendorismo, a capacidade técnica das micro, pequenas e médias empresas, e o acesso a serviços financeiros e de proteção contra riscos no desenvovlimento de sistemas agroalimentares (FAO)	",FAO,Food and Agriculture Organization of the United Nations,,,,,,,,,,false,,false,,false,,false,213586,620085,,
1_SPSP 2-2_OC2.1,"Efeito 2.1: Até 2027, uma economia mais sustentável, inclusiva, diversificada e integrada gerará empregos decentes, segurança alimentar e nutrição para os mais vulneráveis, especialmente as mulheres, os jovens e os mais pobres. / Outcome 2.1: By 2027, a more sustainable, inclusive, diversified and integrated economy generates decent jobs, food security and nutrition for the most vulnerable, especially women, youth and the extreme poor.",1_SPSP 2-2_OC2.1-3_OU2.1.2,"Produto 2.1.2: As pequenas e médias empresas são integradas nas cadeias verde, azul e de valor, suas capacidades produtivas e acesso a serviços financeiros e não financeiros são fortalecidos e soluções de mercado, baseadas na natureza e com eficiência energética (no setor privado) são promovidos.",2023-01-01,2024-12-31,1_SPSP 2-2_OC2.1-3_OU2.1.2-4_SOU5,108560,"Reforçar o empreendorismo, a capacidade técnica das micro, pequenas e médias empresas, e o acesso a serviços financeiros e de proteção contra riscos no desenvovlimento de sistemas agroalimentares (FAO)	",FAO,Food and Agriculture Organization of the United Nations,Spain,Government,,,213586,620085,,,213586,false,620085,false,,false,,false,,,,
1_SPSP 2-2_OC2.1,"Efeito 2.1: Até 2027, uma economia mais sustentável, inclusiva, diversificada e integrada gerará empregos decentes, segurança alimentar e nutrição para os mais vulneráveis, especialmente as mulheres, os jovens e os mais pobres. / Outcome 2.1: By 2027, a more sustainable, inclusive, diversified and integrated economy generates decent jobs, food security and nutrition for the most vulnerable, especially women, youth and the extreme poor.",1_SPSP 2-2_OC2.1-3_OU2.1.2,"Produto 2.1.2: As pequenas e médias empresas são integradas nas cadeias verde, azul e de valor, suas capacidades produtivas e acesso a serviços financeiros e não financeiros são fortalecidos e soluções de mercado, baseadas na natureza e com eficiência energética (no setor privado) são promovidos.",2023-07-01,2024-12-31,1_SPSP 2-2_OC2.1-3_OU2.1.2-4_SOU6,108563,"Apoio à produção, transformação, e comercialização de produtos naturais e cultivados, criados e pescados (FAO)	 	 	",FAO,Food and Agriculture Organization of the United Nations,,,,,,,,,,false,,false,,false,,false,245914,344796,,
1_SPSP 2-2_OC2.1,"Efeito 2.1: Até 2027, uma economia mais sustentável, inclusiva, diversificada e integrada gerará empregos decentes, segurança alimentar e nutrição para os mais vulneráveis, especialmente as mulheres, os jovens e os mais pobres. / Outcome 2.1: By 2027, a more sustainable, inclusive, diversified and integrated economy generates decent jobs, food security and nutrition for the most vulnerable, especially women, youth and the extreme poor.",1_SPSP 2-2_OC2.1-3_OU2.1.2,"Produto 2.1.2: As pequenas e médias empresas são integradas nas cadeias verde, azul e de valor, suas capacidades produtivas e acesso a serviços financeiros e não financeiros são fortalecidos e soluções de mercado, baseadas na natureza e com eficiência energética (no setor privado) são promovidos.",2023-07-01,2024-12-31,1_SPSP 2-2_OC2.1-3_OU2.1.2-4_SOU6,108563,"Apoio à produção, transformação, e comercialização de produtos naturais e cultivados, criados e pescados (FAO)	 	 	",FAO,Food and Agriculture Organization of the United Nations,China,Government,,,50000,344796,,,50000,false,344796,false,,false,,false,,,,
1_SPSP 2-2_OC2.1,"Efeito 2.1: Até 2027, uma economia mais sustentável, inclusiva, diversificada e integrada gerará empregos decentes, segurança alimentar e nutrição para os mais vulneráveis, especialmente as mulheres, os jovens e os mais pobres. / Outcome 2.1: By 2027, a more sustainable, inclusive, diversified and integrated economy generates decent jobs, food security and nutrition for the most vulnerable, especially women, youth and the extreme poor.",1_SPSP 2-2_OC2.1-3_OU2.1.2,"Produto 2.1.2: As pequenas e médias empresas são integradas nas cadeias verde, azul e de valor, suas capacidades produtivas e acesso a serviços financeiros e não financeiros são fortalecidos e soluções de mercado, baseadas na natureza e com eficiência energética (no setor privado) são promovidos.",2023-07-01,2024-12-31,1_SPSP 2-2_OC2.1-3_OU2.1.2-4_SOU6,108563,"Apoio à produção, transformação, e comercialização de produtos naturais e cultivados, criados e pescados (FAO)	 	 	",FAO,Food and Agriculture Organization of the United Nations,The Global Environment Facility,Multilateral - Global vertical funds,,,195914,,,,181337,false,,false,,false,,false,,,,
1_SPSP 2-2_OC2.1,"Efeito 2.1: Até 2027, uma economia mais sustentável, inclusiva, diversificada e integrada gerará empregos decentes, segurança alimentar e nutrição para os mais vulneráveis, especialmente as mulheres, os jovens e os mais pobres. / Outcome 2.1: By 2027, a more sustainable, inclusive, diversified and integrated economy generates decent jobs, food security and nutrition for the most vulnerable, especially women, youth and the extreme poor.",1_SPSP 2-2_OC2.1-3_OU2.1.2,"Produto 2.1.2: As pequenas e médias empresas são integradas nas cadeias verde, azul e de valor, suas capacidades produtivas e acesso a serviços financeiros e não financeiros são fortalecidos e soluções de mercado, baseadas na natureza e com eficiência energética (no setor privado) são promovidos.",2023-06-01,2024-12-31,1_SPSP 2-2_OC2.1-3_OU2.1.2-4_SOU7,108566,Apoio à adopção e implementação de um projecto de lei sobre o estatuto do artista em Cabo Verde e à apresentação do primeiro relatório periódico quadrienal da Convenção de 2005 (UNESCO)	,UNESCO,"United Nations Educational, Scientific and Cultural Organisation",,,,,,,,,,true,,false,,false,,false,100000,25600,,
1_SPSP 2-2_OC2.1,"Efeito 2.1: Até 2027, uma economia mais sustentável, inclusiva, diversificada e integrada gerará empregos decentes, segurança alimentar e nutrição para os mais vulneráveis, especialmente as mulheres, os jovens e os mais pobres. / Outcome 2.1: By 2027, a more sustainable, inclusive, diversified and integrated economy generates decent jobs, food security and nutrition for the most vulnerable, especially women, youth and the extreme poor.",1_SPSP 2-2_OC2.1-3_OU2.1.2,"Produto 2.1.2: As pequenas e médias empresas são integradas nas cadeias verde, azul e de valor, suas capacidades produtivas e acesso a serviços financeiros e não financeiros são fortalecidos e soluções de mercado, baseadas na natureza e com eficiência energética (no setor privado) são promovidos.",2023-06-01,2024-12-31,1_SPSP 2-2_OC2.1-3_OU2.1.2-4_SOU7,108566,Apoio à adopção e implementação de um projecto de lei sobre o estatuto do artista em Cabo Verde e à apresentação do primeiro relatório periódico quadrienal da Convenção de 2005 (UNESCO)	,UNESCO,"United Nations Educational, Scientific and Cultural Organisation",Core Funding,Multilateral - UN organizations excluding pooled funds,,,100000,25600,,,15000,true,25600,false,,false,,false,,,,
1_SPSP 2-2_OC2.1,"Efeito 2.1: Até 2027, uma economia mais sustentável, inclusiva, diversificada e integrada gerará empregos decentes, segurança alimentar e nutrição para os mais vulneráveis, especialmente as mulheres, os jovens e os mais pobres. / Outcome 2.1: By 2027, a more sustainable, inclusive, diversified and integrated economy generates decent jobs, food security and nutrition for the most vulnerable, especially women, youth and the extreme poor.",1_SPSP 2-2_OC2.1-3_OU2.1.2,"Produto 2.1.2: As pequenas e médias empresas são integradas nas cadeias verde, azul e de valor, suas capacidades produtivas e acesso a serviços financeiros e não financeiros são fortalecidos e soluções de mercado, baseadas na natureza e com eficiência energética (no setor privado) são promovidos.",2024-12-01,2025-12-31,1_SPSP 2-2_OC2.1-3_OU2.1.2-4_SOU11,205442,"Bringing the local private sector into the municipal deal room for SDG localization, contributing to the food system and the digital transformation SDG transitions",UNDP,United Nations Development Programme,,,,,,,,,,false,,false,,false,,false,,,136750,
1_SPSP 2-2_OC2.1,"Efeito 2.1: Até 2027, uma economia mais sustentável, inclusiva, diversificada e integrada gerará empregos decentes, segurança alimentar e nutrição para os mais vulneráveis, especialmente as mulheres, os jovens e os mais pobres. / Outcome 2.1: By 2027, a more sustainable, inclusive, diversified and integrated economy generates decent jobs, food security and nutrition for the most vulnerable, especially women, youth and the extreme poor.",1_SPSP 2-2_OC2.1-3_OU2.1.2,"Produto 2.1.2: As pequenas e médias empresas são integradas nas cadeias verde, azul e de valor, suas capacidades produtivas e acesso a serviços financeiros e não financeiros são fortalecidos e soluções de mercado, baseadas na natureza e com eficiência energética (no setor privado) são promovidos.",2024-12-01,2025-12-31,1_SPSP 2-2_OC2.1-3_OU2.1.2-4_SOU11,205442,"Bringing the local private sector into the municipal deal room for SDG localization, contributing to the food system and the digital transformation SDG transitions",UNDP,United Nations Development Programme,The Joint SDG Fund,Multilateral - UN Inter-agency pooled funds,,,,,136750,,,false,,false,136750,false,,false,,,,
1_SPSP 2-2_OC2.1,"Efeito 2.1: Até 2027, uma economia mais sustentável, inclusiva, diversificada e integrada gerará empregos decentes, segurança alimentar e nutrição para os mais vulneráveis, especialmente as mulheres, os jovens e os mais pobres. / Outcome 2.1: By 2027, a more sustainable, inclusive, diversified and integrated economy generates decent jobs, food security and nutrition for the most vulnerable, especially women, youth and the extreme poor.",1_SPSP 2-2_OC2.1-3_OU2.1.2,"Produto 2.1.2: As pequenas e médias empresas são integradas nas cadeias verde, azul e de valor, suas capacidades produtivas e acesso a serviços financeiros e não financeiros são fortalecidos e soluções de mercado, baseadas na natureza e com eficiência energética (no setor privado) são promovidos.",2023-01-01,2024-12-31,1_SPSP 2-2_OC2.1-3_OU2.1.2-4_SOU226,175224,"Criar oportunidades de trabalho decente, de geração de rendimentos, e meios de subsistência para jovens e mulheres de comunidades costeiras na ilha de Santiago (componente UNIDO)	 	",UNIDO,United Nations Industrial Development Organization,,,,,,,,,,false,,false,,false,,false,152000,100686,,
1_SPSP 2-2_OC2.1,"Efeito 2.1: Até 2027, uma economia mais sustentável, inclusiva, diversificada e integrada gerará empregos decentes, segurança alimentar e nutrição para os mais vulneráveis, especialmente as mulheres, os jovens e os mais pobres. / Outcome 2.1: By 2027, a more sustainable, inclusive, diversified and integrated economy generates decent jobs, food security and nutrition for the most vulnerable, especially women, youth and the extreme poor.",1_SPSP 2-2_OC2.1-3_OU2.1.2,"Produto 2.1.2: As pequenas e médias empresas são integradas nas cadeias verde, azul e de valor, suas capacidades produtivas e acesso a serviços financeiros e não financeiros são fortalecidos e soluções de mercado, baseadas na natureza e com eficiência energética (no setor privado) são promovidos.",2023-01-01,2024-12-31,1_SPSP 2-2_OC2.1-3_OU2.1.2-4_SOU226,175224,"Criar oportunidades de trabalho decente, de geração de rendimentos, e meios de subsistência para jovens e mulheres de comunidades costeiras na ilha de Santiago (componente UNIDO)	 	",UNIDO,United Nations Industrial Development Organization,The Joint SDG Fund,Multilateral - UN Inter-agency pooled funds,,,152000,100686,,,52402,false,95200,false,,false,,false,,,,
1_SPSP 2-2_OC2.1,"Efeito 2.1: Até 2027, uma economia mais sustentável, inclusiva, diversificada e integrada gerará empregos decentes, segurança alimentar e nutrição para os mais vulneráveis, especialmente as mulheres, os jovens e os mais pobres. / Outcome 2.1: By 2027, a more sustainable, inclusive, diversified and integrated economy generates decent jobs, food security and nutrition for the most vulnerable, especially women, youth and the extreme poor.",1_SPSP 2-2_OC2.1-3_OU2.1.2,"Produto 2.1.2: As pequenas e médias empresas são integradas nas cadeias verde, azul e de valor, suas capacidades produtivas e acesso a serviços financeiros e não financeiros são fortalecidos e soluções de mercado, baseadas na natureza e com eficiência energética (no setor privado) são promovidos.",2024-06-01,2024-09-30,1_SPSP 2-2_OC2.1-3_OU2.1.2-4_SOU230,176572,Conferência dos Diretores dos Escritórios de Propriedade Intelectual - Organização Regional Africana da Propriedade Intelectual (HIPOC-ARIPO)(WIPO) / Heads of IP Offices Conference - African Regional Intellectual Property Organization (HIPOC-ARIPO) (WIPO),WIPO,World Intellectual Property Organization,,,,,,,,,,false,,false,,false,,false,,72000,,
1_SPSP 2-2_OC2.1,"Efeito 2.1: Até 2027, uma economia mais sustentável, inclusiva, diversificada e integrada gerará empregos decentes, segurança alimentar e nutrição para os mais vulneráveis, especialmente as mulheres, os jovens e os mais pobres. / Outcome 2.1: By 2027, a more sustainable, inclusive, diversified and integrated economy generates decent jobs, food security and nutrition for the most vulnerable, especially women, youth and the extreme poor.",1_SPSP 2-2_OC2.1-3_OU2.1.2,"Produto 2.1.2: As pequenas e médias empresas são integradas nas cadeias verde, azul e de valor, suas capacidades produtivas e acesso a serviços financeiros e não financeiros são fortalecidos e soluções de mercado, baseadas na natureza e com eficiência energética (no setor privado) são promovidos.",2024-06-01,2024-09-30,1_SPSP 2-2_OC2.1-3_OU2.1.2-4_SOU230,176572,Conferência dos Diretores dos Escritórios de Propriedade Intelectual - Organização Regional Africana da Propriedade Intelectual (HIPOC-ARIPO)(WIPO) / Heads of IP Offices Conference - African Regional Intellectual Property Organization (HIPOC-ARIPO) (WIPO),WIPO,World Intellectual Property Organization,Core Funding,Multilateral - UN organizations excluding pooled funds,,,,72000,,,,false,72000,false,,false,,false,,,,
1_SPSP 2-2_OC2.1,"Efeito 2.1: Até 2027, uma economia mais sustentável, inclusiva, diversificada e integrada gerará empregos decentes, segurança alimentar e nutrição para os mais vulneráveis, especialmente as mulheres, os jovens e os mais pobres. / Outcome 2.1: By 2027, a more sustainable, inclusive, diversified and integrated economy generates decent jobs, food security and nutrition for the most vulnerable, especially women, youth and the extreme poor.",1_SPSP 2-2_OC2.1-3_OU2.1.2,"Produto 2.1.2: As pequenas e médias empresas são integradas nas cadeias verde, azul e de valor, suas capacidades produtivas e acesso a serviços financeiros e não financeiros são fortalecidos e soluções de mercado, baseadas na natureza e com eficiência energética (no setor privado) são promovidos.",2025-01-01,2025-12-31,1_SPSP 2-2_OC2.1-3_OU2.1.2-4_SOU234,179064,Reforço de capacidades das PME locais para participarem na localização dos ODS e contribuirem para a transição de sistemas alimentares e transformação digital,UNIDO,United Nations Industrial Development Organization,,,,,,,,,,false,,false,,false,,false,,,105841,
1_SPSP 2-2_OC2.1,"Efeito 2.1: Até 2027, uma economia mais sustentável, inclusiva, diversificada e integrada gerará empregos decentes, segurança alimentar e nutrição para os mais vulneráveis, especialmente as mulheres, os jovens e os mais pobres. / Outcome 2.1: By 2027, a more sustainable, inclusive, diversified and integrated economy generates decent jobs, food security and nutrition for the most vulnerable, especially women, youth and the extreme poor.",1_SPSP 2-2_OC2.1-3_OU2.1.2,"Produto 2.1.2: As pequenas e médias empresas são integradas nas cadeias verde, azul e de valor, suas capacidades produtivas e acesso a serviços financeiros e não financeiros são fortalecidos e soluções de mercado, baseadas na natureza e com eficiência energética (no setor privado) são promovidos.",2025-01-01,2025-12-31,1_SPSP 2-2_OC2.1-3_OU2.1.2-4_SOU234,179064,Reforço de capacidades das PME locais para participarem na localização dos ODS e contribuirem para a transição de sistemas alimentares e transformação digital,UNIDO,United Nations Industrial Development Organization,The Joint SDG Fund,Multilateral - UN Inter-agency pooled funds,,,,,105841,,,false,,false,105841,false,,false,,,,
1_SPSP 2-2_OC2.1,"Efeito 2.1: Até 2027, uma economia mais sustentável, inclusiva, diversificada e integrada gerará empregos decentes, segurança alimentar e nutrição para os mais vulneráveis, especialmente as mulheres, os jovens e os mais pobres. / Outcome 2.1: By 2027, a more sustainable, inclusive, diversified and integrated economy generates decent jobs, food security and nutrition for the most vulnerable, especially women, youth and the extreme poor.",1_SPSP 2-2_OC2.1-3_OU2.1.2,"Produto 2.1.2: As pequenas e médias empresas são integradas nas cadeias verde, azul e de valor, suas capacidades produtivas e acesso a serviços financeiros e não financeiros são fortalecidos e soluções de mercado, baseadas na natureza e com eficiência energética (no setor privado) são promovidos.",2025-01-01,2025-12-31,1_SPSP 2-2_OC2.1-3_OU2.1.2-4_SOU235,179368,Dissemination of the national report on policies to promote the cultural and creative sector in Cabo Verde  (UNESCO),UNESCO,"United Nations Educational, Scientific and Cultural Organisation",,,,,,,,,,false,,false,,false,,false,,,14000,
1_SPSP 2-2_OC2.1,"Efeito 2.1: Até 2027, uma economia mais sustentável, inclusiva, diversificada e integrada gerará empregos decentes, segurança alimentar e nutrição para os mais vulneráveis, especialmente as mulheres, os jovens e os mais pobres. / Outcome 2.1: By 2027, a more sustainable, inclusive, diversified and integrated economy generates decent jobs, food security and nutrition for the most vulnerable, especially women, youth and the extreme poor.",1_SPSP 2-2_OC2.1-3_OU2.1.2,"Produto 2.1.2: As pequenas e médias empresas são integradas nas cadeias verde, azul e de valor, suas capacidades produtivas e acesso a serviços financeiros e não financeiros são fortalecidos e soluções de mercado, baseadas na natureza e com eficiência energética (no setor privado) são promovidos.",2025-01-01,2025-12-31,1_SPSP 2-2_OC2.1-3_OU2.1.2-4_SOU235,179368,Dissemination of the national report on policies to promote the cultural and creative sector in Cabo Verde  (UNESCO),UNESCO,"United Nations Educational, Scientific and Cultural Organisation",Core Funding,Multilateral - UN organizations excluding pooled funds,,,,,14000,,,false,,false,14000,false,,false,,,,
1_SPSP 2-2_OC2.1,"Efeito 2.1: Até 2027, uma economia mais sustentável, inclusiva, diversificada e integrada gerará empregos decentes, segurança alimentar e nutrição para os mais vulneráveis, especialmente as mulheres, os jovens e os mais pobres. / Outcome 2.1: By 2027, a more sustainable, inclusive, diversified and integrated economy generates decent jobs, food security and nutrition for the most vulnerable, especially women, youth and the extreme poor.",1_SPSP 2-2_OC2.1-3_OU2.1.2,"Produto 2.1.2: As pequenas e médias empresas são integradas nas cadeias verde, azul e de valor, suas capacidades produtivas e acesso a serviços financeiros e não financeiros são fortalecidos e soluções de mercado, baseadas na natureza e com eficiência energética (no setor privado) são promovidos.",2025-01-01,2025-12-31,1_SPSP 2-2_OC2.1-3_OU2.1.2-4_SOU236,179370,"National consultation as part of the preparation of a study on gender equality in the cultural and creative sectors in West Africa with a view to strengthening support for women in the cultural and heritage professions ",UNESCO,"United Nations Educational, Scientific and Cultural Organisation",,,,,,,,,,false,,false,,false,,false,,,10000,
1_SPSP 2-2_OC2.1,"Efeito 2.1: Até 2027, uma economia mais sustentável, inclusiva, diversificada e integrada gerará empregos decentes, segurança alimentar e nutrição para os mais vulneráveis, especialmente as mulheres, os jovens e os mais pobres. / Outcome 2.1: By 2027, a more sustainable, inclusive, diversified and integrated economy generates decent jobs, food security and nutrition for the most vulnerable, especially women, youth and the extreme poor.",1_SPSP 2-2_OC2.1-3_OU2.1.2,"Produto 2.1.2: As pequenas e médias empresas são integradas nas cadeias verde, azul e de valor, suas capacidades produtivas e acesso a serviços financeiros e não financeiros são fortalecidos e soluções de mercado, baseadas na natureza e com eficiência energética (no setor privado) são promovidos.",2025-01-01,2025-12-31,1_SPSP 2-2_OC2.1-3_OU2.1.2-4_SOU236,179370,"National consultation as part of the preparation of a study on gender equality in the cultural and creative sectors in West Africa with a view to strengthening support for women in the cultural and heritage professions ",UNESCO,"United Nations Educational, Scientific and Cultural Organisation",Core Funding,Multilateral - UN organizations excluding pooled funds,,,,,10000,,,false,,false,10000,false,,false,,,,
1_SPSP 2-2_OC2.1,"Efeito 2.1: Até 2027, uma economia mais sustentável, inclusiva, diversificada e integrada gerará empregos decentes, segurança alimentar e nutrição para os mais vulneráveis, especialmente as mulheres, os jovens e os mais pobres. / Outcome 2.1: By 2027, a more sustainable, inclusive, diversified and integrated economy generates decent jobs, food security and nutrition for the most vulnerable, especially women, youth and the extreme poor.",1_SPSP 2-2_OC2.1-3_OU2.1.2,"Produto 2.1.2: As pequenas e médias empresas são integradas nas cadeias verde, azul e de valor, suas capacidades produtivas e acesso a serviços financeiros e não financeiros são fortalecidos e soluções de mercado, baseadas na natureza e com eficiência energética (no setor privado) são promovidos.",2026-03-01,2026-09-01,1_SPSP 2-2_OC2.1-3_OU2.1.2-4_SOU239,211985,"Advancing evidence-based policies and actions, and supporting policy making to enhance the contribution of creative sectors and industries to sustainable development",UNESCO,"United Nations Educational, Scientific and Cultural Organisation",,,,,,,,,,false,,false,,false,,false,,,,21800
1_SPSP 2-2_OC2.1,"Efeito 2.1: Até 2027, uma economia mais sustentável, inclusiva, diversificada e integrada gerará empregos decentes, segurança alimentar e nutrição para os mais vulneráveis, especialmente as mulheres, os jovens e os mais pobres. / Outcome 2.1: By 2027, a more sustainable, inclusive, diversified and integrated economy generates decent jobs, food security and nutrition for the most vulnerable, especially women, youth and the extreme poor.",1_SPSP 2-2_OC2.1-3_OU2.1.2,"Produto 2.1.2: As pequenas e médias empresas são integradas nas cadeias verde, azul e de valor, suas capacidades produtivas e acesso a serviços financeiros e não financeiros são fortalecidos e soluções de mercado, baseadas na natureza e com eficiência energética (no setor privado) são promovidos.",2026-03-01,2026-09-01,1_SPSP 2-2_OC2.1-3_OU2.1.2-4_SOU239,211985,"Advancing evidence-based policies and actions, and supporting policy making to enhance the contribution of creative sectors and industries to sustainable development",UNESCO,"United Nations Educational, Scientific and Cultural Organisation","United Nations Educational, Scientific and Cultural Organisation",Multilateral - UN organizations excluding pooled funds,,,,,,21800,,false,,false,,false,,false,,,,
1_SPSP 2-2_OC2.1,"Efeito 2.1: Até 2027, uma economia mais sustentável, inclusiva, diversificada e integrada gerará empregos decentes, segurança alimentar e nutrição para os mais vulneráveis, especialmente as mulheres, os jovens e os mais pobres. / Outcome 2.1: By 2027, a more sustainable, inclusive, diversified and integrated economy generates decent jobs, food security and nutrition for the most vulnerable, especially women, youth and the extreme poor.",1_SPSP 2-2_OC2.1-3_OU2.1.2,"Produto 2.1.2: As pequenas e médias empresas são integradas nas cadeias verde, azul e de valor, suas capacidades produtivas e acesso a serviços financeiros e não financeiros são fortalecidos e soluções de mercado, baseadas na natureza e com eficiência energética (no setor privado) são promovidos.",2025-01-01,2026-12-31,1_SPSP 2-2_OC2.1-3_OU2.1.2-4_SOU251,179657,"Micro, pequenas e médias empresas fortalecidas em empreendedorismo, capacidade técnica e acesso a financiamento adequado para sistemas agroalimentares sustentáveis",FAO,Food and Agriculture Organization of the United Nations,,,,,,,,,,false,,false,,false,,false,,,200000,200000
1_SPSP 2-2_OC2.1,"Efeito 2.1: Até 2027, uma economia mais sustentável, inclusiva, diversificada e integrada gerará empregos decentes, segurança alimentar e nutrição para os mais vulneráveis, especialmente as mulheres, os jovens e os mais pobres. / Outcome 2.1: By 2027, a more sustainable, inclusive, diversified and integrated economy generates decent jobs, food security and nutrition for the most vulnerable, especially women, youth and the extreme poor.",1_SPSP 2-2_OC2.1-3_OU2.1.2,"Produto 2.1.2: As pequenas e médias empresas são integradas nas cadeias verde, azul e de valor, suas capacidades produtivas e acesso a serviços financeiros e não financeiros são fortalecidos e soluções de mercado, baseadas na natureza e com eficiência energética (no setor privado) são promovidos.",2025-01-01,2026-12-31,1_SPSP 2-2_OC2.1-3_OU2.1.2-4_SOU251,179657,"Micro, pequenas e médias empresas fortalecidas em empreendedorismo, capacidade técnica e acesso a financiamento adequado para sistemas agroalimentares sustentáveis",FAO,Food and Agriculture Organization of the United Nations,Spain,Government,,,,,100000,150000,,false,,false,54906,false,,false,,,,
1_SPSP 2-2_OC2.1,"Efeito 2.1: Até 2027, uma economia mais sustentável, inclusiva, diversificada e integrada gerará empregos decentes, segurança alimentar e nutrição para os mais vulneráveis, especialmente as mulheres, os jovens e os mais pobres. / Outcome 2.1: By 2027, a more sustainable, inclusive, diversified and integrated economy generates decent jobs, food security and nutrition for the most vulnerable, especially women, youth and the extreme poor.",1_SPSP 2-2_OC2.1-3_OU2.1.2,"Produto 2.1.2: As pequenas e médias empresas são integradas nas cadeias verde, azul e de valor, suas capacidades produtivas e acesso a serviços financeiros e não financeiros são fortalecidos e soluções de mercado, baseadas na natureza e com eficiência energética (no setor privado) são promovidos.",2025-01-01,2026-12-31,1_SPSP 2-2_OC2.1-3_OU2.1.2-4_SOU251,179657,"Micro, pequenas e médias empresas fortalecidas em empreendedorismo, capacidade técnica e acesso a financiamento adequado para sistemas agroalimentares sustentáveis",FAO,Food and Agriculture Organization of the United Nations,Government of the Republic of Korea,Government,,,,,100000,50000,,false,,false,,false,,false,,,,
1_SPSP 2-2_OC2.1,"Efeito 2.1: Até 2027, uma economia mais sustentável, inclusiva, diversificada e integrada gerará empregos decentes, segurança alimentar e nutrição para os mais vulneráveis, especialmente as mulheres, os jovens e os mais pobres. / Outcome 2.1: By 2027, a more sustainable, inclusive, diversified and integrated economy generates decent jobs, food security and nutrition for the most vulnerable, especially women, youth and the extreme poor.",1_SPSP 2-2_OC2.1-3_OU2.1.3,"Produto 2.1.3: Mais pessoas, especialmente mulheres, jovens, crianças, pessoas com deficiências, migrantes e extremamente pobres, têm acesso adequado e culturalmente aceite a alimentos seguros e nutritivos em todos os momentos.",2023-01-01,2024-12-31,1_SPSP 2-2_OC2.1-3_OU2.1.3-4_SOU1,108637,"Reforcar a capacidade produtiva, a disponibilidade e o acesso a uma alimentação adequada e nutritiva (FAO)",FAO,Food and Agriculture Organization of the United Nations,,,,,,,,,,false,,false,,false,,false,450000,385058,,
1_SPSP 2-2_OC2.1,"Efeito 2.1: Até 2027, uma economia mais sustentável, inclusiva, diversificada e integrada gerará empregos decentes, segurança alimentar e nutrição para os mais vulneráveis, especialmente as mulheres, os jovens e os mais pobres. / Outcome 2.1: By 2027, a more sustainable, inclusive, diversified and integrated economy generates decent jobs, food security and nutrition for the most vulnerable, especially women, youth and the extreme poor.",1_SPSP 2-2_OC2.1-3_OU2.1.3,"Produto 2.1.3: Mais pessoas, especialmente mulheres, jovens, crianças, pessoas com deficiências, migrantes e extremamente pobres, têm acesso adequado e culturalmente aceite a alimentos seguros e nutritivos em todos os momentos.",2023-01-01,2024-12-31,1_SPSP 2-2_OC2.1-3_OU2.1.3-4_SOU1,108637,"Reforcar a capacidade produtiva, a disponibilidade e o acesso a uma alimentação adequada e nutritiva (FAO)",FAO,Food and Agriculture Organization of the United Nations,Core Funding,Multilateral - UN organizations excluding pooled funds,,,200000,185058,,,14109,false,142054,false,,false,,false,,,,
1_SPSP 2-2_OC2.1,"Efeito 2.1: Até 2027, uma economia mais sustentável, inclusiva, diversificada e integrada gerará empregos decentes, segurança alimentar e nutrição para os mais vulneráveis, especialmente as mulheres, os jovens e os mais pobres. / Outcome 2.1: By 2027, a more sustainable, inclusive, diversified and integrated economy generates decent jobs, food security and nutrition for the most vulnerable, especially women, youth and the extreme poor.",1_SPSP 2-2_OC2.1-3_OU2.1.3,"Produto 2.1.3: Mais pessoas, especialmente mulheres, jovens, crianças, pessoas com deficiências, migrantes e extremamente pobres, têm acesso adequado e culturalmente aceite a alimentos seguros e nutritivos em todos os momentos.",2023-01-01,2024-12-31,1_SPSP 2-2_OC2.1-3_OU2.1.3-4_SOU1,108637,"Reforcar a capacidade produtiva, a disponibilidade e o acesso a uma alimentação adequada e nutritiva (FAO)",FAO,Food and Agriculture Organization of the United Nations,Belgium,Government,,,150000,,,,132584,false,,false,,false,,false,,,,
1_SPSP 2-2_OC2.1,"Efeito 2.1: Até 2027, uma economia mais sustentável, inclusiva, diversificada e integrada gerará empregos decentes, segurança alimentar e nutrição para os mais vulneráveis, especialmente as mulheres, os jovens e os mais pobres. / Outcome 2.1: By 2027, a more sustainable, inclusive, diversified and integrated economy generates decent jobs, food security and nutrition for the most vulnerable, especially women, youth and the extreme poor.",1_SPSP 2-2_OC2.1-3_OU2.1.3,"Produto 2.1.3: Mais pessoas, especialmente mulheres, jovens, crianças, pessoas com deficiências, migrantes e extremamente pobres, têm acesso adequado e culturalmente aceite a alimentos seguros e nutritivos em todos os momentos.",2023-01-01,2024-12-31,1_SPSP 2-2_OC2.1-3_OU2.1.3-4_SOU1,108637,"Reforcar a capacidade produtiva, a disponibilidade e o acesso a uma alimentação adequada e nutritiva (FAO)",FAO,Food and Agriculture Organization of the United Nations,Government of the Republic of Korea,Government,,,100000,200000,,,79798,false,141722,false,,false,,false,,,,
1_SPSP 2-2_OC2.1,"Efeito 2.1: Até 2027, uma economia mais sustentável, inclusiva, diversificada e integrada gerará empregos decentes, segurança alimentar e nutrição para os mais vulneráveis, especialmente as mulheres, os jovens e os mais pobres. / Outcome 2.1: By 2027, a more sustainable, inclusive, diversified and integrated economy generates decent jobs, food security and nutrition for the most vulnerable, especially women, youth and the extreme poor.",1_SPSP 2-2_OC2.1-3_OU2.1.3,"Produto 2.1.3: Mais pessoas, especialmente mulheres, jovens, crianças, pessoas com deficiências, migrantes e extremamente pobres, têm acesso adequado e culturalmente aceite a alimentos seguros e nutritivos em todos os momentos.",2023-01-01,2023-12-31,1_SPSP 2-2_OC2.1-3_OU2.1.3-4_SOU2,108646,Reforçar o Programa Nacional de Alimentação Escolar (WFP)	 	,WFP,United Nations World Food Programme,,,,,,,,,,false,,false,,false,,false,990000,,,
1_SPSP 2-2_OC2.1,"Efeito 2.1: Até 2027, uma economia mais sustentável, inclusiva, diversificada e integrada gerará empregos decentes, segurança alimentar e nutrição para os mais vulneráveis, especialmente as mulheres, os jovens e os mais pobres. / Outcome 2.1: By 2027, a more sustainable, inclusive, diversified and integrated economy generates decent jobs, food security and nutrition for the most vulnerable, especially women, youth and the extreme poor.",1_SPSP 2-2_OC2.1-3_OU2.1.3,"Produto 2.1.3: Mais pessoas, especialmente mulheres, jovens, crianças, pessoas com deficiências, migrantes e extremamente pobres, têm acesso adequado e culturalmente aceite a alimentos seguros e nutritivos em todos os momentos.",2023-01-01,2023-12-31,1_SPSP 2-2_OC2.1-3_OU2.1.3-4_SOU2,108646,Reforçar o Programa Nacional de Alimentação Escolar (WFP)	 	,WFP,United Nations World Food Programme,Economic Community of West African States,Multilateral - Other,,,630000,,,,500000,false,,false,,false,,false,,,,
1_SPSP 2-2_OC2.1,"Efeito 2.1: Até 2027, uma economia mais sustentável, inclusiva, diversificada e integrada gerará empregos decentes, segurança alimentar e nutrição para os mais vulneráveis, especialmente as mulheres, os jovens e os mais pobres. / Outcome 2.1: By 2027, a more sustainable, inclusive, diversified and integrated economy generates decent jobs, food security and nutrition for the most vulnerable, especially women, youth and the extreme poor.",1_SPSP 2-2_OC2.1-3_OU2.1.3,"Produto 2.1.3: Mais pessoas, especialmente mulheres, jovens, crianças, pessoas com deficiências, migrantes e extremamente pobres, têm acesso adequado e culturalmente aceite a alimentos seguros e nutritivos em todos os momentos.",2023-01-01,2023-12-31,1_SPSP 2-2_OC2.1-3_OU2.1.3-4_SOU2,108646,Reforçar o Programa Nacional de Alimentação Escolar (WFP)	 	,WFP,United Nations World Food Programme,Japan,Government,,,360000,,,,343000,false,,false,,false,,false,,,,
1_SPSP 2-2_OC2.1,"Efeito 2.1: Até 2027, uma economia mais sustentável, inclusiva, diversificada e integrada gerará empregos decentes, segurança alimentar e nutrição para os mais vulneráveis, especialmente as mulheres, os jovens e os mais pobres. / Outcome 2.1: By 2027, a more sustainable, inclusive, diversified and integrated economy generates decent jobs, food security and nutrition for the most vulnerable, especially women, youth and the extreme poor.",1_SPSP 2-2_OC2.1-3_OU2.1.3,"Produto 2.1.3: Mais pessoas, especialmente mulheres, jovens, crianças, pessoas com deficiências, migrantes e extremamente pobres, têm acesso adequado e culturalmente aceite a alimentos seguros e nutritivos em todos os momentos.",2023-01-01,2026-12-31,1_SPSP 2-2_OC2.1-3_OU2.1.3-4_SOU11,209718,Apoio de emergência prestado para restaurar a produção agrícola e pecuária e estabilizar a segurança alimentar de agregados familiares vulneráveis afetados pela Tempestade Erin.,FAO,Food and Agriculture Organization of the United Nations,,,,,,,,,,false,,false,,false,,false,,,,200000
1_SPSP 2-2_OC2.1,"Efeito 2.1: Até 2027, uma economia mais sustentável, inclusiva, diversificada e integrada gerará empregos decentes, segurança alimentar e nutrição para os mais vulneráveis, especialmente as mulheres, os jovens e os mais pobres. / Outcome 2.1: By 2027, a more sustainable, inclusive, diversified and integrated economy generates decent jobs, food security and nutrition for the most vulnerable, especially women, youth and the extreme poor.",1_SPSP 2-2_OC2.1-3_OU2.1.3,"Produto 2.1.3: Mais pessoas, especialmente mulheres, jovens, crianças, pessoas com deficiências, migrantes e extremamente pobres, têm acesso adequado e culturalmente aceite a alimentos seguros e nutritivos em todos os momentos.",2023-01-01,2026-12-31,1_SPSP 2-2_OC2.1-3_OU2.1.3-4_SOU11,209718,Apoio de emergência prestado para restaurar a produção agrícola e pecuária e estabilizar a segurança alimentar de agregados familiares vulneráveis afetados pela Tempestade Erin.,FAO,Food and Agriculture Organization of the United Nations,Food and Agriculture Organization of the United Nations,Multilateral - UN organizations excluding pooled funds,,,,,,200000,,false,,false,,false,,false,,,,
1_SPSP 2-2_OC2.1,"Efeito 2.1: Até 2027, uma economia mais sustentável, inclusiva, diversificada e integrada gerará empregos decentes, segurança alimentar e nutrição para os mais vulneráveis, especialmente as mulheres, os jovens e os mais pobres. / Outcome 2.1: By 2027, a more sustainable, inclusive, diversified and integrated economy generates decent jobs, food security and nutrition for the most vulnerable, especially women, youth and the extreme poor.",1_SPSP 2-2_OC2.1-3_OU2.1.3,"Produto 2.1.3: Mais pessoas, especialmente mulheres, jovens, crianças, pessoas com deficiências, migrantes e extremamente pobres, têm acesso adequado e culturalmente aceite a alimentos seguros e nutritivos em todos os momentos.",2025-02-04,2025-12-31,1_SPSP 2-2_OC2.1-3_OU2.1.3-4_SOU236,179144,Inova bu Prato - Aproveitamento integral de alimentos nas Aldeias Infantis SOS Assomada e Ribeirão Chiqueiro,UNDP,United Nations Development Programme,,,,,,,,,,false,,false,,false,,false,,,7000,
1_SPSP 2-2_OC2.1,"Efeito 2.1: Até 2027, uma economia mais sustentável, inclusiva, diversificada e integrada gerará empregos decentes, segurança alimentar e nutrição para os mais vulneráveis, especialmente as mulheres, os jovens e os mais pobres. / Outcome 2.1: By 2027, a more sustainable, inclusive, diversified and integrated economy generates decent jobs, food security and nutrition for the most vulnerable, especially women, youth and the extreme poor.",1_SPSP 2-2_OC2.1-3_OU2.1.3,"Produto 2.1.3: Mais pessoas, especialmente mulheres, jovens, crianças, pessoas com deficiências, migrantes e extremamente pobres, têm acesso adequado e culturalmente aceite a alimentos seguros e nutritivos em todos os momentos.",2025-02-04,2025-12-31,1_SPSP 2-2_OC2.1-3_OU2.1.3-4_SOU236,179144,Inova bu Prato - Aproveitamento integral de alimentos nas Aldeias Infantis SOS Assomada e Ribeirão Chiqueiro,UNDP,United Nations Development Programme,United Nations Development Programme,Multilateral - UN organizations excluding pooled funds,,,,,7000,,,false,,false,7000,false,,false,,,,
1_SPSP 2-2_OC2.1,"Efeito 2.1: Até 2027, uma economia mais sustentável, inclusiva, diversificada e integrada gerará empregos decentes, segurança alimentar e nutrição para os mais vulneráveis, especialmente as mulheres, os jovens e os mais pobres. / Outcome 2.1: By 2027, a more sustainable, inclusive, diversified and integrated economy generates decent jobs, food security and nutrition for the most vulnerable, especially women, youth and the extreme poor.",1_SPSP 2-2_OC2.1-3_OU2.1.3,"Produto 2.1.3: Mais pessoas, especialmente mulheres, jovens, crianças, pessoas com deficiências, migrantes e extremamente pobres, têm acesso adequado e culturalmente aceite a alimentos seguros e nutritivos em todos os momentos.",2025-03-01,2025-12-31,1_SPSP 2-2_OC2.1-3_OU2.1.3-4_SOU261,179696,Apoio à participação de Cabo Verde nas reuniões dos comitês subsidiários do Codex,FAO,Food and Agriculture Organization of the United Nations,,,,,,,,,,false,,false,,false,,false,,,60000,
1_SPSP 2-2_OC2.1,"Efeito 2.1: Até 2027, uma economia mais sustentável, inclusiva, diversificada e integrada gerará empregos decentes, segurança alimentar e nutrição para os mais vulneráveis, especialmente as mulheres, os jovens e os mais pobres. / Outcome 2.1: By 2027, a more sustainable, inclusive, diversified and integrated economy generates decent jobs, food security and nutrition for the most vulnerable, especially women, youth and the extreme poor.",1_SPSP 2-2_OC2.1-3_OU2.1.3,"Produto 2.1.3: Mais pessoas, especialmente mulheres, jovens, crianças, pessoas com deficiências, migrantes e extremamente pobres, têm acesso adequado e culturalmente aceite a alimentos seguros e nutritivos em todos os momentos.",2025-03-01,2025-12-31,1_SPSP 2-2_OC2.1-3_OU2.1.3-4_SOU261,179696,Apoio à participação de Cabo Verde nas reuniões dos comitês subsidiários do Codex,FAO,Food and Agriculture Organization of the United Nations,FAO-WHO Codex Trust Fund,Multilateral - UN organizations excluding pooled funds,,,,,60000,,,false,,false,42169,false,,false,,,,
1_SPSP 2-2_OC2.1,"Efeito 2.1: Até 2027, uma economia mais sustentável, inclusiva, diversificada e integrada gerará empregos decentes, segurança alimentar e nutrição para os mais vulneráveis, especialmente as mulheres, os jovens e os mais pobres. / Outcome 2.1: By 2027, a more sustainable, inclusive, diversified and integrated economy generates decent jobs, food security and nutrition for the most vulnerable, especially women, youth and the extreme poor.",1_SPSP 2-2_OC2.1-3_OU2.1.3,"Produto 2.1.3: Mais pessoas, especialmente mulheres, jovens, crianças, pessoas com deficiências, migrantes e extremamente pobres, têm acesso adequado e culturalmente aceite a alimentos seguros e nutritivos em todos os momentos.",2025-01-01,2025-12-31,1_SPSP 2-2_OC2.1-3_OU2.1.3-4_SOU267,180503,Assistência técnica para a elaboração da Estratégia Nacional de Segurança Alimentar e Nutricional de Cabo Verde (ENSAN) até o horizonte 2030,FAO,Food and Agriculture Organization of the United Nations,,,,,,,,,,false,,false,,false,,false,,,134049,
1_SPSP 2-2_OC2.1,"Efeito 2.1: Até 2027, uma economia mais sustentável, inclusiva, diversificada e integrada gerará empregos decentes, segurança alimentar e nutrição para os mais vulneráveis, especialmente as mulheres, os jovens e os mais pobres. / Outcome 2.1: By 2027, a more sustainable, inclusive, diversified and integrated economy generates decent jobs, food security and nutrition for the most vulnerable, especially women, youth and the extreme poor.",1_SPSP 2-2_OC2.1-3_OU2.1.3,"Produto 2.1.3: Mais pessoas, especialmente mulheres, jovens, crianças, pessoas com deficiências, migrantes e extremamente pobres, têm acesso adequado e culturalmente aceite a alimentos seguros e nutritivos em todos os momentos.",2025-01-01,2025-12-31,1_SPSP 2-2_OC2.1-3_OU2.1.3-4_SOU267,180503,Assistência técnica para a elaboração da Estratégia Nacional de Segurança Alimentar e Nutricional de Cabo Verde (ENSAN) até o horizonte 2030,FAO,Food and Agriculture Organization of the United Nations,Food and Agriculture Organization of the United Nations,Multilateral - UN organizations excluding pooled funds,,,,,134049,,,false,,false,134049,false,,false,,,,
1_SPSP 2-2_OC2.1,"Efeito 2.1: Até 2027, uma economia mais sustentável, inclusiva, diversificada e integrada gerará empregos decentes, segurança alimentar e nutrição para os mais vulneráveis, especialmente as mulheres, os jovens e os mais pobres. / Outcome 2.1: By 2027, a more sustainable, inclusive, diversified and integrated economy generates decent jobs, food security and nutrition for the most vulnerable, especially women, youth and the extreme poor.",1_SPSP 2-2_OC2.1-3_OU2.1.4,"Produto 2.1.4: Mais pessoas têm acesso a educação e formação técnica e vocacional (TVET) adequadas para habilidades relevantes para o mercado de trabalho atual e futuro, proteção social e empregos decentes.",2023-01-01,2024-12-31,1_SPSP 2-2_OC2.1-3_OU2.1.4-4_SOU1,108631,"Apoiar a realizacão de formação presencial e virtual aos imigrantes em educacão financeira, empreendorismo e gestão de negocios (IOM)	",IOM,International Organization for Migration,,,,,,,,,,false,,false,,false,,false,85000,24422,,
1_SPSP 2-2_OC2.1,"Efeito 2.1: Até 2027, uma economia mais sustentável, inclusiva, diversificada e integrada gerará empregos decentes, segurança alimentar e nutrição para os mais vulneráveis, especialmente as mulheres, os jovens e os mais pobres. / Outcome 2.1: By 2027, a more sustainable, inclusive, diversified and integrated economy generates decent jobs, food security and nutrition for the most vulnerable, especially women, youth and the extreme poor.",1_SPSP 2-2_OC2.1-3_OU2.1.4,"Produto 2.1.4: Mais pessoas têm acesso a educação e formação técnica e vocacional (TVET) adequadas para habilidades relevantes para o mercado de trabalho atual e futuro, proteção social e empregos decentes.",2023-01-01,2024-12-31,1_SPSP 2-2_OC2.1-3_OU2.1.4-4_SOU1,108631,"Apoiar a realizacão de formação presencial e virtual aos imigrantes em educacão financeira, empreendorismo e gestão de negocios (IOM)	",IOM,International Organization for Migration,IOM Development Fund,Multilateral - UN organizations excluding pooled funds,International Organization for Migration,Multilateral - UN organizations excluding pooled funds,85000,24422,,,62169,false,13328,false,,false,,false,,,,
1_SPSP 2-2_OC2.1,"Efeito 2.1: Até 2027, uma economia mais sustentável, inclusiva, diversificada e integrada gerará empregos decentes, segurança alimentar e nutrição para os mais vulneráveis, especialmente as mulheres, os jovens e os mais pobres. / Outcome 2.1: By 2027, a more sustainable, inclusive, diversified and integrated economy generates decent jobs, food security and nutrition for the most vulnerable, especially women, youth and the extreme poor.",1_SPSP 2-2_OC2.1-3_OU2.1.4,"Produto 2.1.4: Mais pessoas têm acesso a educação e formação técnica e vocacional (TVET) adequadas para habilidades relevantes para o mercado de trabalho atual e futuro, proteção social e empregos decentes.",2024-01-01,2024-12-31,1_SPSP 2-2_OC2.1-3_OU2.1.4-4_SOU2,148308,Customização de Cursos de Ensino à Distância da Propriedade Intelectual (PI) para Cabo Verde (WIPO) / Customization of Intellectual Property (IP) Distance Learning Courses for Cabo Verde (WIPO),WIPO,World Intellectual Property Organization,,,,,,,,,,false,,false,,false,,false,,,,
1_SPSP 2-2_OC2.1,"Efeito 2.1: Até 2027, uma economia mais sustentável, inclusiva, diversificada e integrada gerará empregos decentes, segurança alimentar e nutrição para os mais vulneráveis, especialmente as mulheres, os jovens e os mais pobres. / Outcome 2.1: By 2027, a more sustainable, inclusive, diversified and integrated economy generates decent jobs, food security and nutrition for the most vulnerable, especially women, youth and the extreme poor.",1_SPSP 2-2_OC2.1-3_OU2.1.4,"Produto 2.1.4: Mais pessoas têm acesso a educação e formação técnica e vocacional (TVET) adequadas para habilidades relevantes para o mercado de trabalho atual e futuro, proteção social e empregos decentes.",2024-01-01,2024-12-31,1_SPSP 2-2_OC2.1-3_OU2.1.4-4_SOU2,148308,Customização de Cursos de Ensino à Distância da Propriedade Intelectual (PI) para Cabo Verde (WIPO) / Customization of Intellectual Property (IP) Distance Learning Courses for Cabo Verde (WIPO),WIPO,World Intellectual Property Organization,Core Funding,Multilateral - UN organizations excluding pooled funds,,,,,,,,false,,false,,false,,false,,,,
1_SPSP 2-2_OC2.1,"Efeito 2.1: Até 2027, uma economia mais sustentável, inclusiva, diversificada e integrada gerará empregos decentes, segurança alimentar e nutrição para os mais vulneráveis, especialmente as mulheres, os jovens e os mais pobres. / Outcome 2.1: By 2027, a more sustainable, inclusive, diversified and integrated economy generates decent jobs, food security and nutrition for the most vulnerable, especially women, youth and the extreme poor.",1_SPSP 2-2_OC2.1-3_OU2.1.4,"Produto 2.1.4: Mais pessoas têm acesso a educação e formação técnica e vocacional (TVET) adequadas para habilidades relevantes para o mercado de trabalho atual e futuro, proteção social e empregos decentes.",2024-01-01,2024-12-31,1_SPSP 2-2_OC2.1-3_OU2.1.4-4_SOU104,149638,"Apoio à implementação de ideias de negócio de imigrantes na cidade da Praia, através de financiamento e incubação (IOM)",IOM,International Organization for Migration,,,,,,,,,,false,,false,,false,,false,,54269,,
1_SPSP 2-2_OC2.1,"Efeito 2.1: Até 2027, uma economia mais sustentável, inclusiva, diversificada e integrada gerará empregos decentes, segurança alimentar e nutrição para os mais vulneráveis, especialmente as mulheres, os jovens e os mais pobres. / Outcome 2.1: By 2027, a more sustainable, inclusive, diversified and integrated economy generates decent jobs, food security and nutrition for the most vulnerable, especially women, youth and the extreme poor.",1_SPSP 2-2_OC2.1-3_OU2.1.4,"Produto 2.1.4: Mais pessoas têm acesso a educação e formação técnica e vocacional (TVET) adequadas para habilidades relevantes para o mercado de trabalho atual e futuro, proteção social e empregos decentes.",2024-01-01,2024-12-31,1_SPSP 2-2_OC2.1-3_OU2.1.4-4_SOU104,149638,"Apoio à implementação de ideias de negócio de imigrantes na cidade da Praia, através de financiamento e incubação (IOM)",IOM,International Organization for Migration,IOM Development Fund,Multilateral - UN organizations excluding pooled funds,International Organization for Migration,Multilateral - UN organizations excluding pooled funds,,54269,,,,false,32654,false,,false,,false,,,,
1_SPSP 2-2_OC2.1,"Efeito 2.1: Até 2027, uma economia mais sustentável, inclusiva, diversificada e integrada gerará empregos decentes, segurança alimentar e nutrição para os mais vulneráveis, especialmente as mulheres, os jovens e os mais pobres. / Outcome 2.1: By 2027, a more sustainable, inclusive, diversified and integrated economy generates decent jobs, food security and nutrition for the most vulnerable, especially women, youth and the extreme poor.",1_SPSP 2-2_OC2.1-3_OU2.1.4,"Produto 2.1.4: Mais pessoas têm acesso a educação e formação técnica e vocacional (TVET) adequadas para habilidades relevantes para o mercado de trabalho atual e futuro, proteção social e empregos decentes.",2024-04-01,2024-09-30,1_SPSP 2-2_OC2.1-3_OU2.1.4-4_SOU105,156442,uDigital Program: Incubating Future Entrepreneurs of Cape Verde | Pilot Program in Three Universities,UNDP,United Nations Development Programme,,,,,,,,,,false,,false,,false,,false,,25000,,
1_SPSP 2-2_OC2.1,"Efeito 2.1: Até 2027, uma economia mais sustentável, inclusiva, diversificada e integrada gerará empregos decentes, segurança alimentar e nutrição para os mais vulneráveis, especialmente as mulheres, os jovens e os mais pobres. / Outcome 2.1: By 2027, a more sustainable, inclusive, diversified and integrated economy generates decent jobs, food security and nutrition for the most vulnerable, especially women, youth and the extreme poor.",1_SPSP 2-2_OC2.1-3_OU2.1.4,"Produto 2.1.4: Mais pessoas têm acesso a educação e formação técnica e vocacional (TVET) adequadas para habilidades relevantes para o mercado de trabalho atual e futuro, proteção social e empregos decentes.",2024-04-01,2024-09-30,1_SPSP 2-2_OC2.1-3_OU2.1.4-4_SOU105,156442,uDigital Program: Incubating Future Entrepreneurs of Cape Verde | Pilot Program in Three Universities,UNDP,United Nations Development Programme,Core Funding,Multilateral - UN organizations excluding pooled funds,,,,,,,,false,,false,,false,,false,,,,
1_SPSP 2-2_OC2.1,"Efeito 2.1: Até 2027, uma economia mais sustentável, inclusiva, diversificada e integrada gerará empregos decentes, segurança alimentar e nutrição para os mais vulneráveis, especialmente as mulheres, os jovens e os mais pobres. / Outcome 2.1: By 2027, a more sustainable, inclusive, diversified and integrated economy generates decent jobs, food security and nutrition for the most vulnerable, especially women, youth and the extreme poor.",1_SPSP 2-2_OC2.1-3_OU2.1.4,"Produto 2.1.4: Mais pessoas têm acesso a educação e formação técnica e vocacional (TVET) adequadas para habilidades relevantes para o mercado de trabalho atual e futuro, proteção social e empregos decentes.",2025-01-01,2026-07-31,1_SPSP 2-2_OC2.1-3_OU2.1.4-4_SOU106,179196,"Ideias de negócio de imigrantes na cidade da Praia implementadas (2025)(IOM) ",IOM,International Organization for Migration,,,,,,,,,,false,,false,,false,,false,,,85097,54578
1_SPSP 2-2_OC2.1,"Efeito 2.1: Até 2027, uma economia mais sustentável, inclusiva, diversificada e integrada gerará empregos decentes, segurança alimentar e nutrição para os mais vulneráveis, especialmente as mulheres, os jovens e os mais pobres. / Outcome 2.1: By 2027, a more sustainable, inclusive, diversified and integrated economy generates decent jobs, food security and nutrition for the most vulnerable, especially women, youth and the extreme poor.",1_SPSP 2-2_OC2.1-3_OU2.1.4,"Produto 2.1.4: Mais pessoas têm acesso a educação e formação técnica e vocacional (TVET) adequadas para habilidades relevantes para o mercado de trabalho atual e futuro, proteção social e empregos decentes.",2025-01-01,2026-07-31,1_SPSP 2-2_OC2.1-3_OU2.1.4-4_SOU106,179196,"Ideias de negócio de imigrantes na cidade da Praia implementadas (2025)(IOM) ",IOM,International Organization for Migration,IOM Development Fund,Multilateral - UN organizations excluding pooled funds,International Organization for Migration,Multilateral - UN organizations excluding pooled funds,,,85097,54578,,false,,false,50486,false,,false,,,,
1_SPSP 2-2_OC2.1,"Efeito 2.1: Até 2027, uma economia mais sustentável, inclusiva, diversificada e integrada gerará empregos decentes, segurança alimentar e nutrição para os mais vulneráveis, especialmente as mulheres, os jovens e os mais pobres. / Outcome 2.1: By 2027, a more sustainable, inclusive, diversified and integrated economy generates decent jobs, food security and nutrition for the most vulnerable, especially women, youth and the extreme poor.",1_SPSP 2-2_OC2.1-3_OU2.1.4,"Produto 2.1.4: Mais pessoas têm acesso a educação e formação técnica e vocacional (TVET) adequadas para habilidades relevantes para o mercado de trabalho atual e futuro, proteção social e empregos decentes.",2026-06-22,2027-12-28,1_SPSP 2-2_OC2.1-3_OU2.1.4-4_SOU250,179564,: NextGen Cabo Verde: Capacitar Adolescentes e Jovens para o Desenvolvimento Inclusivo,UNICEF,United Nations Children's Fund,,,,,,,,,,,,,,,,,,,,
1_SPSP 2-2_OC2.1,"Efeito 2.1: Até 2027, uma economia mais sustentável, inclusiva, diversificada e integrada gerará empregos decentes, segurança alimentar e nutrição para os mais vulneráveis, especialmente as mulheres, os jovens e os mais pobres. / Outcome 2.1: By 2027, a more sustainable, inclusive, diversified and integrated economy generates decent jobs, food security and nutrition for the most vulnerable, especially women, youth and the extreme poor.",1_SPSP 2-2_OC2.1-3_OU2.1.4,"Produto 2.1.4: Mais pessoas têm acesso a educação e formação técnica e vocacional (TVET) adequadas para habilidades relevantes para o mercado de trabalho atual e futuro, proteção social e empregos decentes.",2025-03-01,2025-12-31,1_SPSP 2-2_OC2.1-3_OU2.1.4-4_SOU259,179692,Apoio ao Conhecimento e Inovação para a Economia Azul e Verde,FAO,Food and Agriculture Organization of the United Nations,,,,,,,,,,false,,false,,false,,false,,,91716,
1_SPSP 2-2_OC2.1,"Efeito 2.1: Até 2027, uma economia mais sustentável, inclusiva, diversificada e integrada gerará empregos decentes, segurança alimentar e nutrição para os mais vulneráveis, especialmente as mulheres, os jovens e os mais pobres. / Outcome 2.1: By 2027, a more sustainable, inclusive, diversified and integrated economy generates decent jobs, food security and nutrition for the most vulnerable, especially women, youth and the extreme poor.",1_SPSP 2-2_OC2.1-3_OU2.1.4,"Produto 2.1.4: Mais pessoas têm acesso a educação e formação técnica e vocacional (TVET) adequadas para habilidades relevantes para o mercado de trabalho atual e futuro, proteção social e empregos decentes.",2025-03-01,2025-12-31,1_SPSP 2-2_OC2.1-3_OU2.1.4-4_SOU259,179692,Apoio ao Conhecimento e Inovação para a Economia Azul e Verde,FAO,Food and Agriculture Organization of the United Nations,Food and Agriculture Organization of the United Nations,Multilateral - UN organizations excluding pooled funds,,,,,91716,,,false,,false,62608,false,,false,,,,
1_SPSP 2-2_OC2.1,"Efeito 2.1: Até 2027, uma economia mais sustentável, inclusiva, diversificada e integrada gerará empregos decentes, segurança alimentar e nutrição para os mais vulneráveis, especialmente as mulheres, os jovens e os mais pobres. / Outcome 2.1: By 2027, a more sustainable, inclusive, diversified and integrated economy generates decent jobs, food security and nutrition for the most vulnerable, especially women, youth and the extreme poor.",1_SPSP 2-2_OC2.1-3_OU2.1.4,"Produto 2.1.4: Mais pessoas têm acesso a educação e formação técnica e vocacional (TVET) adequadas para habilidades relevantes para o mercado de trabalho atual e futuro, proteção social e empregos decentes.",2026-01-01,2026-12-31,1_SPSP 2-2_OC2.1-3_OU2.1.4-4_SOU997,205451,"Youth Empowerment ",UNDP,United Nations Development Programme,,,,,,,,,,false,,false,,false,,false,,,,200000
1_SPSP 2-2_OC2.1,"Efeito 2.1: Até 2027, uma economia mais sustentável, inclusiva, diversificada e integrada gerará empregos decentes, segurança alimentar e nutrição para os mais vulneráveis, especialmente as mulheres, os jovens e os mais pobres. / Outcome 2.1: By 2027, a more sustainable, inclusive, diversified and integrated economy generates decent jobs, food security and nutrition for the most vulnerable, especially women, youth and the extreme poor.",1_SPSP 2-2_OC2.1-3_OU2.1.4,"Produto 2.1.4: Mais pessoas têm acesso a educação e formação técnica e vocacional (TVET) adequadas para habilidades relevantes para o mercado de trabalho atual e futuro, proteção social e empregos decentes.",2026-01-01,2026-12-31,1_SPSP 2-2_OC2.1-3_OU2.1.4-4_SOU997,205451,"Youth Empowerment ",UNDP,United Nations Development Programme,UNDP Global Funds,Multilateral - UN organizations excluding pooled funds,United Nations Development Programme,Multilateral - UN organizations excluding pooled funds,,,,200000,,false,,false,,false,76599,false,,,,
1_SPSP 2-2_OC2.2,"Efeito 2.2: Até 2027, os principais ecossistemas marinhos e terrestres e a biodiversidade estarão melhor protegidos, restaurados e geridos de forma mais sustentável, e a resiliência aos choques e impactos das alterações climáticas será melhorada e mais sensíveis às questões do género. / Outcome 2.2: By 2027, key marine and land ecosystems and biodiversity are better protected, restored, and more sustainably managed and the resilience to shocks and climate change are improved and gender responsive.",1_SPSP 2-2_OC2.2-3_OU2.2.1,"Produto 2.2.1: Mais pessoas e instituições têm conhecimento e consciência da riqueza natural, dos riscos de degradações, e acesso adequado aos serviços e infra-estruturas de gestão dos recursos naturais.",2023-01-01,2024-12-31,1_SPSP 2-2_OC2.2-3_OU2.2.1-4_SOU1,108710,"Melhoria da gestão sustentável da biodiversidade com proteção e restauração de ecossistemas terrestres e marinhos e redução da degradação, contribuindo para a neutralidade carbónica (FAO)	 	",FAO,Food and Agriculture Organization of the United Nations,,,,,,,,,,false,,false,,false,,false,178779,180000,,
1_SPSP 2-2_OC2.2,"Efeito 2.2: Até 2027, os principais ecossistemas marinhos e terrestres e a biodiversidade estarão melhor protegidos, restaurados e geridos de forma mais sustentável, e a resiliência aos choques e impactos das alterações climáticas será melhorada e mais sensíveis às questões do género. / Outcome 2.2: By 2027, key marine and land ecosystems and biodiversity are better protected, restored, and more sustainably managed and the resilience to shocks and climate change are improved and gender responsive.",1_SPSP 2-2_OC2.2-3_OU2.2.1,"Produto 2.2.1: Mais pessoas e instituições têm conhecimento e consciência da riqueza natural, dos riscos de degradações, e acesso adequado aos serviços e infra-estruturas de gestão dos recursos naturais.",2023-01-01,2024-12-31,1_SPSP 2-2_OC2.2-3_OU2.2.1-4_SOU1,108710,"Melhoria da gestão sustentável da biodiversidade com proteção e restauração de ecossistemas terrestres e marinhos e redução da degradação, contribuindo para a neutralidade carbónica (FAO)	 	",FAO,Food and Agriculture Organization of the United Nations,The Global Environment Facility,Multilateral - Global vertical funds,,,78779,180000,,,78779,false,126667,false,,false,,false,,,,
1_SPSP 2-2_OC2.2,"Efeito 2.2: Até 2027, os principais ecossistemas marinhos e terrestres e a biodiversidade estarão melhor protegidos, restaurados e geridos de forma mais sustentável, e a resiliência aos choques e impactos das alterações climáticas será melhorada e mais sensíveis às questões do género. / Outcome 2.2: By 2027, key marine and land ecosystems and biodiversity are better protected, restored, and more sustainably managed and the resilience to shocks and climate change are improved and gender responsive.",1_SPSP 2-2_OC2.2-3_OU2.2.1,"Produto 2.2.1: Mais pessoas e instituições têm conhecimento e consciência da riqueza natural, dos riscos de degradações, e acesso adequado aos serviços e infra-estruturas de gestão dos recursos naturais.",2023-01-01,2024-12-31,1_SPSP 2-2_OC2.2-3_OU2.2.1-4_SOU1,108710,"Melhoria da gestão sustentável da biodiversidade com proteção e restauração de ecossistemas terrestres e marinhos e redução da degradação, contribuindo para a neutralidade carbónica (FAO)	 	",FAO,Food and Agriculture Organization of the United Nations,Green Climate Fund (Readiness and Preparatory Support),Multilateral - Global vertical funds,The Green Climate Fund,Multilateral - Global vertical funds,100000,,,,100000,false,,false,,false,,false,,,,
1_SPSP 2-2_OC2.2,"Efeito 2.2: Até 2027, os principais ecossistemas marinhos e terrestres e a biodiversidade estarão melhor protegidos, restaurados e geridos de forma mais sustentável, e a resiliência aos choques e impactos das alterações climáticas será melhorada e mais sensíveis às questões do género. / Outcome 2.2: By 2027, key marine and land ecosystems and biodiversity are better protected, restored, and more sustainably managed and the resilience to shocks and climate change are improved and gender responsive.",1_SPSP 2-2_OC2.2-3_OU2.2.1,"Produto 2.2.1: Mais pessoas e instituições têm conhecimento e consciência da riqueza natural, dos riscos de degradações, e acesso adequado aos serviços e infra-estruturas de gestão dos recursos naturais.",2023-01-01,2023-12-31,1_SPSP 2-2_OC2.2-3_OU2.2.1-4_SOU2,108711,Promoção de ações que robustecem os níveis de conservação da biodiversidade e que incrementam uma maior resiliencia climática face a limitações hidricas por organizações da sociedade civil dentro e fora das areas protegidas (UNDP)(GEF SGP),UNDP,United Nations Development Programme,,,,,,,,,,true,,false,,false,,false,350000,,,
1_SPSP 2-2_OC2.2,"Efeito 2.2: Até 2027, os principais ecossistemas marinhos e terrestres e a biodiversidade estarão melhor protegidos, restaurados e geridos de forma mais sustentável, e a resiliência aos choques e impactos das alterações climáticas será melhorada e mais sensíveis às questões do género. / Outcome 2.2: By 2027, key marine and land ecosystems and biodiversity are better protected, restored, and more sustainably managed and the resilience to shocks and climate change are improved and gender responsive.",1_SPSP 2-2_OC2.2-3_OU2.2.1,"Produto 2.2.1: Mais pessoas e instituições têm conhecimento e consciência da riqueza natural, dos riscos de degradações, e acesso adequado aos serviços e infra-estruturas de gestão dos recursos naturais.",2023-01-01,2023-12-31,1_SPSP 2-2_OC2.2-3_OU2.2.1-4_SOU2,108711,Promoção de ações que robustecem os níveis de conservação da biodiversidade e que incrementam uma maior resiliencia climática face a limitações hidricas por organizações da sociedade civil dentro e fora das areas protegidas (UNDP)(GEF SGP),UNDP,United Nations Development Programme,Global Environment Facility - Small Grants Programme,Multilateral - Global vertical funds,The Global Environment Facility,Multilateral - Global vertical funds,350000,,,,350000,true,,false,,false,,false,,,,
1_SPSP 2-2_OC2.2,"Efeito 2.2: Até 2027, os principais ecossistemas marinhos e terrestres e a biodiversidade estarão melhor protegidos, restaurados e geridos de forma mais sustentável, e a resiliência aos choques e impactos das alterações climáticas será melhorada e mais sensíveis às questões do género. / Outcome 2.2: By 2027, key marine and land ecosystems and biodiversity are better protected, restored, and more sustainably managed and the resilience to shocks and climate change are improved and gender responsive.",1_SPSP 2-2_OC2.2-3_OU2.2.1,"Produto 2.2.1: Mais pessoas e instituições têm conhecimento e consciência da riqueza natural, dos riscos de degradações, e acesso adequado aos serviços e infra-estruturas de gestão dos recursos naturais.",2023-01-06,2024-12-31,1_SPSP 2-2_OC2.2-3_OU2.2.1-4_SOU3,137424,Uso de energia renovável para promover o desenvolvimento ambiental sustentável em comunidades remotas (UNDP),UNDP,United Nations Development Programme,,,,,,,,,,true,,false,,false,,false,80000,90000,,
1_SPSP 2-2_OC2.2,"Efeito 2.2: Até 2027, os principais ecossistemas marinhos e terrestres e a biodiversidade estarão melhor protegidos, restaurados e geridos de forma mais sustentável, e a resiliência aos choques e impactos das alterações climáticas será melhorada e mais sensíveis às questões do género. / Outcome 2.2: By 2027, key marine and land ecosystems and biodiversity are better protected, restored, and more sustainably managed and the resilience to shocks and climate change are improved and gender responsive.",1_SPSP 2-2_OC2.2-3_OU2.2.1,"Produto 2.2.1: Mais pessoas e instituições têm conhecimento e consciência da riqueza natural, dos riscos de degradações, e acesso adequado aos serviços e infra-estruturas de gestão dos recursos naturais.",2023-01-06,2024-12-31,1_SPSP 2-2_OC2.2-3_OU2.2.1-4_SOU3,137424,Uso de energia renovável para promover o desenvolvimento ambiental sustentável em comunidades remotas (UNDP),UNDP,United Nations Development Programme,Core Funding,Multilateral - UN organizations excluding pooled funds,,,80000,90000,,,80000,true,90000,false,,false,,false,,,,
1_SPSP 2-2_OC2.2,"Efeito 2.2: Até 2027, os principais ecossistemas marinhos e terrestres e a biodiversidade estarão melhor protegidos, restaurados e geridos de forma mais sustentável, e a resiliência aos choques e impactos das alterações climáticas será melhorada e mais sensíveis às questões do género. / Outcome 2.2: By 2027, key marine and land ecosystems and biodiversity are better protected, restored, and more sustainably managed and the resilience to shocks and climate change are improved and gender responsive.",1_SPSP 2-2_OC2.2-3_OU2.2.1,"Produto 2.2.1: Mais pessoas e instituições têm conhecimento e consciência da riqueza natural, dos riscos de degradações, e acesso adequado aos serviços e infra-estruturas de gestão dos recursos naturais.",2024-01-01,2024-12-31,1_SPSP 2-2_OC2.2-3_OU2.2.1-4_SOU4,148275,"Reforçar a capacidade das instituições de ensino superior da Universidade de Cabo Verde em tecnologias digitais, com o objetivo de desenvolver sistemas de informação e gestão de dados para a monitorização e governação dos ecossistemas insulares no contexto do piloto IslandWatch (UNESCO)",UNESCO,"United Nations Educational, Scientific and Cultural Organisation",,,,,,,,,,,,,,,,,,,,
1_SPSP 2-2_OC2.2,"Efeito 2.2: Até 2027, os principais ecossistemas marinhos e terrestres e a biodiversidade estarão melhor protegidos, restaurados e geridos de forma mais sustentável, e a resiliência aos choques e impactos das alterações climáticas será melhorada e mais sensíveis às questões do género. / Outcome 2.2: By 2027, key marine and land ecosystems and biodiversity are better protected, restored, and more sustainably managed and the resilience to shocks and climate change are improved and gender responsive.",1_SPSP 2-2_OC2.2-3_OU2.2.1,"Produto 2.2.1: Mais pessoas e instituições têm conhecimento e consciência da riqueza natural, dos riscos de degradações, e acesso adequado aos serviços e infra-estruturas de gestão dos recursos naturais.",2024-01-01,2024-12-31,1_SPSP 2-2_OC2.2-3_OU2.2.1-4_SOU5,148284,"Reforço de capacidades e investigação em eco-hidrologia para o estabelecimento de um sítio de demonstração de eco-hidrologia na Reserva da Biosfera do maio, Cabo Verde (UNESCO)",UNESCO,"United Nations Educational, Scientific and Cultural Organisation",,,,,,,,,,false,,false,,false,,false,,18000,,
1_SPSP 2-2_OC2.2,"Efeito 2.2: Até 2027, os principais ecossistemas marinhos e terrestres e a biodiversidade estarão melhor protegidos, restaurados e geridos de forma mais sustentável, e a resiliência aos choques e impactos das alterações climáticas será melhorada e mais sensíveis às questões do género. / Outcome 2.2: By 2027, key marine and land ecosystems and biodiversity are better protected, restored, and more sustainably managed and the resilience to shocks and climate change are improved and gender responsive.",1_SPSP 2-2_OC2.2-3_OU2.2.1,"Produto 2.2.1: Mais pessoas e instituições têm conhecimento e consciência da riqueza natural, dos riscos de degradações, e acesso adequado aos serviços e infra-estruturas de gestão dos recursos naturais.",2024-01-01,2024-12-31,1_SPSP 2-2_OC2.2-3_OU2.2.1-4_SOU5,148284,"Reforço de capacidades e investigação em eco-hidrologia para o estabelecimento de um sítio de demonstração de eco-hidrologia na Reserva da Biosfera do maio, Cabo Verde (UNESCO)",UNESCO,"United Nations Educational, Scientific and Cultural Organisation",Core Funding,Multilateral - UN organizations excluding pooled funds,,,,11384,,,,false,11384,false,,false,,false,,,,
1_SPSP 2-2_OC2.2,"Efeito 2.2: Até 2027, os principais ecossistemas marinhos e terrestres e a biodiversidade estarão melhor protegidos, restaurados e geridos de forma mais sustentável, e a resiliência aos choques e impactos das alterações climáticas será melhorada e mais sensíveis às questões do género. / Outcome 2.2: By 2027, key marine and land ecosystems and biodiversity are better protected, restored, and more sustainably managed and the resilience to shocks and climate change are improved and gender responsive.",1_SPSP 2-2_OC2.2-3_OU2.2.1,"Produto 2.2.1: Mais pessoas e instituições têm conhecimento e consciência da riqueza natural, dos riscos de degradações, e acesso adequado aos serviços e infra-estruturas de gestão dos recursos naturais.",2024-01-01,2024-12-31,1_SPSP 2-2_OC2.2-3_OU2.2.1-4_SOU6,148286,Building capacity of the University of Cabo Verde in digital technologies  to monitor coastal environments (UNESCO),UNESCO,"United Nations Educational, Scientific and Cultural Organisation",,,,,,,,,,false,,false,,false,,false,,10000,,
1_SPSP 2-2_OC2.2,"Efeito 2.2: Até 2027, os principais ecossistemas marinhos e terrestres e a biodiversidade estarão melhor protegidos, restaurados e geridos de forma mais sustentável, e a resiliência aos choques e impactos das alterações climáticas será melhorada e mais sensíveis às questões do género. / Outcome 2.2: By 2027, key marine and land ecosystems and biodiversity are better protected, restored, and more sustainably managed and the resilience to shocks and climate change are improved and gender responsive.",1_SPSP 2-2_OC2.2-3_OU2.2.1,"Produto 2.2.1: Mais pessoas e instituições têm conhecimento e consciência da riqueza natural, dos riscos de degradações, e acesso adequado aos serviços e infra-estruturas de gestão dos recursos naturais.",2024-01-01,2024-12-31,1_SPSP 2-2_OC2.2-3_OU2.2.1-4_SOU6,148286,Building capacity of the University of Cabo Verde in digital technologies  to monitor coastal environments (UNESCO),UNESCO,"United Nations Educational, Scientific and Cultural Organisation",Core Funding,Multilateral - UN organizations excluding pooled funds,,,,,,,,false,,false,,false,,false,,,,
1_SPSP 2-2_OC2.2,"Efeito 2.2: Até 2027, os principais ecossistemas marinhos e terrestres e a biodiversidade estarão melhor protegidos, restaurados e geridos de forma mais sustentável, e a resiliência aos choques e impactos das alterações climáticas será melhorada e mais sensíveis às questões do género. / Outcome 2.2: By 2027, key marine and land ecosystems and biodiversity are better protected, restored, and more sustainably managed and the resilience to shocks and climate change are improved and gender responsive.",1_SPSP 2-2_OC2.2-3_OU2.2.1,"Produto 2.2.1: Mais pessoas e instituições têm conhecimento e consciência da riqueza natural, dos riscos de degradações, e acesso adequado aos serviços e infra-estruturas de gestão dos recursos naturais.",2024-01-01,2024-12-31,1_SPSP 2-2_OC2.2-3_OU2.2.1-4_SOU25,149599,"Promover soluções baseadas na natureza, que reduzem as vulnerabilidades climáticas, e que reforcem a adaptabilidade e a resiliência, através de ações de conservação de recursos naturais (UNDP)(GEF SGP)",UNDP,United Nations Development Programme,,,,,,,,,,false,,false,,false,,false,,376000,,
1_SPSP 2-2_OC2.2,"Efeito 2.2: Até 2027, os principais ecossistemas marinhos e terrestres e a biodiversidade estarão melhor protegidos, restaurados e geridos de forma mais sustentável, e a resiliência aos choques e impactos das alterações climáticas será melhorada e mais sensíveis às questões do género. / Outcome 2.2: By 2027, key marine and land ecosystems and biodiversity are better protected, restored, and more sustainably managed and the resilience to shocks and climate change are improved and gender responsive.",1_SPSP 2-2_OC2.2-3_OU2.2.1,"Produto 2.2.1: Mais pessoas e instituições têm conhecimento e consciência da riqueza natural, dos riscos de degradações, e acesso adequado aos serviços e infra-estruturas de gestão dos recursos naturais.",2024-01-01,2024-12-31,1_SPSP 2-2_OC2.2-3_OU2.2.1-4_SOU25,149599,"Promover soluções baseadas na natureza, que reduzem as vulnerabilidades climáticas, e que reforcem a adaptabilidade e a resiliência, através de ações de conservação de recursos naturais (UNDP)(GEF SGP)",UNDP,United Nations Development Programme,Global Environment Facility - Small Grants Programme,Multilateral - Global vertical funds,The Global Environment Facility,Multilateral - Global vertical funds,,376000,,,,false,376000,false,,false,,false,,,,
1_SPSP 2-2_OC2.2,"Efeito 2.2: Até 2027, os principais ecossistemas marinhos e terrestres e a biodiversidade estarão melhor protegidos, restaurados e geridos de forma mais sustentável, e a resiliência aos choques e impactos das alterações climáticas será melhorada e mais sensíveis às questões do género. / Outcome 2.2: By 2027, key marine and land ecosystems and biodiversity are better protected, restored, and more sustainably managed and the resilience to shocks and climate change are improved and gender responsive.",1_SPSP 2-2_OC2.2-3_OU2.2.1,"Produto 2.2.1: Mais pessoas e instituições têm conhecimento e consciência da riqueza natural, dos riscos de degradações, e acesso adequado aos serviços e infra-estruturas de gestão dos recursos naturais.",2024-04-04,2024-12-04,1_SPSP 2-2_OC2.2-3_OU2.2.1-4_SOU26,152154,"CHANGE(L)IT App - Sustentar, ligar, mudar (UNDP)(Accelerator Lab)",UNDP,United Nations Development Programme,,,,,,,,,,false,,false,,false,,false,,10000,,
1_SPSP 2-2_OC2.2,"Efeito 2.2: Até 2027, os principais ecossistemas marinhos e terrestres e a biodiversidade estarão melhor protegidos, restaurados e geridos de forma mais sustentável, e a resiliência aos choques e impactos das alterações climáticas será melhorada e mais sensíveis às questões do género. / Outcome 2.2: By 2027, key marine and land ecosystems and biodiversity are better protected, restored, and more sustainably managed and the resilience to shocks and climate change are improved and gender responsive.",1_SPSP 2-2_OC2.2-3_OU2.2.1,"Produto 2.2.1: Mais pessoas e instituições têm conhecimento e consciência da riqueza natural, dos riscos de degradações, e acesso adequado aos serviços e infra-estruturas de gestão dos recursos naturais.",2024-04-04,2024-12-04,1_SPSP 2-2_OC2.2-3_OU2.2.1-4_SOU26,152154,"CHANGE(L)IT App - Sustentar, ligar, mudar (UNDP)(Accelerator Lab)",UNDP,United Nations Development Programme,Core Funding,Multilateral - UN organizations excluding pooled funds,,,,10000,,,,false,10000,false,,false,,false,,,,
1_SPSP 2-2_OC2.2,"Efeito 2.2: Até 2027, os principais ecossistemas marinhos e terrestres e a biodiversidade estarão melhor protegidos, restaurados e geridos de forma mais sustentável, e a resiliência aos choques e impactos das alterações climáticas será melhorada e mais sensíveis às questões do género. / Outcome 2.2: By 2027, key marine and land ecosystems and biodiversity are better protected, restored, and more sustainably managed and the resilience to shocks and climate change are improved and gender responsive.",1_SPSP 2-2_OC2.2-3_OU2.2.1,"Produto 2.2.1: Mais pessoas e instituições têm conhecimento e consciência da riqueza natural, dos riscos de degradações, e acesso adequado aos serviços e infra-estruturas de gestão dos recursos naturais.",2025-01-01,2025-12-31,1_SPSP 2-2_OC2.2-3_OU2.2.1-4_SOU231,178956,Capacidades de atores locais reforçadas nas ações de combate à desertificação e restauração de solos degradados (2025),UNDP,United Nations Development Programme,,,,,,,,,,false,,false,,true,,false,,,74000,
1_SPSP 2-2_OC2.2,"Efeito 2.2: Até 2027, os principais ecossistemas marinhos e terrestres e a biodiversidade estarão melhor protegidos, restaurados e geridos de forma mais sustentável, e a resiliência aos choques e impactos das alterações climáticas será melhorada e mais sensíveis às questões do género. / Outcome 2.2: By 2027, key marine and land ecosystems and biodiversity are better protected, restored, and more sustainably managed and the resilience to shocks and climate change are improved and gender responsive.",1_SPSP 2-2_OC2.2-3_OU2.2.1,"Produto 2.2.1: Mais pessoas e instituições têm conhecimento e consciência da riqueza natural, dos riscos de degradações, e acesso adequado aos serviços e infra-estruturas de gestão dos recursos naturais.",2025-01-01,2025-12-31,1_SPSP 2-2_OC2.2-3_OU2.2.1-4_SOU231,178956,Capacidades de atores locais reforçadas nas ações de combate à desertificação e restauração de solos degradados (2025),UNDP,United Nations Development Programme,Global Environment Facility - Small Grants Programme,Multilateral - Global vertical funds,The Global Environment Facility,Multilateral - Global vertical funds,,,74000,,,false,,false,74000,true,,false,,,,
1_SPSP 2-2_OC2.2,"Efeito 2.2: Até 2027, os principais ecossistemas marinhos e terrestres e a biodiversidade estarão melhor protegidos, restaurados e geridos de forma mais sustentável, e a resiliência aos choques e impactos das alterações climáticas será melhorada e mais sensíveis às questões do género. / Outcome 2.2: By 2027, key marine and land ecosystems and biodiversity are better protected, restored, and more sustainably managed and the resilience to shocks and climate change are improved and gender responsive.",1_SPSP 2-2_OC2.2-3_OU2.2.1,"Produto 2.2.1: Mais pessoas e instituições têm conhecimento e consciência da riqueza natural, dos riscos de degradações, e acesso adequado aos serviços e infra-estruturas de gestão dos recursos naturais.",2026-01-01,2026-12-31,1_SPSP 2-2_OC2.2-3_OU2.2.1-4_SOU232,208681,"Capacidades das organizações da sociedade civil são reforçadas para uma cogestão eficaz de soluções baseadas na natureza, inclusivas e sensíveis ao género, que promovem a conservação da biodiversidade, a neutralidade da degradação das terras e um desenvolvimento resiliente e de baixas emissões de carbono",UNDP,United Nations Development Programme,,,,,,,,,,false,,false,,false,,false,,,,450000
1_SPSP 2-2_OC2.2,"Efeito 2.2: Até 2027, os principais ecossistemas marinhos e terrestres e a biodiversidade estarão melhor protegidos, restaurados e geridos de forma mais sustentável, e a resiliência aos choques e impactos das alterações climáticas será melhorada e mais sensíveis às questões do género. / Outcome 2.2: By 2027, key marine and land ecosystems and biodiversity are better protected, restored, and more sustainably managed and the resilience to shocks and climate change are improved and gender responsive.",1_SPSP 2-2_OC2.2-3_OU2.2.1,"Produto 2.2.1: Mais pessoas e instituições têm conhecimento e consciência da riqueza natural, dos riscos de degradações, e acesso adequado aos serviços e infra-estruturas de gestão dos recursos naturais.",2026-01-01,2026-12-31,1_SPSP 2-2_OC2.2-3_OU2.2.1-4_SOU232,208681,"Capacidades das organizações da sociedade civil são reforçadas para uma cogestão eficaz de soluções baseadas na natureza, inclusivas e sensíveis ao género, que promovem a conservação da biodiversidade, a neutralidade da degradação das terras e um desenvolvimento resiliente e de baixas emissões de carbono",UNDP,United Nations Development Programme,Global Environment Facility - Small Grants Programme,Multilateral - Global vertical funds,The Global Environment Facility,Multilateral - Global vertical funds,,,,437000,,false,,false,,false,,false,,,,
1_SPSP 2-2_OC2.2,"Efeito 2.2: Até 2027, os principais ecossistemas marinhos e terrestres e a biodiversidade estarão melhor protegidos, restaurados e geridos de forma mais sustentável, e a resiliência aos choques e impactos das alterações climáticas será melhorada e mais sensíveis às questões do género. / Outcome 2.2: By 2027, key marine and land ecosystems and biodiversity are better protected, restored, and more sustainably managed and the resilience to shocks and climate change are improved and gender responsive.",1_SPSP 2-2_OC2.2-3_OU2.2.1,"Produto 2.2.1: Mais pessoas e instituições têm conhecimento e consciência da riqueza natural, dos riscos de degradações, e acesso adequado aos serviços e infra-estruturas de gestão dos recursos naturais.",2025-12-01,2027-12-31,1_SPSP 2-2_OC2.2-3_OU2.2.1-4_SOU241,212003,Climate Smart Education Systems Initiative (CSESI),UNESCO,"United Nations Educational, Scientific and Cultural Organisation",,,,,,,,,,false,,false,,false,,false,,,,200000
1_SPSP 2-2_OC2.2,"Efeito 2.2: Até 2027, os principais ecossistemas marinhos e terrestres e a biodiversidade estarão melhor protegidos, restaurados e geridos de forma mais sustentável, e a resiliência aos choques e impactos das alterações climáticas será melhorada e mais sensíveis às questões do género. / Outcome 2.2: By 2027, key marine and land ecosystems and biodiversity are better protected, restored, and more sustainably managed and the resilience to shocks and climate change are improved and gender responsive.",1_SPSP 2-2_OC2.2-3_OU2.2.1,"Produto 2.2.1: Mais pessoas e instituições têm conhecimento e consciência da riqueza natural, dos riscos de degradações, e acesso adequado aos serviços e infra-estruturas de gestão dos recursos naturais.",2025-12-01,2027-12-31,1_SPSP 2-2_OC2.2-3_OU2.2.1-4_SOU241,212003,Climate Smart Education Systems Initiative (CSESI),UNESCO,"United Nations Educational, Scientific and Cultural Organisation",Save the Children,International NGO,,,,,,,,false,,false,,false,,false,,,,
1_SPSP 2-2_OC2.2,"Efeito 2.2: Até 2027, os principais ecossistemas marinhos e terrestres e a biodiversidade estarão melhor protegidos, restaurados e geridos de forma mais sustentável, e a resiliência aos choques e impactos das alterações climáticas será melhorada e mais sensíveis às questões do género. / Outcome 2.2: By 2027, key marine and land ecosystems and biodiversity are better protected, restored, and more sustainably managed and the resilience to shocks and climate change are improved and gender responsive.",1_SPSP 2-2_OC2.2-3_OU2.2.1,"Produto 2.2.1: Mais pessoas e instituições têm conhecimento e consciência da riqueza natural, dos riscos de degradações, e acesso adequado aos serviços e infra-estruturas de gestão dos recursos naturais.",2025-12-01,2027-12-31,1_SPSP 2-2_OC2.2-3_OU2.2.1-4_SOU241,212003,Climate Smart Education Systems Initiative (CSESI),UNESCO,"United Nations Educational, Scientific and Cultural Organisation",UNESCO International Institute for Educational Planning,Public Private Partnership,,,,,,,,false,,false,,false,,false,,,,
1_SPSP 2-2_OC2.2,"Efeito 2.2: Até 2027, os principais ecossistemas marinhos e terrestres e a biodiversidade estarão melhor protegidos, restaurados e geridos de forma mais sustentável, e a resiliência aos choques e impactos das alterações climáticas será melhorada e mais sensíveis às questões do género. / Outcome 2.2: By 2027, key marine and land ecosystems and biodiversity are better protected, restored, and more sustainably managed and the resilience to shocks and climate change are improved and gender responsive.",1_SPSP 2-2_OC2.2-3_OU2.2.1,"Produto 2.2.1: Mais pessoas e instituições têm conhecimento e consciência da riqueza natural, dos riscos de degradações, e acesso adequado aos serviços e infra-estruturas de gestão dos recursos naturais.",2024-12-01,2026-12-31,1_SPSP 2-2_OC2.2-3_OU2.2.1-4_SOU242,212005,Education for Sustainable Development (ESD) for 2030 Country Initiative,UNESCO,"United Nations Educational, Scientific and Cultural Organisation",,,,,,,,,,false,,false,,false,,false,,,,17000
1_SPSP 2-2_OC2.2,"Efeito 2.2: Até 2027, os principais ecossistemas marinhos e terrestres e a biodiversidade estarão melhor protegidos, restaurados e geridos de forma mais sustentável, e a resiliência aos choques e impactos das alterações climáticas será melhorada e mais sensíveis às questões do género. / Outcome 2.2: By 2027, key marine and land ecosystems and biodiversity are better protected, restored, and more sustainably managed and the resilience to shocks and climate change are improved and gender responsive.",1_SPSP 2-2_OC2.2-3_OU2.2.1,"Produto 2.2.1: Mais pessoas e instituições têm conhecimento e consciência da riqueza natural, dos riscos de degradações, e acesso adequado aos serviços e infra-estruturas de gestão dos recursos naturais.",2024-12-01,2026-12-31,1_SPSP 2-2_OC2.2-3_OU2.2.1-4_SOU242,212005,Education for Sustainable Development (ESD) for 2030 Country Initiative,UNESCO,"United Nations Educational, Scientific and Cultural Organisation",Cabo Verde,Government,,,,,,17000,,false,,false,,false,,false,,,,
1_SPSP 2-2_OC2.2,"Efeito 2.2: Até 2027, os principais ecossistemas marinhos e terrestres e a biodiversidade estarão melhor protegidos, restaurados e geridos de forma mais sustentável, e a resiliência aos choques e impactos das alterações climáticas será melhorada e mais sensíveis às questões do género. / Outcome 2.2: By 2027, key marine and land ecosystems and biodiversity are better protected, restored, and more sustainably managed and the resilience to shocks and climate change are improved and gender responsive.",1_SPSP 2-2_OC2.2-3_OU2.2.1,"Produto 2.2.1: Mais pessoas e instituições têm conhecimento e consciência da riqueza natural, dos riscos de degradações, e acesso adequado aos serviços e infra-estruturas de gestão dos recursos naturais.",2025-06-30,2025-12-31,1_SPSP 2-2_OC2.2-3_OU2.2.1-4_SOU267,208687,"WASH program ",UNICEF,United Nations Children's Fund,,,,,,,,,,false,,false,,false,,false,,,76000,
1_SPSP 2-2_OC2.2,"Efeito 2.2: Até 2027, os principais ecossistemas marinhos e terrestres e a biodiversidade estarão melhor protegidos, restaurados e geridos de forma mais sustentável, e a resiliência aos choques e impactos das alterações climáticas será melhorada e mais sensíveis às questões do género. / Outcome 2.2: By 2027, key marine and land ecosystems and biodiversity are better protected, restored, and more sustainably managed and the resilience to shocks and climate change are improved and gender responsive.",1_SPSP 2-2_OC2.2-3_OU2.2.1,"Produto 2.2.1: Mais pessoas e instituições têm conhecimento e consciência da riqueza natural, dos riscos de degradações, e acesso adequado aos serviços e infra-estruturas de gestão dos recursos naturais.",2025-06-30,2025-12-31,1_SPSP 2-2_OC2.2-3_OU2.2.1-4_SOU267,208687,"WASH program ",UNICEF,United Nations Children's Fund,CM Maio,Government,,,,,76000,,,false,,false,76000,false,,false,,,,
1_SPSP 2-2_OC2.2,"Efeito 2.2: Até 2027, os principais ecossistemas marinhos e terrestres e a biodiversidade estarão melhor protegidos, restaurados e geridos de forma mais sustentável, e a resiliência aos choques e impactos das alterações climáticas será melhorada e mais sensíveis às questões do género. / Outcome 2.2: By 2027, key marine and land ecosystems and biodiversity are better protected, restored, and more sustainably managed and the resilience to shocks and climate change are improved and gender responsive.",1_SPSP 2-2_OC2.2-3_OU2.2.1,"Produto 2.2.1: Mais pessoas e instituições têm conhecimento e consciência da riqueza natural, dos riscos de degradações, e acesso adequado aos serviços e infra-estruturas de gestão dos recursos naturais.",2025-06-30,2025-12-31,1_SPSP 2-2_OC2.2-3_OU2.2.1-4_SOU267,208687,"WASH program ",UNDP,United Nations Development Programme,,,,,,,,,,,,,,,,,,,,
1_SPSP 2-2_OC2.2,"Efeito 2.2: Até 2027, os principais ecossistemas marinhos e terrestres e a biodiversidade estarão melhor protegidos, restaurados e geridos de forma mais sustentável, e a resiliência aos choques e impactos das alterações climáticas será melhorada e mais sensíveis às questões do género. / Outcome 2.2: By 2027, key marine and land ecosystems and biodiversity are better protected, restored, and more sustainably managed and the resilience to shocks and climate change are improved and gender responsive.",1_SPSP 2-2_OC2.2-3_OU2.2.2,"Produto 2.2.2: As instituições nacionais reforçam as capacidades para a conservação, restauração e valorização dos ecossistemas e da biodiversidade, incluindo com sistemas de monitorização, informação, protecção e gestão dos recursos naturais, acesso ao financiamento climático, e relatórios sobre os compromissos globais.",2023-01-01,2024-12-31,1_SPSP 2-2_OC2.2-3_OU2.2.2-4_SOU1,108712,Reforço das capacidades nacionais em matéria de políticas e planeamento para adaptação às mudanças climáticas (UNIDO)	,UNIDO,United Nations Industrial Development Organization,,,,,,,,,,false,,false,,false,,false,149500,79328,,
1_SPSP 2-2_OC2.2,"Efeito 2.2: Até 2027, os principais ecossistemas marinhos e terrestres e a biodiversidade estarão melhor protegidos, restaurados e geridos de forma mais sustentável, e a resiliência aos choques e impactos das alterações climáticas será melhorada e mais sensíveis às questões do género. / Outcome 2.2: By 2027, key marine and land ecosystems and biodiversity are better protected, restored, and more sustainably managed and the resilience to shocks and climate change are improved and gender responsive.",1_SPSP 2-2_OC2.2-3_OU2.2.2,"Produto 2.2.2: As instituições nacionais reforçam as capacidades para a conservação, restauração e valorização dos ecossistemas e da biodiversidade, incluindo com sistemas de monitorização, informação, protecção e gestão dos recursos naturais, acesso ao financiamento climático, e relatórios sobre os compromissos globais.",2023-01-01,2024-12-31,1_SPSP 2-2_OC2.2-3_OU2.2.2-4_SOU1,108712,Reforço das capacidades nacionais em matéria de políticas e planeamento para adaptação às mudanças climáticas (UNIDO)	,UNIDO,United Nations Industrial Development Organization,The Green Climate Fund,Multilateral - Global vertical funds,,,149500,79328,,,,false,79328,false,,false,,false,,,,
1_SPSP 2-2_OC2.2,"Efeito 2.2: Até 2027, os principais ecossistemas marinhos e terrestres e a biodiversidade estarão melhor protegidos, restaurados e geridos de forma mais sustentável, e a resiliência aos choques e impactos das alterações climáticas será melhorada e mais sensíveis às questões do género. / Outcome 2.2: By 2027, key marine and land ecosystems and biodiversity are better protected, restored, and more sustainably managed and the resilience to shocks and climate change are improved and gender responsive.",1_SPSP 2-2_OC2.2-3_OU2.2.2,"Produto 2.2.2: As instituições nacionais reforçam as capacidades para a conservação, restauração e valorização dos ecossistemas e da biodiversidade, incluindo com sistemas de monitorização, informação, protecção e gestão dos recursos naturais, acesso ao financiamento climático, e relatórios sobre os compromissos globais.",2023-01-01,2024-12-31,1_SPSP 2-2_OC2.2-3_OU2.2.2-4_SOU2,108713,Reforço das capacidades nacionais de entidades-chave para elaborar  e submeter o Quarto Relatório Nacional de Comunicação e Primeira Atualização Bienal para Cabo Verde no âmbito da UNFCCC (UNDP)	,UNDP,United Nations Development Programme,,,,,,,,,,true,,false,,false,,false,400000,150000,,
1_SPSP 2-2_OC2.2,"Efeito 2.2: Até 2027, os principais ecossistemas marinhos e terrestres e a biodiversidade estarão melhor protegidos, restaurados e geridos de forma mais sustentável, e a resiliência aos choques e impactos das alterações climáticas será melhorada e mais sensíveis às questões do género. / Outcome 2.2: By 2027, key marine and land ecosystems and biodiversity are better protected, restored, and more sustainably managed and the resilience to shocks and climate change are improved and gender responsive.",1_SPSP 2-2_OC2.2-3_OU2.2.2,"Produto 2.2.2: As instituições nacionais reforçam as capacidades para a conservação, restauração e valorização dos ecossistemas e da biodiversidade, incluindo com sistemas de monitorização, informação, protecção e gestão dos recursos naturais, acesso ao financiamento climático, e relatórios sobre os compromissos globais.",2023-01-01,2024-12-31,1_SPSP 2-2_OC2.2-3_OU2.2.2-4_SOU2,108713,Reforço das capacidades nacionais de entidades-chave para elaborar  e submeter o Quarto Relatório Nacional de Comunicação e Primeira Atualização Bienal para Cabo Verde no âmbito da UNFCCC (UNDP)	,UNDP,United Nations Development Programme,The Global Environment Facility,Multilateral - Global vertical funds,,,400000,150000,,,385000,true,149124,false,,false,,false,,,,
1_SPSP 2-2_OC2.2,"Efeito 2.2: Até 2027, os principais ecossistemas marinhos e terrestres e a biodiversidade estarão melhor protegidos, restaurados e geridos de forma mais sustentável, e a resiliência aos choques e impactos das alterações climáticas será melhorada e mais sensíveis às questões do género. / Outcome 2.2: By 2027, key marine and land ecosystems and biodiversity are better protected, restored, and more sustainably managed and the resilience to shocks and climate change are improved and gender responsive.",1_SPSP 2-2_OC2.2-3_OU2.2.2,"Produto 2.2.2: As instituições nacionais reforçam as capacidades para a conservação, restauração e valorização dos ecossistemas e da biodiversidade, incluindo com sistemas de monitorização, informação, protecção e gestão dos recursos naturais, acesso ao financiamento climático, e relatórios sobre os compromissos globais.",2023-01-01,2024-12-31,1_SPSP 2-2_OC2.2-3_OU2.2.2-4_SOU3,108715,Reforço das capacidades técnicas de entidades nacionais-chave através da implementação de um programa de formação na área das mudanças climáticas (UNDP)	,UNDP,United Nations Development Programme,,,,,,,,,,true,,false,,false,,false,119527,148299,,
1_SPSP 2-2_OC2.2,"Efeito 2.2: Até 2027, os principais ecossistemas marinhos e terrestres e a biodiversidade estarão melhor protegidos, restaurados e geridos de forma mais sustentável, e a resiliência aos choques e impactos das alterações climáticas será melhorada e mais sensíveis às questões do género. / Outcome 2.2: By 2027, key marine and land ecosystems and biodiversity are better protected, restored, and more sustainably managed and the resilience to shocks and climate change are improved and gender responsive.",1_SPSP 2-2_OC2.2-3_OU2.2.2,"Produto 2.2.2: As instituições nacionais reforçam as capacidades para a conservação, restauração e valorização dos ecossistemas e da biodiversidade, incluindo com sistemas de monitorização, informação, protecção e gestão dos recursos naturais, acesso ao financiamento climático, e relatórios sobre os compromissos globais.",2023-01-01,2024-12-31,1_SPSP 2-2_OC2.2-3_OU2.2.2-4_SOU3,108715,Reforço das capacidades técnicas de entidades nacionais-chave através da implementação de um programa de formação na área das mudanças climáticas (UNDP)	,UNDP,United Nations Development Programme,The Global Environment Facility,Multilateral - Global vertical funds,,,119527,148299,,,119527,true,122876,false,,false,,false,,,,
1_SPSP 2-2_OC2.2,"Efeito 2.2: Até 2027, os principais ecossistemas marinhos e terrestres e a biodiversidade estarão melhor protegidos, restaurados e geridos de forma mais sustentável, e a resiliência aos choques e impactos das alterações climáticas será melhorada e mais sensíveis às questões do género. / Outcome 2.2: By 2027, key marine and land ecosystems and biodiversity are better protected, restored, and more sustainably managed and the resilience to shocks and climate change are improved and gender responsive.",1_SPSP 2-2_OC2.2-3_OU2.2.2,"Produto 2.2.2: As instituições nacionais reforçam as capacidades para a conservação, restauração e valorização dos ecossistemas e da biodiversidade, incluindo com sistemas de monitorização, informação, protecção e gestão dos recursos naturais, acesso ao financiamento climático, e relatórios sobre os compromissos globais.",2023-01-01,2024-12-31,1_SPSP 2-2_OC2.2-3_OU2.2.2-4_SOU4,108716,Apoio ao desenvolvimento de conhecimentos e capacidades de gestão integrada da paisagem para suporte de planeamento das intervenções de restauração da vegetação e conservação de solos (FAO)	 	,FAO,Food and Agriculture Organization of the United Nations,,,,,,,,,,false,,false,,false,,false,282578,270000,,
1_SPSP 2-2_OC2.2,"Efeito 2.2: Até 2027, os principais ecossistemas marinhos e terrestres e a biodiversidade estarão melhor protegidos, restaurados e geridos de forma mais sustentável, e a resiliência aos choques e impactos das alterações climáticas será melhorada e mais sensíveis às questões do género. / Outcome 2.2: By 2027, key marine and land ecosystems and biodiversity are better protected, restored, and more sustainably managed and the resilience to shocks and climate change are improved and gender responsive.",1_SPSP 2-2_OC2.2-3_OU2.2.2,"Produto 2.2.2: As instituições nacionais reforçam as capacidades para a conservação, restauração e valorização dos ecossistemas e da biodiversidade, incluindo com sistemas de monitorização, informação, protecção e gestão dos recursos naturais, acesso ao financiamento climático, e relatórios sobre os compromissos globais.",2023-01-01,2024-12-31,1_SPSP 2-2_OC2.2-3_OU2.2.2-4_SOU4,108716,Apoio ao desenvolvimento de conhecimentos e capacidades de gestão integrada da paisagem para suporte de planeamento das intervenções de restauração da vegetação e conservação de solos (FAO)	 	,FAO,Food and Agriculture Organization of the United Nations,Core Funding,Multilateral - UN organizations excluding pooled funds,,,232578,200000,,,159684,false,200000,false,,false,,false,,,,
1_SPSP 2-2_OC2.2,"Efeito 2.2: Até 2027, os principais ecossistemas marinhos e terrestres e a biodiversidade estarão melhor protegidos, restaurados e geridos de forma mais sustentável, e a resiliência aos choques e impactos das alterações climáticas será melhorada e mais sensíveis às questões do género. / Outcome 2.2: By 2027, key marine and land ecosystems and biodiversity are better protected, restored, and more sustainably managed and the resilience to shocks and climate change are improved and gender responsive.",1_SPSP 2-2_OC2.2-3_OU2.2.2,"Produto 2.2.2: As instituições nacionais reforçam as capacidades para a conservação, restauração e valorização dos ecossistemas e da biodiversidade, incluindo com sistemas de monitorização, informação, protecção e gestão dos recursos naturais, acesso ao financiamento climático, e relatórios sobre os compromissos globais.",2023-01-01,2024-12-31,1_SPSP 2-2_OC2.2-3_OU2.2.2-4_SOU4,108716,Apoio ao desenvolvimento de conhecimentos e capacidades de gestão integrada da paisagem para suporte de planeamento das intervenções de restauração da vegetação e conservação de solos (FAO)	 	,FAO,Food and Agriculture Organization of the United Nations,The Global Environment Facility,Multilateral - Global vertical funds,,,50000,70000,,,50000,false,64039,false,,false,,false,,,,
1_SPSP 2-2_OC2.2,"Efeito 2.2: Até 2027, os principais ecossistemas marinhos e terrestres e a biodiversidade estarão melhor protegidos, restaurados e geridos de forma mais sustentável, e a resiliência aos choques e impactos das alterações climáticas será melhorada e mais sensíveis às questões do género. / Outcome 2.2: By 2027, key marine and land ecosystems and biodiversity are better protected, restored, and more sustainably managed and the resilience to shocks and climate change are improved and gender responsive.",1_SPSP 2-2_OC2.2-3_OU2.2.2,"Produto 2.2.2: As instituições nacionais reforçam as capacidades para a conservação, restauração e valorização dos ecossistemas e da biodiversidade, incluindo com sistemas de monitorização, informação, protecção e gestão dos recursos naturais, acesso ao financiamento climático, e relatórios sobre os compromissos globais.",2023-01-01,2024-12-31,1_SPSP 2-2_OC2.2-3_OU2.2.2-4_SOU5,108717,Promoção do uso de tecnologias adequadas à utilização sustentável dos solos no setor AFOLU e no setor das pescas (FAO),FAO,Food and Agriculture Organization of the United Nations,,,,,,,,,,false,,false,,false,,false,125000,100000,,
1_SPSP 2-2_OC2.2,"Efeito 2.2: Até 2027, os principais ecossistemas marinhos e terrestres e a biodiversidade estarão melhor protegidos, restaurados e geridos de forma mais sustentável, e a resiliência aos choques e impactos das alterações climáticas será melhorada e mais sensíveis às questões do género. / Outcome 2.2: By 2027, key marine and land ecosystems and biodiversity are better protected, restored, and more sustainably managed and the resilience to shocks and climate change are improved and gender responsive.",1_SPSP 2-2_OC2.2-3_OU2.2.2,"Produto 2.2.2: As instituições nacionais reforçam as capacidades para a conservação, restauração e valorização dos ecossistemas e da biodiversidade, incluindo com sistemas de monitorização, informação, protecção e gestão dos recursos naturais, acesso ao financiamento climático, e relatórios sobre os compromissos globais.",2023-01-01,2024-12-31,1_SPSP 2-2_OC2.2-3_OU2.2.2-4_SOU5,108717,Promoção do uso de tecnologias adequadas à utilização sustentável dos solos no setor AFOLU e no setor das pescas (FAO),FAO,Food and Agriculture Organization of the United Nations,Core Funding,Multilateral - UN organizations excluding pooled funds,,,75000,100000,,,55558,false,,false,,false,,false,,,,
1_SPSP 2-2_OC2.2,"Efeito 2.2: Até 2027, os principais ecossistemas marinhos e terrestres e a biodiversidade estarão melhor protegidos, restaurados e geridos de forma mais sustentável, e a resiliência aos choques e impactos das alterações climáticas será melhorada e mais sensíveis às questões do género. / Outcome 2.2: By 2027, key marine and land ecosystems and biodiversity are better protected, restored, and more sustainably managed and the resilience to shocks and climate change are improved and gender responsive.",1_SPSP 2-2_OC2.2-3_OU2.2.2,"Produto 2.2.2: As instituições nacionais reforçam as capacidades para a conservação, restauração e valorização dos ecossistemas e da biodiversidade, incluindo com sistemas de monitorização, informação, protecção e gestão dos recursos naturais, acesso ao financiamento climático, e relatórios sobre os compromissos globais.",2023-01-01,2024-12-31,1_SPSP 2-2_OC2.2-3_OU2.2.2-4_SOU5,108717,Promoção do uso de tecnologias adequadas à utilização sustentável dos solos no setor AFOLU e no setor das pescas (FAO),FAO,Food and Agriculture Organization of the United Nations,The Global Environment Facility,Multilateral - Global vertical funds,,,50000,,,,50000,false,,false,,false,,false,,,,
1_SPSP 2-2_OC2.2,"Efeito 2.2: Até 2027, os principais ecossistemas marinhos e terrestres e a biodiversidade estarão melhor protegidos, restaurados e geridos de forma mais sustentável, e a resiliência aos choques e impactos das alterações climáticas será melhorada e mais sensíveis às questões do género. / Outcome 2.2: By 2027, key marine and land ecosystems and biodiversity are better protected, restored, and more sustainably managed and the resilience to shocks and climate change are improved and gender responsive.",1_SPSP 2-2_OC2.2-3_OU2.2.2,"Produto 2.2.2: As instituições nacionais reforçam as capacidades para a conservação, restauração e valorização dos ecossistemas e da biodiversidade, incluindo com sistemas de monitorização, informação, protecção e gestão dos recursos naturais, acesso ao financiamento climático, e relatórios sobre os compromissos globais.",2023-01-01,2024-12-31,1_SPSP 2-2_OC2.2-3_OU2.2.2-4_SOU22,139529,"Plano de gestão de eliminação progressiva dos HCFC de Cabo Verde (fase II, primeira parcela) (UNEP)",UNEP,United Nations Environment Programme,,,,,,,,,,false,,false,,false,,false,80000,88604,,
1_SPSP 2-2_OC2.2,"Efeito 2.2: Até 2027, os principais ecossistemas marinhos e terrestres e a biodiversidade estarão melhor protegidos, restaurados e geridos de forma mais sustentável, e a resiliência aos choques e impactos das alterações climáticas será melhorada e mais sensíveis às questões do género. / Outcome 2.2: By 2027, key marine and land ecosystems and biodiversity are better protected, restored, and more sustainably managed and the resilience to shocks and climate change are improved and gender responsive.",1_SPSP 2-2_OC2.2-3_OU2.2.2,"Produto 2.2.2: As instituições nacionais reforçam as capacidades para a conservação, restauração e valorização dos ecossistemas e da biodiversidade, incluindo com sistemas de monitorização, informação, protecção e gestão dos recursos naturais, acesso ao financiamento climático, e relatórios sobre os compromissos globais.",2023-01-01,2024-12-31,1_SPSP 2-2_OC2.2-3_OU2.2.2-4_SOU22,139529,"Plano de gestão de eliminação progressiva dos HCFC de Cabo Verde (fase II, primeira parcela) (UNEP)",UNEP,United Nations Environment Programme,Multilateral Fund for the Implementation of the Montreal Protocol,Multilateral - Global vertical funds,,,80000,88604,,,80000,false,88604,false,,false,,false,,,,
1_SPSP 2-2_OC2.2,"Efeito 2.2: Até 2027, os principais ecossistemas marinhos e terrestres e a biodiversidade estarão melhor protegidos, restaurados e geridos de forma mais sustentável, e a resiliência aos choques e impactos das alterações climáticas será melhorada e mais sensíveis às questões do género. / Outcome 2.2: By 2027, key marine and land ecosystems and biodiversity are better protected, restored, and more sustainably managed and the resilience to shocks and climate change are improved and gender responsive.",1_SPSP 2-2_OC2.2-3_OU2.2.2,"Produto 2.2.2: As instituições nacionais reforçam as capacidades para a conservação, restauração e valorização dos ecossistemas e da biodiversidade, incluindo com sistemas de monitorização, informação, protecção e gestão dos recursos naturais, acesso ao financiamento climático, e relatórios sobre os compromissos globais.",2023-01-01,2024-12-31,1_SPSP 2-2_OC2.2-3_OU2.2.2-4_SOU221,139537,Preparação de um plano de implementação de Hidrofluorocarbonetos de Kigali (HFC) para Cabo Verde (UNEP),UNEP,United Nations Environment Programme,,,,,,,,,,false,,false,,false,,false,60000,65000,,
1_SPSP 2-2_OC2.2,"Efeito 2.2: Até 2027, os principais ecossistemas marinhos e terrestres e a biodiversidade estarão melhor protegidos, restaurados e geridos de forma mais sustentável, e a resiliência aos choques e impactos das alterações climáticas será melhorada e mais sensíveis às questões do género. / Outcome 2.2: By 2027, key marine and land ecosystems and biodiversity are better protected, restored, and more sustainably managed and the resilience to shocks and climate change are improved and gender responsive.",1_SPSP 2-2_OC2.2-3_OU2.2.2,"Produto 2.2.2: As instituições nacionais reforçam as capacidades para a conservação, restauração e valorização dos ecossistemas e da biodiversidade, incluindo com sistemas de monitorização, informação, protecção e gestão dos recursos naturais, acesso ao financiamento climático, e relatórios sobre os compromissos globais.",2023-01-01,2024-12-31,1_SPSP 2-2_OC2.2-3_OU2.2.2-4_SOU221,139537,Preparação de um plano de implementação de Hidrofluorocarbonetos de Kigali (HFC) para Cabo Verde (UNEP),UNEP,United Nations Environment Programme,Multilateral Fund for the Implementation of the Montreal Protocol,Multilateral - Global vertical funds,,,4000,65000,,,2943,false,,false,,false,,false,,,,
1_SPSP 2-2_OC2.2,"Efeito 2.2: Até 2027, os principais ecossistemas marinhos e terrestres e a biodiversidade estarão melhor protegidos, restaurados e geridos de forma mais sustentável, e a resiliência aos choques e impactos das alterações climáticas será melhorada e mais sensíveis às questões do género. / Outcome 2.2: By 2027, key marine and land ecosystems and biodiversity are better protected, restored, and more sustainably managed and the resilience to shocks and climate change are improved and gender responsive.",1_SPSP 2-2_OC2.2-3_OU2.2.2,"Produto 2.2.2: As instituições nacionais reforçam as capacidades para a conservação, restauração e valorização dos ecossistemas e da biodiversidade, incluindo com sistemas de monitorização, informação, protecção e gestão dos recursos naturais, acesso ao financiamento climático, e relatórios sobre os compromissos globais.",2023-01-01,2024-12-31,1_SPSP 2-2_OC2.2-3_OU2.2.2-4_SOU222,139538,Projeto de Fortalecimento Institucional Fase VIII para Cabo Verde (UNEP),UNEP,United Nations Environment Programme,,,,,,,,,,false,,false,,false,,false,40000,42500,,
1_SPSP 2-2_OC2.2,"Efeito 2.2: Até 2027, os principais ecossistemas marinhos e terrestres e a biodiversidade estarão melhor protegidos, restaurados e geridos de forma mais sustentável, e a resiliência aos choques e impactos das alterações climáticas será melhorada e mais sensíveis às questões do género. / Outcome 2.2: By 2027, key marine and land ecosystems and biodiversity are better protected, restored, and more sustainably managed and the resilience to shocks and climate change are improved and gender responsive.",1_SPSP 2-2_OC2.2-3_OU2.2.2,"Produto 2.2.2: As instituições nacionais reforçam as capacidades para a conservação, restauração e valorização dos ecossistemas e da biodiversidade, incluindo com sistemas de monitorização, informação, protecção e gestão dos recursos naturais, acesso ao financiamento climático, e relatórios sobre os compromissos globais.",2023-01-01,2024-12-31,1_SPSP 2-2_OC2.2-3_OU2.2.2-4_SOU222,139538,Projeto de Fortalecimento Institucional Fase VIII para Cabo Verde (UNEP),UNEP,United Nations Environment Programme,Multilateral Fund for the Implementation of the Montreal Protocol,Multilateral - Global vertical funds,,,40000,42500,,,40000,false,40000,false,,false,,false,,,,
1_SPSP 2-2_OC2.2,"Efeito 2.2: Até 2027, os principais ecossistemas marinhos e terrestres e a biodiversidade estarão melhor protegidos, restaurados e geridos de forma mais sustentável, e a resiliência aos choques e impactos das alterações climáticas será melhorada e mais sensíveis às questões do género. / Outcome 2.2: By 2027, key marine and land ecosystems and biodiversity are better protected, restored, and more sustainably managed and the resilience to shocks and climate change are improved and gender responsive.",1_SPSP 2-2_OC2.2-3_OU2.2.2,"Produto 2.2.2: As instituições nacionais reforçam as capacidades para a conservação, restauração e valorização dos ecossistemas e da biodiversidade, incluindo com sistemas de monitorização, informação, protecção e gestão dos recursos naturais, acesso ao financiamento climático, e relatórios sobre os compromissos globais.",2024-04-01,2027-12-31,1_SPSP 2-2_OC2.2-3_OU2.2.2-4_SOU228,176458,Implementar o Desenvolvimento Sustentável Baixo e Não Químico em Pequenos Estados Insulares em Desenvolvimento (ILHAS) (UNEP),UNEP,United Nations Environment Programme,,,,,,,,,,false,,false,,false,,false,,243100,164031,
1_SPSP 2-2_OC2.2,"Efeito 2.2: Até 2027, os principais ecossistemas marinhos e terrestres e a biodiversidade estarão melhor protegidos, restaurados e geridos de forma mais sustentável, e a resiliência aos choques e impactos das alterações climáticas será melhorada e mais sensíveis às questões do género. / Outcome 2.2: By 2027, key marine and land ecosystems and biodiversity are better protected, restored, and more sustainably managed and the resilience to shocks and climate change are improved and gender responsive.",1_SPSP 2-2_OC2.2-3_OU2.2.2,"Produto 2.2.2: As instituições nacionais reforçam as capacidades para a conservação, restauração e valorização dos ecossistemas e da biodiversidade, incluindo com sistemas de monitorização, informação, protecção e gestão dos recursos naturais, acesso ao financiamento climático, e relatórios sobre os compromissos globais.",2024-04-01,2027-12-31,1_SPSP 2-2_OC2.2-3_OU2.2.2-4_SOU228,176458,Implementar o Desenvolvimento Sustentável Baixo e Não Químico em Pequenos Estados Insulares em Desenvolvimento (ILHAS) (UNEP),UNEP,United Nations Environment Programme,The Global Environment Facility,Multilateral - Global vertical funds,,,,30320,164031,,,false,30320,false,110915,false,,false,,,,
1_SPSP 2-2_OC2.2,"Efeito 2.2: Até 2027, os principais ecossistemas marinhos e terrestres e a biodiversidade estarão melhor protegidos, restaurados e geridos de forma mais sustentável, e a resiliência aos choques e impactos das alterações climáticas será melhorada e mais sensíveis às questões do género. / Outcome 2.2: By 2027, key marine and land ecosystems and biodiversity are better protected, restored, and more sustainably managed and the resilience to shocks and climate change are improved and gender responsive.",1_SPSP 2-2_OC2.2-3_OU2.2.2,"Produto 2.2.2: As instituições nacionais reforçam as capacidades para a conservação, restauração e valorização dos ecossistemas e da biodiversidade, incluindo com sistemas de monitorização, informação, protecção e gestão dos recursos naturais, acesso ao financiamento climático, e relatórios sobre os compromissos globais.",2025-01-01,2025-12-31,1_SPSP 2-2_OC2.2-3_OU2.2.2-4_SOU229,176529,Reforçar as capacidades institucionais e profissionais a nível nacional dos países para melhorar a monitorização e a elaboração de relatórios na CNUCD (UNEP) (2025),UNEP,United Nations Environment Programme,,,,,,,,,,false,,false,,false,,false,,,87173,
1_SPSP 2-2_OC2.2,"Efeito 2.2: Até 2027, os principais ecossistemas marinhos e terrestres e a biodiversidade estarão melhor protegidos, restaurados e geridos de forma mais sustentável, e a resiliência aos choques e impactos das alterações climáticas será melhorada e mais sensíveis às questões do género. / Outcome 2.2: By 2027, key marine and land ecosystems and biodiversity are better protected, restored, and more sustainably managed and the resilience to shocks and climate change are improved and gender responsive.",1_SPSP 2-2_OC2.2-3_OU2.2.2,"Produto 2.2.2: As instituições nacionais reforçam as capacidades para a conservação, restauração e valorização dos ecossistemas e da biodiversidade, incluindo com sistemas de monitorização, informação, protecção e gestão dos recursos naturais, acesso ao financiamento climático, e relatórios sobre os compromissos globais.",2025-01-01,2025-12-31,1_SPSP 2-2_OC2.2-3_OU2.2.2-4_SOU229,176529,Reforçar as capacidades institucionais e profissionais a nível nacional dos países para melhorar a monitorização e a elaboração de relatórios na CNUCD (UNEP) (2025),UNEP,United Nations Environment Programme,The Global Environment Facility,Multilateral - Global vertical funds,,,,,87173,,,false,,false,87173,false,,false,,,,
1_SPSP 2-2_OC2.2,"Efeito 2.2: Até 2027, os principais ecossistemas marinhos e terrestres e a biodiversidade estarão melhor protegidos, restaurados e geridos de forma mais sustentável, e a resiliência aos choques e impactos das alterações climáticas será melhorada e mais sensíveis às questões do género. / Outcome 2.2: By 2027, key marine and land ecosystems and biodiversity are better protected, restored, and more sustainably managed and the resilience to shocks and climate change are improved and gender responsive.",1_SPSP 2-2_OC2.2-3_OU2.2.2,"Produto 2.2.2: As instituições nacionais reforçam as capacidades para a conservação, restauração e valorização dos ecossistemas e da biodiversidade, incluindo com sistemas de monitorização, informação, protecção e gestão dos recursos naturais, acesso ao financiamento climático, e relatórios sobre os compromissos globais.",2025-01-01,2026-07-31,1_SPSP 2-2_OC2.2-3_OU2.2.2-4_SOU234,179261,"Suporte  das  capacidades nacionais e entidades-chave  na  implementação do Programa de Acção Climatica- 2025  (Output 2.2, 2.3) (UNDP)	",UNDP,United Nations Development Programme,,,,,,,,,,false,,false,,false,,false,,,297600,134000
1_SPSP 2-2_OC2.2,"Efeito 2.2: Até 2027, os principais ecossistemas marinhos e terrestres e a biodiversidade estarão melhor protegidos, restaurados e geridos de forma mais sustentável, e a resiliência aos choques e impactos das alterações climáticas será melhorada e mais sensíveis às questões do género. / Outcome 2.2: By 2027, key marine and land ecosystems and biodiversity are better protected, restored, and more sustainably managed and the resilience to shocks and climate change are improved and gender responsive.",1_SPSP 2-2_OC2.2-3_OU2.2.2,"Produto 2.2.2: As instituições nacionais reforçam as capacidades para a conservação, restauração e valorização dos ecossistemas e da biodiversidade, incluindo com sistemas de monitorização, informação, protecção e gestão dos recursos naturais, acesso ao financiamento climático, e relatórios sobre os compromissos globais.",2025-01-01,2026-07-31,1_SPSP 2-2_OC2.2-3_OU2.2.2-4_SOU234,179261,"Suporte  das  capacidades nacionais e entidades-chave  na  implementação do Programa de Acção Climatica- 2025  (Output 2.2, 2.3) (UNDP)	",UNDP,United Nations Development Programme,Spanish Agency for International Development Cooperation,Government,Spain,Government,,,201121,134000,,false,,false,201121,false,106941,false,,,,
1_SPSP 2-2_OC2.2,"Efeito 2.2: Até 2027, os principais ecossistemas marinhos e terrestres e a biodiversidade estarão melhor protegidos, restaurados e geridos de forma mais sustentável, e a resiliência aos choques e impactos das alterações climáticas será melhorada e mais sensíveis às questões do género. / Outcome 2.2: By 2027, key marine and land ecosystems and biodiversity are better protected, restored, and more sustainably managed and the resilience to shocks and climate change are improved and gender responsive.",1_SPSP 2-2_OC2.2-3_OU2.2.2,"Produto 2.2.2: As instituições nacionais reforçam as capacidades para a conservação, restauração e valorização dos ecossistemas e da biodiversidade, incluindo com sistemas de monitorização, informação, protecção e gestão dos recursos naturais, acesso ao financiamento climático, e relatórios sobre os compromissos globais.",2025-01-01,2025-12-31,1_SPSP 2-2_OC2.2-3_OU2.2.2-4_SOU235,179068,Reforço das capacidades nacionais em matéria de políticas e planeamento para adaptação às mudanças climáticas e Turismo Sustentável (UNIDO)	,UNIDO,United Nations Industrial Development Organization,,,,,,,,,,false,,false,,false,,false,,,24691,
1_SPSP 2-2_OC2.2,"Efeito 2.2: Até 2027, os principais ecossistemas marinhos e terrestres e a biodiversidade estarão melhor protegidos, restaurados e geridos de forma mais sustentável, e a resiliência aos choques e impactos das alterações climáticas será melhorada e mais sensíveis às questões do género. / Outcome 2.2: By 2027, key marine and land ecosystems and biodiversity are better protected, restored, and more sustainably managed and the resilience to shocks and climate change are improved and gender responsive.",1_SPSP 2-2_OC2.2-3_OU2.2.2,"Produto 2.2.2: As instituições nacionais reforçam as capacidades para a conservação, restauração e valorização dos ecossistemas e da biodiversidade, incluindo com sistemas de monitorização, informação, protecção e gestão dos recursos naturais, acesso ao financiamento climático, e relatórios sobre os compromissos globais.",2025-01-01,2025-12-31,1_SPSP 2-2_OC2.2-3_OU2.2.2-4_SOU235,179068,Reforço das capacidades nacionais em matéria de políticas e planeamento para adaptação às mudanças climáticas e Turismo Sustentável (UNIDO)	,UNIDO,United Nations Industrial Development Organization,The Green Climate Fund,Multilateral - Global vertical funds,,,,,24691,,,false,,false,18000,false,,false,,,,
1_SPSP 2-2_OC2.2,"Efeito 2.2: Até 2027, os principais ecossistemas marinhos e terrestres e a biodiversidade estarão melhor protegidos, restaurados e geridos de forma mais sustentável, e a resiliência aos choques e impactos das alterações climáticas será melhorada e mais sensíveis às questões do género. / Outcome 2.2: By 2027, key marine and land ecosystems and biodiversity are better protected, restored, and more sustainably managed and the resilience to shocks and climate change are improved and gender responsive.",1_SPSP 2-2_OC2.2-3_OU2.2.2,"Produto 2.2.2: As instituições nacionais reforçam as capacidades para a conservação, restauração e valorização dos ecossistemas e da biodiversidade, incluindo com sistemas de monitorização, informação, protecção e gestão dos recursos naturais, acesso ao financiamento climático, e relatórios sobre os compromissos globais.",2025-01-01,2026-12-31,1_SPSP 2-2_OC2.2-3_OU2.2.2-4_SOU237,179265,"Reforço e melhoria do quadro institucional de planeamento do sector marítimo e de gestão de ameaças e da conservação e utilização sustentável da biodiversidade marinha - 2025 (Output 2.1, 2.4) (UNDP)	",UNDP,United Nations Development Programme,,,,,,,,,,false,,false,,true,,false,,,4041866,4708500
1_SPSP 2-2_OC2.2,"Efeito 2.2: Até 2027, os principais ecossistemas marinhos e terrestres e a biodiversidade estarão melhor protegidos, restaurados e geridos de forma mais sustentável, e a resiliência aos choques e impactos das alterações climáticas será melhorada e mais sensíveis às questões do género. / Outcome 2.2: By 2027, key marine and land ecosystems and biodiversity are better protected, restored, and more sustainably managed and the resilience to shocks and climate change are improved and gender responsive.",1_SPSP 2-2_OC2.2-3_OU2.2.2,"Produto 2.2.2: As instituições nacionais reforçam as capacidades para a conservação, restauração e valorização dos ecossistemas e da biodiversidade, incluindo com sistemas de monitorização, informação, protecção e gestão dos recursos naturais, acesso ao financiamento climático, e relatórios sobre os compromissos globais.",2025-01-01,2026-12-31,1_SPSP 2-2_OC2.2-3_OU2.2.2-4_SOU237,179265,"Reforço e melhoria do quadro institucional de planeamento do sector marítimo e de gestão de ameaças e da conservação e utilização sustentável da biodiversidade marinha - 2025 (Output 2.1, 2.4) (UNDP)	",UNDP,United Nations Development Programme,The Global Environment Facility,Multilateral - Global vertical funds,,,,,1739854,1727000,,false,,false,769651,true,157524,false,,,,
1_SPSP 2-2_OC2.2,"Efeito 2.2: Até 2027, os principais ecossistemas marinhos e terrestres e a biodiversidade estarão melhor protegidos, restaurados e geridos de forma mais sustentável, e a resiliência aos choques e impactos das alterações climáticas será melhorada e mais sensíveis às questões do género. / Outcome 2.2: By 2027, key marine and land ecosystems and biodiversity are better protected, restored, and more sustainably managed and the resilience to shocks and climate change are improved and gender responsive.",1_SPSP 2-2_OC2.2-3_OU2.2.2,"Produto 2.2.2: As instituições nacionais reforçam as capacidades para a conservação, restauração e valorização dos ecossistemas e da biodiversidade, incluindo com sistemas de monitorização, informação, protecção e gestão dos recursos naturais, acesso ao financiamento climático, e relatórios sobre os compromissos globais.",2025-01-01,2026-12-31,1_SPSP 2-2_OC2.2-3_OU2.2.2-4_SOU238,179353,Launching of IslandWatch Initiative (UNESCO),UNESCO,"United Nations Educational, Scientific and Cultural Organisation",,,,,,,,,,false,,false,,false,,false,,,100000,800000
1_SPSP 2-2_OC2.2,"Efeito 2.2: Até 2027, os principais ecossistemas marinhos e terrestres e a biodiversidade estarão melhor protegidos, restaurados e geridos de forma mais sustentável, e a resiliência aos choques e impactos das alterações climáticas será melhorada e mais sensíveis às questões do género. / Outcome 2.2: By 2027, key marine and land ecosystems and biodiversity are better protected, restored, and more sustainably managed and the resilience to shocks and climate change are improved and gender responsive.",1_SPSP 2-2_OC2.2-3_OU2.2.2,"Produto 2.2.2: As instituições nacionais reforçam as capacidades para a conservação, restauração e valorização dos ecossistemas e da biodiversidade, incluindo com sistemas de monitorização, informação, protecção e gestão dos recursos naturais, acesso ao financiamento climático, e relatórios sobre os compromissos globais.",2025-01-01,2026-12-31,1_SPSP 2-2_OC2.2-3_OU2.2.2-4_SOU238,179353,Launching of IslandWatch Initiative (UNESCO),UNESCO,"United Nations Educational, Scientific and Cultural Organisation",Core Funding,Multilateral - UN organizations excluding pooled funds,,,,,21000,,,false,,false,,false,,false,,,,
1_SPSP 2-2_OC2.2,"Efeito 2.2: Até 2027, os principais ecossistemas marinhos e terrestres e a biodiversidade estarão melhor protegidos, restaurados e geridos de forma mais sustentável, e a resiliência aos choques e impactos das alterações climáticas será melhorada e mais sensíveis às questões do género. / Outcome 2.2: By 2027, key marine and land ecosystems and biodiversity are better protected, restored, and more sustainably managed and the resilience to shocks and climate change are improved and gender responsive.",1_SPSP 2-2_OC2.2-3_OU2.2.2,"Produto 2.2.2: As instituições nacionais reforçam as capacidades para a conservação, restauração e valorização dos ecossistemas e da biodiversidade, incluindo com sistemas de monitorização, informação, protecção e gestão dos recursos naturais, acesso ao financiamento climático, e relatórios sobre os compromissos globais.",2025-12-01,2027-12-31,1_SPSP 2-2_OC2.2-3_OU2.2.2-4_SOU242,212007,Continued implementation of Centres of Excellence on Coastal and Marine Observation and Integrated Data System,UNESCO,"United Nations Educational, Scientific and Cultural Organisation",,,,,,,,,,false,,false,,false,,false,,,,134000
1_SPSP 2-2_OC2.2,"Efeito 2.2: Até 2027, os principais ecossistemas marinhos e terrestres e a biodiversidade estarão melhor protegidos, restaurados e geridos de forma mais sustentável, e a resiliência aos choques e impactos das alterações climáticas será melhorada e mais sensíveis às questões do género. / Outcome 2.2: By 2027, key marine and land ecosystems and biodiversity are better protected, restored, and more sustainably managed and the resilience to shocks and climate change are improved and gender responsive.",1_SPSP 2-2_OC2.2-3_OU2.2.2,"Produto 2.2.2: As instituições nacionais reforçam as capacidades para a conservação, restauração e valorização dos ecossistemas e da biodiversidade, incluindo com sistemas de monitorização, informação, protecção e gestão dos recursos naturais, acesso ao financiamento climático, e relatórios sobre os compromissos globais.",2025-12-01,2027-12-31,1_SPSP 2-2_OC2.2-3_OU2.2.2-4_SOU242,212007,Continued implementation of Centres of Excellence on Coastal and Marine Observation and Integrated Data System,UNESCO,"United Nations Educational, Scientific and Cultural Organisation","United Nations Educational, Scientific and Cultural Organisation",Multilateral - UN organizations excluding pooled funds,,,,,,134000,,false,,false,,false,,false,,,,
1_SPSP 2-2_OC2.2,"Efeito 2.2: Até 2027, os principais ecossistemas marinhos e terrestres e a biodiversidade estarão melhor protegidos, restaurados e geridos de forma mais sustentável, e a resiliência aos choques e impactos das alterações climáticas será melhorada e mais sensíveis às questões do género. / Outcome 2.2: By 2027, key marine and land ecosystems and biodiversity are better protected, restored, and more sustainably managed and the resilience to shocks and climate change are improved and gender responsive.",1_SPSP 2-2_OC2.2-3_OU2.2.2,"Produto 2.2.2: As instituições nacionais reforçam as capacidades para a conservação, restauração e valorização dos ecossistemas e da biodiversidade, incluindo com sistemas de monitorização, informação, protecção e gestão dos recursos naturais, acesso ao financiamento climático, e relatórios sobre os compromissos globais.",2025-03-01,2026-12-31,1_SPSP 2-2_OC2.2-3_OU2.2.2-4_SOU256,179665,"Reforço da gestão integrada das bacias hidrográficas de Santiago e Santo Antão com soluções baseadas na natureza, promovendo resiliência climática, segurança alimentar e as metas LDN.",FAO,Food and Agriculture Organization of the United Nations,,,,,,,,,,false,,false,,false,,false,,,600000,400000
1_SPSP 2-2_OC2.2,"Efeito 2.2: Até 2027, os principais ecossistemas marinhos e terrestres e a biodiversidade estarão melhor protegidos, restaurados e geridos de forma mais sustentável, e a resiliência aos choques e impactos das alterações climáticas será melhorada e mais sensíveis às questões do género. / Outcome 2.2: By 2027, key marine and land ecosystems and biodiversity are better protected, restored, and more sustainably managed and the resilience to shocks and climate change are improved and gender responsive.",1_SPSP 2-2_OC2.2-3_OU2.2.2,"Produto 2.2.2: As instituições nacionais reforçam as capacidades para a conservação, restauração e valorização dos ecossistemas e da biodiversidade, incluindo com sistemas de monitorização, informação, protecção e gestão dos recursos naturais, acesso ao financiamento climático, e relatórios sobre os compromissos globais.",2025-03-01,2026-12-31,1_SPSP 2-2_OC2.2-3_OU2.2.2-4_SOU256,179665,"Reforço da gestão integrada das bacias hidrográficas de Santiago e Santo Antão com soluções baseadas na natureza, promovendo resiliência climática, segurança alimentar e as metas LDN.",FAO,Food and Agriculture Organization of the United Nations,The Global Environment Facility,Multilateral - Global vertical funds,,,,,200000,400000,,false,,false,185888,false,,false,,,,
1_SPSP 2-2_OC2.2,"Efeito 2.2: Até 2027, os principais ecossistemas marinhos e terrestres e a biodiversidade estarão melhor protegidos, restaurados e geridos de forma mais sustentável, e a resiliência aos choques e impactos das alterações climáticas será melhorada e mais sensíveis às questões do género. / Outcome 2.2: By 2027, key marine and land ecosystems and biodiversity are better protected, restored, and more sustainably managed and the resilience to shocks and climate change are improved and gender responsive.",1_SPSP 2-2_OC2.2-3_OU2.2.2,"Produto 2.2.2: As instituições nacionais reforçam as capacidades para a conservação, restauração e valorização dos ecossistemas e da biodiversidade, incluindo com sistemas de monitorização, informação, protecção e gestão dos recursos naturais, acesso ao financiamento climático, e relatórios sobre os compromissos globais.",2025-01-01,2025-12-31,1_SPSP 2-2_OC2.2-3_OU2.2.2-4_SOU266,180111,"Programa  de Apoio ao Desenvolvimento de Planos de Financiamento da Biodiversidade  - 2025 (Output 2.1, 2.4) (UNDP)",UNDP,United Nations Development Programme,,,,,,,,,,false,,false,,false,,false,,,176000,
1_SPSP 2-2_OC2.2,"Efeito 2.2: Até 2027, os principais ecossistemas marinhos e terrestres e a biodiversidade estarão melhor protegidos, restaurados e geridos de forma mais sustentável, e a resiliência aos choques e impactos das alterações climáticas será melhorada e mais sensíveis às questões do género. / Outcome 2.2: By 2027, key marine and land ecosystems and biodiversity are better protected, restored, and more sustainably managed and the resilience to shocks and climate change are improved and gender responsive.",1_SPSP 2-2_OC2.2-3_OU2.2.2,"Produto 2.2.2: As instituições nacionais reforçam as capacidades para a conservação, restauração e valorização dos ecossistemas e da biodiversidade, incluindo com sistemas de monitorização, informação, protecção e gestão dos recursos naturais, acesso ao financiamento climático, e relatórios sobre os compromissos globais.",2025-01-01,2025-12-31,1_SPSP 2-2_OC2.2-3_OU2.2.2-4_SOU266,180111,"Programa  de Apoio ao Desenvolvimento de Planos de Financiamento da Biodiversidade  - 2025 (Output 2.1, 2.4) (UNDP)",UNDP,United Nations Development Programme,The Global Environment Facility,Multilateral - Global vertical funds,,,,,176000,,,false,,false,18942,false,,false,,,,
1_SPSP 2-2_OC2.2,"Efeito 2.2: Até 2027, os principais ecossistemas marinhos e terrestres e a biodiversidade estarão melhor protegidos, restaurados e geridos de forma mais sustentável, e a resiliência aos choques e impactos das alterações climáticas será melhorada e mais sensíveis às questões do género. / Outcome 2.2: By 2027, key marine and land ecosystems and biodiversity are better protected, restored, and more sustainably managed and the resilience to shocks and climate change are improved and gender responsive.",1_SPSP 2-2_OC2.2-3_OU2.2.2,"Produto 2.2.2: As instituições nacionais reforçam as capacidades para a conservação, restauração e valorização dos ecossistemas e da biodiversidade, incluindo com sistemas de monitorização, informação, protecção e gestão dos recursos naturais, acesso ao financiamento climático, e relatórios sobre os compromissos globais.",2023-01-01,2025-12-31,1_SPSP 2-2_OC2.2-3_OU2.2.2-4_SOU269,180515,Plano de gestão de eliminação progressiva dos HCFC de Cabo Verde (UNEP),UNEP,United Nations Environment Programme,,,,,,,,,,false,,true,,false,,false,,88604,190325,
1_SPSP 2-2_OC2.2,"Efeito 2.2: Até 2027, os principais ecossistemas marinhos e terrestres e a biodiversidade estarão melhor protegidos, restaurados e geridos de forma mais sustentável, e a resiliência aos choques e impactos das alterações climáticas será melhorada e mais sensíveis às questões do género. / Outcome 2.2: By 2027, key marine and land ecosystems and biodiversity are better protected, restored, and more sustainably managed and the resilience to shocks and climate change are improved and gender responsive.",1_SPSP 2-2_OC2.2-3_OU2.2.2,"Produto 2.2.2: As instituições nacionais reforçam as capacidades para a conservação, restauração e valorização dos ecossistemas e da biodiversidade, incluindo com sistemas de monitorização, informação, protecção e gestão dos recursos naturais, acesso ao financiamento climático, e relatórios sobre os compromissos globais.",2023-01-01,2025-12-31,1_SPSP 2-2_OC2.2-3_OU2.2.2-4_SOU269,180515,Plano de gestão de eliminação progressiva dos HCFC de Cabo Verde (UNEP),UNEP,United Nations Environment Programme,Multilateral Fund for the Implementation of the Montreal Protocol,Multilateral - Global vertical funds,,,,88604,190325,,,false,88604,true,190325,false,,false,,,,
1_SPSP 2-2_OC2.2,"Efeito 2.2: Até 2027, os principais ecossistemas marinhos e terrestres e a biodiversidade estarão melhor protegidos, restaurados e geridos de forma mais sustentável, e a resiliência aos choques e impactos das alterações climáticas será melhorada e mais sensíveis às questões do género. / Outcome 2.2: By 2027, key marine and land ecosystems and biodiversity are better protected, restored, and more sustainably managed and the resilience to shocks and climate change are improved and gender responsive.",1_SPSP 2-2_OC2.2-3_OU2.2.2,"Produto 2.2.2: As instituições nacionais reforçam as capacidades para a conservação, restauração e valorização dos ecossistemas e da biodiversidade, incluindo com sistemas de monitorização, informação, protecção e gestão dos recursos naturais, acesso ao financiamento climático, e relatórios sobre os compromissos globais.",2024-03-01,2027-12-31,1_SPSP 2-2_OC2.2-3_OU2.2.2-4_SOU270,180516,Reforçar a informação climática e os sistemas de alerta precoce para soluções climáticas baseadas na ciência (UNEP),UNEP,United Nations Environment Programme,,,,,,,,,,false,,false,,false,,false,,75102,123432,423000
1_SPSP 2-2_OC2.2,"Efeito 2.2: Até 2027, os principais ecossistemas marinhos e terrestres e a biodiversidade estarão melhor protegidos, restaurados e geridos de forma mais sustentável, e a resiliência aos choques e impactos das alterações climáticas será melhorada e mais sensíveis às questões do género. / Outcome 2.2: By 2027, key marine and land ecosystems and biodiversity are better protected, restored, and more sustainably managed and the resilience to shocks and climate change are improved and gender responsive.",1_SPSP 2-2_OC2.2-3_OU2.2.2,"Produto 2.2.2: As instituições nacionais reforçam as capacidades para a conservação, restauração e valorização dos ecossistemas e da biodiversidade, incluindo com sistemas de monitorização, informação, protecção e gestão dos recursos naturais, acesso ao financiamento climático, e relatórios sobre os compromissos globais.",2024-03-01,2027-12-31,1_SPSP 2-2_OC2.2-3_OU2.2.2-4_SOU270,180516,Reforçar a informação climática e os sistemas de alerta precoce para soluções climáticas baseadas na ciência (UNEP),UNEP,United Nations Environment Programme,Systematic Observations Financing Facility,Multilateral - UN Inter-agency pooled funds,,,,75102,123432,423000,,false,75102,false,123432,false,,false,,,,
1_SPSP 2-2_OC2.2,"Efeito 2.2: Até 2027, os principais ecossistemas marinhos e terrestres e a biodiversidade estarão melhor protegidos, restaurados e geridos de forma mais sustentável, e a resiliência aos choques e impactos das alterações climáticas será melhorada e mais sensíveis às questões do género. / Outcome 2.2: By 2027, key marine and land ecosystems and biodiversity are better protected, restored, and more sustainably managed and the resilience to shocks and climate change are improved and gender responsive.",1_SPSP 2-2_OC2.2-3_OU2.2.3,"Produto 2.2.3: Os quadros jurídicos e de planeamento são melhorados e melhor implementados com abordagens participativas na gestão do ambiente e dos recursos naturais, incluindo energia limpa acessível e preparação e resposta a choques.",2023-01-01,2024-12-31,1_SPSP 2-2_OC2.2-3_OU2.2.3-4_SOU1,108718,Reforço das capacidades das entidades nacionais chave para melhorar o quadro regulamentar e institucional existente e investimento em sistemas de Energias Renovávais (UNIDO)	,UNIDO,United Nations Industrial Development Organization,,,,,,,,,,true,,false,,false,,false,354728,296000,,
1_SPSP 2-2_OC2.2,"Efeito 2.2: Até 2027, os principais ecossistemas marinhos e terrestres e a biodiversidade estarão melhor protegidos, restaurados e geridos de forma mais sustentável, e a resiliência aos choques e impactos das alterações climáticas será melhorada e mais sensíveis às questões do género. / Outcome 2.2: By 2027, key marine and land ecosystems and biodiversity are better protected, restored, and more sustainably managed and the resilience to shocks and climate change are improved and gender responsive.",1_SPSP 2-2_OC2.2-3_OU2.2.3,"Produto 2.2.3: Os quadros jurídicos e de planeamento são melhorados e melhor implementados com abordagens participativas na gestão do ambiente e dos recursos naturais, incluindo energia limpa acessível e preparação e resposta a choques.",2023-01-01,2024-12-31,1_SPSP 2-2_OC2.2-3_OU2.2.3-4_SOU1,108718,Reforço das capacidades das entidades nacionais chave para melhorar o quadro regulamentar e institucional existente e investimento em sistemas de Energias Renovávais (UNIDO)	,UNIDO,United Nations Industrial Development Organization,The Global Environment Facility,Multilateral - Global vertical funds,,,354728,296000,,,161550,true,178887,false,,false,,false,,,,
1_SPSP 2-2_OC2.2,"Efeito 2.2: Até 2027, os principais ecossistemas marinhos e terrestres e a biodiversidade estarão melhor protegidos, restaurados e geridos de forma mais sustentável, e a resiliência aos choques e impactos das alterações climáticas será melhorada e mais sensíveis às questões do género. / Outcome 2.2: By 2027, key marine and land ecosystems and biodiversity are better protected, restored, and more sustainably managed and the resilience to shocks and climate change are improved and gender responsive.",1_SPSP 2-2_OC2.2-3_OU2.2.3,"Produto 2.2.3: Os quadros jurídicos e de planeamento são melhorados e melhor implementados com abordagens participativas na gestão do ambiente e dos recursos naturais, incluindo energia limpa acessível e preparação e resposta a choques.",2023-01-01,2024-12-31,1_SPSP 2-2_OC2.2-3_OU2.2.3-4_SOU2,108719,Reforço de capacidades nacionais para a adoção integrada de mobilidade elétrica por meio de inovação em tecnologia limpa (UNIDO)	,UNIDO,United Nations Industrial Development Organization,,,,,,,,,,true,,false,,false,,false,583586,600000,,
1_SPSP 2-2_OC2.2,"Efeito 2.2: Até 2027, os principais ecossistemas marinhos e terrestres e a biodiversidade estarão melhor protegidos, restaurados e geridos de forma mais sustentável, e a resiliência aos choques e impactos das alterações climáticas será melhorada e mais sensíveis às questões do género. / Outcome 2.2: By 2027, key marine and land ecosystems and biodiversity are better protected, restored, and more sustainably managed and the resilience to shocks and climate change are improved and gender responsive.",1_SPSP 2-2_OC2.2-3_OU2.2.3,"Produto 2.2.3: Os quadros jurídicos e de planeamento são melhorados e melhor implementados com abordagens participativas na gestão do ambiente e dos recursos naturais, incluindo energia limpa acessível e preparação e resposta a choques.",2023-01-01,2024-12-31,1_SPSP 2-2_OC2.2-3_OU2.2.3-4_SOU2,108719,Reforço de capacidades nacionais para a adoção integrada de mobilidade elétrica por meio de inovação em tecnologia limpa (UNIDO)	,UNIDO,United Nations Industrial Development Organization,The Global Environment Facility,Multilateral - Global vertical funds,,,4000,600000,,,4000,true,499618,false,,false,,false,,,,
1_SPSP 2-2_OC2.2,"Efeito 2.2: Até 2027, os principais ecossistemas marinhos e terrestres e a biodiversidade estarão melhor protegidos, restaurados e geridos de forma mais sustentável, e a resiliência aos choques e impactos das alterações climáticas será melhorada e mais sensíveis às questões do género. / Outcome 2.2: By 2027, key marine and land ecosystems and biodiversity are better protected, restored, and more sustainably managed and the resilience to shocks and climate change are improved and gender responsive.",1_SPSP 2-2_OC2.2-3_OU2.2.3,"Produto 2.2.3: Os quadros jurídicos e de planeamento são melhorados e melhor implementados com abordagens participativas na gestão do ambiente e dos recursos naturais, incluindo energia limpa acessível e preparação e resposta a choques.",2023-01-01,2024-12-31,1_SPSP 2-2_OC2.2-3_OU2.2.3-4_SOU3,108720,"Desenvolvimento de iniciativas de projetos para turismo sustentável e sensíveis ao género, para o aumento da competitividade através de uma abordagem de economia circular (UNIDO)	",UNIDO,United Nations Industrial Development Organization,,,,,,,,,,true,,false,,false,,false,208200,183189,,
1_SPSP 2-2_OC2.2,"Efeito 2.2: Até 2027, os principais ecossistemas marinhos e terrestres e a biodiversidade estarão melhor protegidos, restaurados e geridos de forma mais sustentável, e a resiliência aos choques e impactos das alterações climáticas será melhorada e mais sensíveis às questões do género. / Outcome 2.2: By 2027, key marine and land ecosystems and biodiversity are better protected, restored, and more sustainably managed and the resilience to shocks and climate change are improved and gender responsive.",1_SPSP 2-2_OC2.2-3_OU2.2.3,"Produto 2.2.3: Os quadros jurídicos e de planeamento são melhorados e melhor implementados com abordagens participativas na gestão do ambiente e dos recursos naturais, incluindo energia limpa acessível e preparação e resposta a choques.",2023-01-01,2024-12-31,1_SPSP 2-2_OC2.2-3_OU2.2.3-4_SOU3,108720,"Desenvolvimento de iniciativas de projetos para turismo sustentável e sensíveis ao género, para o aumento da competitividade através de uma abordagem de economia circular (UNIDO)	",UNIDO,United Nations Industrial Development Organization,The Green Climate Fund,Multilateral - Global vertical funds,,,208200,183189,,,110656,true,183189,false,,false,,false,,,,
1_SPSP 2-2_OC2.2,"Efeito 2.2: Até 2027, os principais ecossistemas marinhos e terrestres e a biodiversidade estarão melhor protegidos, restaurados e geridos de forma mais sustentável, e a resiliência aos choques e impactos das alterações climáticas será melhorada e mais sensíveis às questões do género. / Outcome 2.2: By 2027, key marine and land ecosystems and biodiversity are better protected, restored, and more sustainably managed and the resilience to shocks and climate change are improved and gender responsive.",1_SPSP 2-2_OC2.2-3_OU2.2.3,"Produto 2.2.3: Os quadros jurídicos e de planeamento são melhorados e melhor implementados com abordagens participativas na gestão do ambiente e dos recursos naturais, incluindo energia limpa acessível e preparação e resposta a choques.",2024-01-01,2024-12-31,1_SPSP 2-2_OC2.2-3_OU2.2.3-4_SOU4,148282,Desenvolvimento de um projeto sobre a utilização de energias renováveis para alimentar centrais de dessalinização para fornecer água potável e água para a agricultura (UNESCO),UNESCO,"United Nations Educational, Scientific and Cultural Organisation",,,,,,,,,,false,,false,,false,,false,,8000,,
1_SPSP 2-2_OC2.2,"Efeito 2.2: Até 2027, os principais ecossistemas marinhos e terrestres e a biodiversidade estarão melhor protegidos, restaurados e geridos de forma mais sustentável, e a resiliência aos choques e impactos das alterações climáticas será melhorada e mais sensíveis às questões do género. / Outcome 2.2: By 2027, key marine and land ecosystems and biodiversity are better protected, restored, and more sustainably managed and the resilience to shocks and climate change are improved and gender responsive.",1_SPSP 2-2_OC2.2-3_OU2.2.3,"Produto 2.2.3: Os quadros jurídicos e de planeamento são melhorados e melhor implementados com abordagens participativas na gestão do ambiente e dos recursos naturais, incluindo energia limpa acessível e preparação e resposta a choques.",2024-01-01,2024-12-31,1_SPSP 2-2_OC2.2-3_OU2.2.3-4_SOU4,148282,Desenvolvimento de um projeto sobre a utilização de energias renováveis para alimentar centrais de dessalinização para fornecer água potável e água para a agricultura (UNESCO),UNESCO,"United Nations Educational, Scientific and Cultural Organisation",Core Funding,Multilateral - UN organizations excluding pooled funds,,,,,,,,false,,false,,false,,false,,,,
1_SPSP 2-2_OC2.2,"Efeito 2.2: Até 2027, os principais ecossistemas marinhos e terrestres e a biodiversidade estarão melhor protegidos, restaurados e geridos de forma mais sustentável, e a resiliência aos choques e impactos das alterações climáticas será melhorada e mais sensíveis às questões do género. / Outcome 2.2: By 2027, key marine and land ecosystems and biodiversity are better protected, restored, and more sustainably managed and the resilience to shocks and climate change are improved and gender responsive.",1_SPSP 2-2_OC2.2-3_OU2.2.3,"Produto 2.2.3: Os quadros jurídicos e de planeamento são melhorados e melhor implementados com abordagens participativas na gestão do ambiente e dos recursos naturais, incluindo energia limpa acessível e preparação e resposta a choques.",2025-01-01,2026-12-31,1_SPSP 2-2_OC2.2-3_OU2.2.3-4_SOU233,179062,Reforço de capacidades nacionais para a adoção integrada de mobilidade elétrica por meio de inovação em tecnologia limpa (UNIDO)	,UNIDO,United Nations Industrial Development Organization,,,,,,,,,,false,,false,,false,,false,,,267500,160000
1_SPSP 2-2_OC2.2,"Efeito 2.2: Até 2027, os principais ecossistemas marinhos e terrestres e a biodiversidade estarão melhor protegidos, restaurados e geridos de forma mais sustentável, e a resiliência aos choques e impactos das alterações climáticas será melhorada e mais sensíveis às questões do género. / Outcome 2.2: By 2027, key marine and land ecosystems and biodiversity are better protected, restored, and more sustainably managed and the resilience to shocks and climate change are improved and gender responsive.",1_SPSP 2-2_OC2.2-3_OU2.2.3,"Produto 2.2.3: Os quadros jurídicos e de planeamento são melhorados e melhor implementados com abordagens participativas na gestão do ambiente e dos recursos naturais, incluindo energia limpa acessível e preparação e resposta a choques.",2025-01-01,2026-12-31,1_SPSP 2-2_OC2.2-3_OU2.2.3-4_SOU233,179062,Reforço de capacidades nacionais para a adoção integrada de mobilidade elétrica por meio de inovação em tecnologia limpa (UNIDO)	,UNIDO,United Nations Industrial Development Organization,The Global Environment Facility,Multilateral - Global vertical funds,,,,,267500,160000,,false,,false,154353,false,160000,false,,,,
1_SPSP 2-2_OC2.2,"Efeito 2.2: Até 2027, os principais ecossistemas marinhos e terrestres e a biodiversidade estarão melhor protegidos, restaurados e geridos de forma mais sustentável, e a resiliência aos choques e impactos das alterações climáticas será melhorada e mais sensíveis às questões do género. / Outcome 2.2: By 2027, key marine and land ecosystems and biodiversity are better protected, restored, and more sustainably managed and the resilience to shocks and climate change are improved and gender responsive.",1_SPSP 2-2_OC2.2-3_OU2.2.3,"Produto 2.2.3: Os quadros jurídicos e de planeamento são melhorados e melhor implementados com abordagens participativas na gestão do ambiente e dos recursos naturais, incluindo energia limpa acessível e preparação e resposta a choques.",2026-01-01,2026-12-31,1_SPSP 2-2_OC2.2-3_OU2.2.3-4_SOU236,209540,"Desenvolvimento de um modelo de parcerias público-privadas (PPP), para a transição para uma economia circular na ilha da Boa Vista",UNIDO,United Nations Industrial Development Organization,,,,,,,,,,false,,false,,false,,false,,,,467290
1_SPSP 2-2_OC2.2,"Efeito 2.2: Até 2027, os principais ecossistemas marinhos e terrestres e a biodiversidade estarão melhor protegidos, restaurados e geridos de forma mais sustentável, e a resiliência aos choques e impactos das alterações climáticas será melhorada e mais sensíveis às questões do género. / Outcome 2.2: By 2027, key marine and land ecosystems and biodiversity are better protected, restored, and more sustainably managed and the resilience to shocks and climate change are improved and gender responsive.",1_SPSP 2-2_OC2.2-3_OU2.2.3,"Produto 2.2.3: Os quadros jurídicos e de planeamento são melhorados e melhor implementados com abordagens participativas na gestão do ambiente e dos recursos naturais, incluindo energia limpa acessível e preparação e resposta a choques.",2026-01-01,2026-12-31,1_SPSP 2-2_OC2.2-3_OU2.2.3-4_SOU236,209540,"Desenvolvimento de um modelo de parcerias público-privadas (PPP), para a transição para uma economia circular na ilha da Boa Vista",UNIDO,United Nations Industrial Development Organization,The Joint SDG Fund,Multilateral - UN Inter-agency pooled funds,,,,,,467290,,false,,false,,false,146000,false,,,,
1_SPSP 2-2_OC2.2,"Efeito 2.2: Até 2027, os principais ecossistemas marinhos e terrestres e a biodiversidade estarão melhor protegidos, restaurados e geridos de forma mais sustentável, e a resiliência aos choques e impactos das alterações climáticas será melhorada e mais sensíveis às questões do género. / Outcome 2.2: By 2027, key marine and land ecosystems and biodiversity are better protected, restored, and more sustainably managed and the resilience to shocks and climate change are improved and gender responsive.",1_SPSP 2-2_OC2.2-3_OU2.2.3,"Produto 2.2.3: Os quadros jurídicos e de planeamento são melhorados e melhor implementados com abordagens participativas na gestão do ambiente e dos recursos naturais, incluindo energia limpa acessível e preparação e resposta a choques.",2025-03-01,2026-12-31,1_SPSP 2-2_OC2.2-3_OU2.2.3-4_SOU260,179695,Melhoria da Governança da Pesca Costeira na Ilha do Maio e Promoção da Transformação Azul,FAO,Food and Agriculture Organization of the United Nations,,,,,,,,,,false,,false,,false,,false,,,70000,120000
1_SPSP 2-2_OC2.2,"Efeito 2.2: Até 2027, os principais ecossistemas marinhos e terrestres e a biodiversidade estarão melhor protegidos, restaurados e geridos de forma mais sustentável, e a resiliência aos choques e impactos das alterações climáticas será melhorada e mais sensíveis às questões do género. / Outcome 2.2: By 2027, key marine and land ecosystems and biodiversity are better protected, restored, and more sustainably managed and the resilience to shocks and climate change are improved and gender responsive.",1_SPSP 2-2_OC2.2-3_OU2.2.3,"Produto 2.2.3: Os quadros jurídicos e de planeamento são melhorados e melhor implementados com abordagens participativas na gestão do ambiente e dos recursos naturais, incluindo energia limpa acessível e preparação e resposta a choques.",2025-03-01,2026-12-31,1_SPSP 2-2_OC2.2-3_OU2.2.3-4_SOU260,179695,Melhoria da Governança da Pesca Costeira na Ilha do Maio e Promoção da Transformação Azul,FAO,Food and Agriculture Organization of the United Nations,Food and Agriculture Organization of the United Nations,Multilateral - UN organizations excluding pooled funds,,,,,25000,120000,,false,,false,15750,false,,false,,,,
1_SPSP 2-2_OC2.2,"Efeito 2.2: Até 2027, os principais ecossistemas marinhos e terrestres e a biodiversidade estarão melhor protegidos, restaurados e geridos de forma mais sustentável, e a resiliência aos choques e impactos das alterações climáticas será melhorada e mais sensíveis às questões do género. / Outcome 2.2: By 2027, key marine and land ecosystems and biodiversity are better protected, restored, and more sustainably managed and the resilience to shocks and climate change are improved and gender responsive.",1_SPSP 2-2_OC2.2-3_OU2.2.3,"Produto 2.2.3: Os quadros jurídicos e de planeamento são melhorados e melhor implementados com abordagens participativas na gestão do ambiente e dos recursos naturais, incluindo energia limpa acessível e preparação e resposta a choques.",2026-01-01,2026-12-31,1_SPSP 2-2_OC2.2-3_OU2.2.3-4_SOU779,209678,Plano de melhoria da gestão de resíduos elaborado e adotado com base nas conclusões da ferramenta Waste Wise Cities.,UN-HABITAT,United Nations Human Settlement Programme,,,,,,,,,,false,,false,,false,,false,,,,50000
1_SPSP 2-2_OC2.2,"Efeito 2.2: Até 2027, os principais ecossistemas marinhos e terrestres e a biodiversidade estarão melhor protegidos, restaurados e geridos de forma mais sustentável, e a resiliência aos choques e impactos das alterações climáticas será melhorada e mais sensíveis às questões do género. / Outcome 2.2: By 2027, key marine and land ecosystems and biodiversity are better protected, restored, and more sustainably managed and the resilience to shocks and climate change are improved and gender responsive.",1_SPSP 2-2_OC2.2-3_OU2.2.3,"Produto 2.2.3: Os quadros jurídicos e de planeamento são melhorados e melhor implementados com abordagens participativas na gestão do ambiente e dos recursos naturais, incluindo energia limpa acessível e preparação e resposta a choques.",2026-01-01,2026-12-31,1_SPSP 2-2_OC2.2-3_OU2.2.3-4_SOU779,209678,Plano de melhoria da gestão de resíduos elaborado e adotado com base nas conclusões da ferramenta Waste Wise Cities.,UN-HABITAT,United Nations Human Settlement Programme,The Joint SDG Fund,Multilateral - UN Inter-agency pooled funds,,,,,,50000,,false,,false,,false,39510,false,,,,
1_SPSP 2-2_OC2.2,"Efeito 2.2: Até 2027, os principais ecossistemas marinhos e terrestres e a biodiversidade estarão melhor protegidos, restaurados e geridos de forma mais sustentável, e a resiliência aos choques e impactos das alterações climáticas será melhorada e mais sensíveis às questões do género. / Outcome 2.2: By 2027, key marine and land ecosystems and biodiversity are better protected, restored, and more sustainably managed and the resilience to shocks and climate change are improved and gender responsive.",1_SPSP 2-2_OC2.2-3_OU2.2.4,"Produto 2.2.4: Os atores têm melhor acesso ao conhecimento, técnicas e tecnologias inovadoras para um planeamento territorial integrado sensível ao género, incluindo a tomada de decisões sobre o uso da terra e do mar, o funcionamento saudável dos ecossistemas e o aumento sustentável dos serviços prestados.",2023-02-01,2023-12-31,1_SPSP 2-2_OC2.2-3_OU2.2.4-4_SOU1,108721,Reforço das capacidades nacionais para a protecção e promoção do património cultural subaquático com a criação de novos museus e parques arqueológicos subaquáticos (UNESCO)	 	,UNESCO,"United Nations Educational, Scientific and Cultural Organisation",,,,,,,,,,true,,false,,false,,false,128000,,,
1_SPSP 2-2_OC2.2,"Efeito 2.2: Até 2027, os principais ecossistemas marinhos e terrestres e a biodiversidade estarão melhor protegidos, restaurados e geridos de forma mais sustentável, e a resiliência aos choques e impactos das alterações climáticas será melhorada e mais sensíveis às questões do género. / Outcome 2.2: By 2027, key marine and land ecosystems and biodiversity are better protected, restored, and more sustainably managed and the resilience to shocks and climate change are improved and gender responsive.",1_SPSP 2-2_OC2.2-3_OU2.2.4,"Produto 2.2.4: Os atores têm melhor acesso ao conhecimento, técnicas e tecnologias inovadoras para um planeamento territorial integrado sensível ao género, incluindo a tomada de decisões sobre o uso da terra e do mar, o funcionamento saudável dos ecossistemas e o aumento sustentável dos serviços prestados.",2023-02-01,2023-12-31,1_SPSP 2-2_OC2.2-3_OU2.2.4-4_SOU1,108721,Reforço das capacidades nacionais para a protecção e promoção do património cultural subaquático com a criação de novos museus e parques arqueológicos subaquáticos (UNESCO)	 	,UNESCO,"United Nations Educational, Scientific and Cultural Organisation",Core Funding,Multilateral - UN organizations excluding pooled funds,,,12000,,,,12000,true,,false,,false,,false,,,,
1_SPSP 2-2_OC2.2,"Efeito 2.2: Até 2027, os principais ecossistemas marinhos e terrestres e a biodiversidade estarão melhor protegidos, restaurados e geridos de forma mais sustentável, e a resiliência aos choques e impactos das alterações climáticas será melhorada e mais sensíveis às questões do género. / Outcome 2.2: By 2027, key marine and land ecosystems and biodiversity are better protected, restored, and more sustainably managed and the resilience to shocks and climate change are improved and gender responsive.",1_SPSP 2-2_OC2.2-3_OU2.2.4,"Produto 2.2.4: Os atores têm melhor acesso ao conhecimento, técnicas e tecnologias inovadoras para um planeamento territorial integrado sensível ao género, incluindo a tomada de decisões sobre o uso da terra e do mar, o funcionamento saudável dos ecossistemas e o aumento sustentável dos serviços prestados.",2023-02-01,2023-12-31,1_SPSP 2-2_OC2.2-3_OU2.2.4-4_SOU1,108721,Reforço das capacidades nacionais para a protecção e promoção do património cultural subaquático com a criação de novos museus e parques arqueológicos subaquáticos (UNESCO)	 	,UNESCO,"United Nations Educational, Scientific and Cultural Organisation",European Union,EU Institutions,,,116000,,,,116000,true,,false,,false,,false,,,,
1_SPSP 2-2_OC2.2,"Efeito 2.2: Até 2027, os principais ecossistemas marinhos e terrestres e a biodiversidade estarão melhor protegidos, restaurados e geridos de forma mais sustentável, e a resiliência aos choques e impactos das alterações climáticas será melhorada e mais sensíveis às questões do género. / Outcome 2.2: By 2027, key marine and land ecosystems and biodiversity are better protected, restored, and more sustainably managed and the resilience to shocks and climate change are improved and gender responsive.",1_SPSP 2-2_OC2.2-3_OU2.2.4,"Produto 2.2.4: Os atores têm melhor acesso ao conhecimento, técnicas e tecnologias inovadoras para um planeamento territorial integrado sensível ao género, incluindo a tomada de decisões sobre o uso da terra e do mar, o funcionamento saudável dos ecossistemas e o aumento sustentável dos serviços prestados.",2023-01-01,2023-12-31,1_SPSP 2-2_OC2.2-3_OU2.2.4-4_SOU2,108722,Capacitação de técnicos do património de Cabo Verde e da Guiné sobre Património Mundial e património cultural imaterial (UNESCO)	,UNESCO,"United Nations Educational, Scientific and Cultural Organisation",,,,,,,,,,true,,false,,false,,false,15000,,,
1_SPSP 2-2_OC2.2,"Efeito 2.2: Até 2027, os principais ecossistemas marinhos e terrestres e a biodiversidade estarão melhor protegidos, restaurados e geridos de forma mais sustentável, e a resiliência aos choques e impactos das alterações climáticas será melhorada e mais sensíveis às questões do género. / Outcome 2.2: By 2027, key marine and land ecosystems and biodiversity are better protected, restored, and more sustainably managed and the resilience to shocks and climate change are improved and gender responsive.",1_SPSP 2-2_OC2.2-3_OU2.2.4,"Produto 2.2.4: Os atores têm melhor acesso ao conhecimento, técnicas e tecnologias inovadoras para um planeamento territorial integrado sensível ao género, incluindo a tomada de decisões sobre o uso da terra e do mar, o funcionamento saudável dos ecossistemas e o aumento sustentável dos serviços prestados.",2023-01-01,2023-12-31,1_SPSP 2-2_OC2.2-3_OU2.2.4-4_SOU2,108722,Capacitação de técnicos do património de Cabo Verde e da Guiné sobre Património Mundial e património cultural imaterial (UNESCO)	,UNESCO,"United Nations Educational, Scientific and Cultural Organisation",Core Funding,Multilateral - UN organizations excluding pooled funds,,,15000,,,,15000,true,,false,,false,,false,,,,
1_SPSP 2-2_OC2.2,"Efeito 2.2: Até 2027, os principais ecossistemas marinhos e terrestres e a biodiversidade estarão melhor protegidos, restaurados e geridos de forma mais sustentável, e a resiliência aos choques e impactos das alterações climáticas será melhorada e mais sensíveis às questões do género. / Outcome 2.2: By 2027, key marine and land ecosystems and biodiversity are better protected, restored, and more sustainably managed and the resilience to shocks and climate change are improved and gender responsive.",1_SPSP 2-2_OC2.2-3_OU2.2.4,"Produto 2.2.4: Os atores têm melhor acesso ao conhecimento, técnicas e tecnologias inovadoras para um planeamento territorial integrado sensível ao género, incluindo a tomada de decisões sobre o uso da terra e do mar, o funcionamento saudável dos ecossistemas e o aumento sustentável dos serviços prestados.",2023-03-01,2024-12-31,1_SPSP 2-2_OC2.2-3_OU2.2.4-4_SOU3,108723,Reforço e melhoria do quadro institucional de planeamento do sector marítimo e de gestão de ameaças (UNDP)	,UNDP,United Nations Development Programme,,,,,,,,,,true,,false,,false,,false,460000,450000,,
1_SPSP 2-2_OC2.2,"Efeito 2.2: Até 2027, os principais ecossistemas marinhos e terrestres e a biodiversidade estarão melhor protegidos, restaurados e geridos de forma mais sustentável, e a resiliência aos choques e impactos das alterações climáticas será melhorada e mais sensíveis às questões do género. / Outcome 2.2: By 2027, key marine and land ecosystems and biodiversity are better protected, restored, and more sustainably managed and the resilience to shocks and climate change are improved and gender responsive.",1_SPSP 2-2_OC2.2-3_OU2.2.4,"Produto 2.2.4: Os atores têm melhor acesso ao conhecimento, técnicas e tecnologias inovadoras para um planeamento territorial integrado sensível ao género, incluindo a tomada de decisões sobre o uso da terra e do mar, o funcionamento saudável dos ecossistemas e o aumento sustentável dos serviços prestados.",2023-03-01,2024-12-31,1_SPSP 2-2_OC2.2-3_OU2.2.4-4_SOU3,108723,Reforço e melhoria do quadro institucional de planeamento do sector marítimo e de gestão de ameaças (UNDP)	,UNDP,United Nations Development Programme,The Global Environment Facility,Multilateral - Global vertical funds,,,460000,450000,,,60000,true,250000,false,,false,,false,,,,
1_SPSP 2-2_OC2.2,"Efeito 2.2: Até 2027, os principais ecossistemas marinhos e terrestres e a biodiversidade estarão melhor protegidos, restaurados e geridos de forma mais sustentável, e a resiliência aos choques e impactos das alterações climáticas será melhorada e mais sensíveis às questões do género. / Outcome 2.2: By 2027, key marine and land ecosystems and biodiversity are better protected, restored, and more sustainably managed and the resilience to shocks and climate change are improved and gender responsive.",1_SPSP 2-2_OC2.2-3_OU2.2.4,"Produto 2.2.4: Os atores têm melhor acesso ao conhecimento, técnicas e tecnologias inovadoras para um planeamento territorial integrado sensível ao género, incluindo a tomada de decisões sobre o uso da terra e do mar, o funcionamento saudável dos ecossistemas e o aumento sustentável dos serviços prestados.",2023-06-01,2024-12-31,1_SPSP 2-2_OC2.2-3_OU2.2.4-4_SOU4,108724,Reforço das capacidade técnica nacional dos intervenientes ligados á conservação e utilização sustentável da biodiversidade marinha (UNDP)	,UNDP,United Nations Development Programme,,,,,,,,,,true,,false,,false,,false,303490,653490,,
1_SPSP 2-2_OC2.2,"Efeito 2.2: Até 2027, os principais ecossistemas marinhos e terrestres e a biodiversidade estarão melhor protegidos, restaurados e geridos de forma mais sustentável, e a resiliência aos choques e impactos das alterações climáticas será melhorada e mais sensíveis às questões do género. / Outcome 2.2: By 2027, key marine and land ecosystems and biodiversity are better protected, restored, and more sustainably managed and the resilience to shocks and climate change are improved and gender responsive.",1_SPSP 2-2_OC2.2-3_OU2.2.4,"Produto 2.2.4: Os atores têm melhor acesso ao conhecimento, técnicas e tecnologias inovadoras para um planeamento territorial integrado sensível ao género, incluindo a tomada de decisões sobre o uso da terra e do mar, o funcionamento saudável dos ecossistemas e o aumento sustentável dos serviços prestados.",2023-06-01,2024-12-31,1_SPSP 2-2_OC2.2-3_OU2.2.4-4_SOU4,108724,Reforço das capacidade técnica nacional dos intervenientes ligados á conservação e utilização sustentável da biodiversidade marinha (UNDP)	,UNDP,United Nations Development Programme,The Global Environment Facility,Multilateral - Global vertical funds,,,303490,653490,,,17317,true,40578,false,,false,,false,,,,
1_SPSP 2-2_OC2.2,"Efeito 2.2: Até 2027, os principais ecossistemas marinhos e terrestres e a biodiversidade estarão melhor protegidos, restaurados e geridos de forma mais sustentável, e a resiliência aos choques e impactos das alterações climáticas será melhorada e mais sensíveis às questões do género. / Outcome 2.2: By 2027, key marine and land ecosystems and biodiversity are better protected, restored, and more sustainably managed and the resilience to shocks and climate change are improved and gender responsive.",1_SPSP 2-2_OC2.2-3_OU2.2.4,"Produto 2.2.4: Os atores têm melhor acesso ao conhecimento, técnicas e tecnologias inovadoras para um planeamento territorial integrado sensível ao género, incluindo a tomada de decisões sobre o uso da terra e do mar, o funcionamento saudável dos ecossistemas e o aumento sustentável dos serviços prestados.",2023-01-01,2024-12-31,1_SPSP 2-2_OC2.2-3_OU2.2.4-4_SOU5,108725,"Reforçar os sistemas de recolha, análise, sistematização, e divulgação de dados nos setores AFOLU, pescas, e LULUCF (FAO)	 	",FAO,Food and Agriculture Organization of the United Nations,,,,,,,,,,false,,false,,false,,false,122352,120000,,
1_SPSP 2-2_OC2.2,"Efeito 2.2: Até 2027, os principais ecossistemas marinhos e terrestres e a biodiversidade estarão melhor protegidos, restaurados e geridos de forma mais sustentável, e a resiliência aos choques e impactos das alterações climáticas será melhorada e mais sensíveis às questões do género. / Outcome 2.2: By 2027, key marine and land ecosystems and biodiversity are better protected, restored, and more sustainably managed and the resilience to shocks and climate change are improved and gender responsive.",1_SPSP 2-2_OC2.2-3_OU2.2.4,"Produto 2.2.4: Os atores têm melhor acesso ao conhecimento, técnicas e tecnologias inovadoras para um planeamento territorial integrado sensível ao género, incluindo a tomada de decisões sobre o uso da terra e do mar, o funcionamento saudável dos ecossistemas e o aumento sustentável dos serviços prestados.",2023-01-01,2024-12-31,1_SPSP 2-2_OC2.2-3_OU2.2.4-4_SOU5,108725,"Reforçar os sistemas de recolha, análise, sistematização, e divulgação de dados nos setores AFOLU, pescas, e LULUCF (FAO)	 	",FAO,Food and Agriculture Organization of the United Nations,The Global Environment Facility,Multilateral - Global vertical funds,,,25552,100000,,,25552,false,57373,false,,false,,false,,,,
1_SPSP 2-2_OC2.2,"Efeito 2.2: Até 2027, os principais ecossistemas marinhos e terrestres e a biodiversidade estarão melhor protegidos, restaurados e geridos de forma mais sustentável, e a resiliência aos choques e impactos das alterações climáticas será melhorada e mais sensíveis às questões do género. / Outcome 2.2: By 2027, key marine and land ecosystems and biodiversity are better protected, restored, and more sustainably managed and the resilience to shocks and climate change are improved and gender responsive.",1_SPSP 2-2_OC2.2-3_OU2.2.4,"Produto 2.2.4: Os atores têm melhor acesso ao conhecimento, técnicas e tecnologias inovadoras para um planeamento territorial integrado sensível ao género, incluindo a tomada de decisões sobre o uso da terra e do mar, o funcionamento saudável dos ecossistemas e o aumento sustentável dos serviços prestados.",2023-01-01,2024-12-31,1_SPSP 2-2_OC2.2-3_OU2.2.4-4_SOU5,108725,"Reforçar os sistemas de recolha, análise, sistematização, e divulgação de dados nos setores AFOLU, pescas, e LULUCF (FAO)	 	",FAO,Food and Agriculture Organization of the United Nations,Green Climate Fund (Readiness and Preparatory Support),Multilateral - Global vertical funds,The Green Climate Fund,Multilateral - Global vertical funds,96800,20000,,,91362,false,15761,false,,false,,false,,,,
1_SPSP 2-2_OC2.2,"Efeito 2.2: Até 2027, os principais ecossistemas marinhos e terrestres e a biodiversidade estarão melhor protegidos, restaurados e geridos de forma mais sustentável, e a resiliência aos choques e impactos das alterações climáticas será melhorada e mais sensíveis às questões do género. / Outcome 2.2: By 2027, key marine and land ecosystems and biodiversity are better protected, restored, and more sustainably managed and the resilience to shocks and climate change are improved and gender responsive.",1_SPSP 2-2_OC2.2-3_OU2.2.4,"Produto 2.2.4: Os atores têm melhor acesso ao conhecimento, técnicas e tecnologias inovadoras para um planeamento territorial integrado sensível ao género, incluindo a tomada de decisões sobre o uso da terra e do mar, o funcionamento saudável dos ecossistemas e o aumento sustentável dos serviços prestados.",2024-01-01,2024-12-31,1_SPSP 2-2_OC2.2-3_OU2.2.4-4_SOU6,148279,"Reforço das capacidades regionais em matéria de ciência aberta e de políticas inclusivas de ciência, tecnologia e inovação (UNESCO)",UNESCO,"United Nations Educational, Scientific and Cultural Organisation",,,,,,,,,,,,,,,,,,,,
1_SPSP 2-2_OC2.2,"Efeito 2.2: Até 2027, os principais ecossistemas marinhos e terrestres e a biodiversidade estarão melhor protegidos, restaurados e geridos de forma mais sustentável, e a resiliência aos choques e impactos das alterações climáticas será melhorada e mais sensíveis às questões do género. / Outcome 2.2: By 2027, key marine and land ecosystems and biodiversity are better protected, restored, and more sustainably managed and the resilience to shocks and climate change are improved and gender responsive.",1_SPSP 2-2_OC2.2-3_OU2.2.4,"Produto 2.2.4: Os atores têm melhor acesso ao conhecimento, técnicas e tecnologias inovadoras para um planeamento territorial integrado sensível ao género, incluindo a tomada de decisões sobre o uso da terra e do mar, o funcionamento saudável dos ecossistemas e o aumento sustentável dos serviços prestados.",2024-01-01,2024-12-31,1_SPSP 2-2_OC2.2-3_OU2.2.4-4_SOU7,148280,"Desenvolvimento de uma proposta de projeto sobre ciência para a transformação sustentável, com destaque para o ensino das STEM, as competências digitais, a inovação e o empreendedorismo (UNESCO)",UNESCO,"United Nations Educational, Scientific and Cultural Organisation",,,,,,,,,,false,,false,,false,,false,,8000,,
1_SPSP 2-2_OC2.2,"Efeito 2.2: Até 2027, os principais ecossistemas marinhos e terrestres e a biodiversidade estarão melhor protegidos, restaurados e geridos de forma mais sustentável, e a resiliência aos choques e impactos das alterações climáticas será melhorada e mais sensíveis às questões do género. / Outcome 2.2: By 2027, key marine and land ecosystems and biodiversity are better protected, restored, and more sustainably managed and the resilience to shocks and climate change are improved and gender responsive.",1_SPSP 2-2_OC2.2-3_OU2.2.4,"Produto 2.2.4: Os atores têm melhor acesso ao conhecimento, técnicas e tecnologias inovadoras para um planeamento territorial integrado sensível ao género, incluindo a tomada de decisões sobre o uso da terra e do mar, o funcionamento saudável dos ecossistemas e o aumento sustentável dos serviços prestados.",2024-01-01,2024-12-31,1_SPSP 2-2_OC2.2-3_OU2.2.4-4_SOU7,148280,"Desenvolvimento de uma proposta de projeto sobre ciência para a transformação sustentável, com destaque para o ensino das STEM, as competências digitais, a inovação e o empreendedorismo (UNESCO)",UNESCO,"United Nations Educational, Scientific and Cultural Organisation",UNESCO Regular Programme,Multilateral - UN organizations excluding pooled funds,,,,,,,,false,,false,,false,,false,,,,
1_SPSP 2-2_OC2.2,"Efeito 2.2: Até 2027, os principais ecossistemas marinhos e terrestres e a biodiversidade estarão melhor protegidos, restaurados e geridos de forma mais sustentável, e a resiliência aos choques e impactos das alterações climáticas será melhorada e mais sensíveis às questões do género. / Outcome 2.2: By 2027, key marine and land ecosystems and biodiversity are better protected, restored, and more sustainably managed and the resilience to shocks and climate change are improved and gender responsive.",1_SPSP 2-2_OC2.2-3_OU2.2.4,"Produto 2.2.4: Os atores têm melhor acesso ao conhecimento, técnicas e tecnologias inovadoras para um planeamento territorial integrado sensível ao género, incluindo a tomada de decisões sobre o uso da terra e do mar, o funcionamento saudável dos ecossistemas e o aumento sustentável dos serviços prestados.",2024-06-01,2024-12-31,1_SPSP 2-2_OC2.2-3_OU2.2.4-4_SOU8,149404,Reforço das capacidades nacionais para a protecção e promoção do património cultural subaquático (UNESCO)	 	,UNESCO,"United Nations Educational, Scientific and Cultural Organisation",,,,,,,,,,false,,false,,false,,false,,50000,,
1_SPSP 2-2_OC2.2,"Efeito 2.2: Até 2027, os principais ecossistemas marinhos e terrestres e a biodiversidade estarão melhor protegidos, restaurados e geridos de forma mais sustentável, e a resiliência aos choques e impactos das alterações climáticas será melhorada e mais sensíveis às questões do género. / Outcome 2.2: By 2027, key marine and land ecosystems and biodiversity are better protected, restored, and more sustainably managed and the resilience to shocks and climate change are improved and gender responsive.",1_SPSP 2-2_OC2.2-3_OU2.2.4,"Produto 2.2.4: Os atores têm melhor acesso ao conhecimento, técnicas e tecnologias inovadoras para um planeamento territorial integrado sensível ao género, incluindo a tomada de decisões sobre o uso da terra e do mar, o funcionamento saudável dos ecossistemas e o aumento sustentável dos serviços prestados.",2024-06-01,2024-12-31,1_SPSP 2-2_OC2.2-3_OU2.2.4-4_SOU8,149404,Reforço das capacidades nacionais para a protecção e promoção do património cultural subaquático (UNESCO)	 	,UNESCO,"United Nations Educational, Scientific and Cultural Organisation",Core Funding,Multilateral - UN organizations excluding pooled funds,,,,41641,,,,false,41641,false,,false,,false,,,,
1_SPSP 2-2_OC2.2,"Efeito 2.2: Até 2027, os principais ecossistemas marinhos e terrestres e a biodiversidade estarão melhor protegidos, restaurados e geridos de forma mais sustentável, e a resiliência aos choques e impactos das alterações climáticas será melhorada e mais sensíveis às questões do género. / Outcome 2.2: By 2027, key marine and land ecosystems and biodiversity are better protected, restored, and more sustainably managed and the resilience to shocks and climate change are improved and gender responsive.",1_SPSP 2-2_OC2.2-3_OU2.2.4,"Produto 2.2.4: Os atores têm melhor acesso ao conhecimento, técnicas e tecnologias inovadoras para um planeamento territorial integrado sensível ao género, incluindo a tomada de decisões sobre o uso da terra e do mar, o funcionamento saudável dos ecossistemas e o aumento sustentável dos serviços prestados.",2025-01-01,2025-12-31,1_SPSP 2-2_OC2.2-3_OU2.2.4-4_SOU9,179350,"Tourist signposting of Cidade Velha, World Heritage Site (UNESCO)",UNESCO,"United Nations Educational, Scientific and Cultural Organisation",,,,,,,,,,false,,false,,false,,false,,,25600,
1_SPSP 2-2_OC2.2,"Efeito 2.2: Até 2027, os principais ecossistemas marinhos e terrestres e a biodiversidade estarão melhor protegidos, restaurados e geridos de forma mais sustentável, e a resiliência aos choques e impactos das alterações climáticas será melhorada e mais sensíveis às questões do género. / Outcome 2.2: By 2027, key marine and land ecosystems and biodiversity are better protected, restored, and more sustainably managed and the resilience to shocks and climate change are improved and gender responsive.",1_SPSP 2-2_OC2.2-3_OU2.2.4,"Produto 2.2.4: Os atores têm melhor acesso ao conhecimento, técnicas e tecnologias inovadoras para um planeamento territorial integrado sensível ao género, incluindo a tomada de decisões sobre o uso da terra e do mar, o funcionamento saudável dos ecossistemas e o aumento sustentável dos serviços prestados.",2025-01-01,2025-12-31,1_SPSP 2-2_OC2.2-3_OU2.2.4-4_SOU9,179350,"Tourist signposting of Cidade Velha, World Heritage Site (UNESCO)",UNESCO,"United Nations Educational, Scientific and Cultural Organisation",Core Funding,Multilateral - UN organizations excluding pooled funds,,,,,25600,,,false,,false,25600,false,,false,,,,
1_SPSP 2-2_OC2.2,"Efeito 2.2: Até 2027, os principais ecossistemas marinhos e terrestres e a biodiversidade estarão melhor protegidos, restaurados e geridos de forma mais sustentável, e a resiliência aos choques e impactos das alterações climáticas será melhorada e mais sensíveis às questões do género. / Outcome 2.2: By 2027, key marine and land ecosystems and biodiversity are better protected, restored, and more sustainably managed and the resilience to shocks and climate change are improved and gender responsive.",1_SPSP 2-2_OC2.2-3_OU2.2.4,"Produto 2.2.4: Os atores têm melhor acesso ao conhecimento, técnicas e tecnologias inovadoras para um planeamento territorial integrado sensível ao género, incluindo a tomada de decisões sobre o uso da terra e do mar, o funcionamento saudável dos ecossistemas e o aumento sustentável dos serviços prestados.",2026-02-01,2026-10-01,1_SPSP 2-2_OC2.2-3_OU2.2.4-4_SOU10,211978,"Promoting and Sustaining Traditional Crafts in Cidade Velha Through Entrepreneurship Initiatives ",UNESCO,"United Nations Educational, Scientific and Cultural Organisation",,,,,,,,,,false,,false,,false,,false,,,,90000
1_SPSP 2-2_OC2.2,"Efeito 2.2: Até 2027, os principais ecossistemas marinhos e terrestres e a biodiversidade estarão melhor protegidos, restaurados e geridos de forma mais sustentável, e a resiliência aos choques e impactos das alterações climáticas será melhorada e mais sensíveis às questões do género. / Outcome 2.2: By 2027, key marine and land ecosystems and biodiversity are better protected, restored, and more sustainably managed and the resilience to shocks and climate change are improved and gender responsive.",1_SPSP 2-2_OC2.2-3_OU2.2.4,"Produto 2.2.4: Os atores têm melhor acesso ao conhecimento, técnicas e tecnologias inovadoras para um planeamento territorial integrado sensível ao género, incluindo a tomada de decisões sobre o uso da terra e do mar, o funcionamento saudável dos ecossistemas e o aumento sustentável dos serviços prestados.",2026-02-01,2026-10-01,1_SPSP 2-2_OC2.2-3_OU2.2.4-4_SOU10,211978,"Promoting and Sustaining Traditional Crafts in Cidade Velha Through Entrepreneurship Initiatives ",UNESCO,"United Nations Educational, Scientific and Cultural Organisation","United Nations Educational, Scientific and Cultural Organisation",Multilateral - UN organizations excluding pooled funds,,,,,,90000,,false,,false,,false,,false,,,,
1_SPSP 2-2_OC2.2,"Efeito 2.2: Até 2027, os principais ecossistemas marinhos e terrestres e a biodiversidade estarão melhor protegidos, restaurados e geridos de forma mais sustentável, e a resiliência aos choques e impactos das alterações climáticas será melhorada e mais sensíveis às questões do género. / Outcome 2.2: By 2027, key marine and land ecosystems and biodiversity are better protected, restored, and more sustainably managed and the resilience to shocks and climate change are improved and gender responsive.",1_SPSP 2-2_OC2.2-3_OU2.2.4,"Produto 2.2.4: Os atores têm melhor acesso ao conhecimento, técnicas e tecnologias inovadoras para um planeamento territorial integrado sensível ao género, incluindo a tomada de decisões sobre o uso da terra e do mar, o funcionamento saudável dos ecossistemas e o aumento sustentável dos serviços prestados.",2026-01-01,2026-12-31,1_SPSP 2-2_OC2.2-3_OU2.2.4-4_SOU224,210100,"SIDS Adapt - O Projeto “Adaptação dos Pequenos Estados Insulares em Desenvolvimento da África Ocidental e Central (SIDS Adapt) – Reforço da Resiliência dos Sistemas Agrícolas às Alterações Climáticas” em Cabo Verde, Guiné-Bissau e São Tomé e Príncipe",IFAD,International Fund for Agricultural Development,,,,,,,,,,false,,false,,false,,false,,,,1540000
1_SPSP 2-2_OC2.2,"Efeito 2.2: Até 2027, os principais ecossistemas marinhos e terrestres e a biodiversidade estarão melhor protegidos, restaurados e geridos de forma mais sustentável, e a resiliência aos choques e impactos das alterações climáticas será melhorada e mais sensíveis às questões do género. / Outcome 2.2: By 2027, key marine and land ecosystems and biodiversity are better protected, restored, and more sustainably managed and the resilience to shocks and climate change are improved and gender responsive.",1_SPSP 2-2_OC2.2-3_OU2.2.4,"Produto 2.2.4: Os atores têm melhor acesso ao conhecimento, técnicas e tecnologias inovadoras para um planeamento territorial integrado sensível ao género, incluindo a tomada de decisões sobre o uso da terra e do mar, o funcionamento saudável dos ecossistemas e o aumento sustentável dos serviços prestados.",2026-01-01,2026-12-31,1_SPSP 2-2_OC2.2-3_OU2.2.4-4_SOU224,210100,"SIDS Adapt - O Projeto “Adaptação dos Pequenos Estados Insulares em Desenvolvimento da África Ocidental e Central (SIDS Adapt) – Reforço da Resiliência dos Sistemas Agrícolas às Alterações Climáticas” em Cabo Verde, Guiné-Bissau e São Tomé e Príncipe",IFAD,International Fund for Agricultural Development,Adaptation Fund,Multilateral - Global vertical funds,,,,,,377098,,false,,false,,false,65900,false,,,,
1_SPSP 2-2_OC2.2,"Efeito 2.2: Até 2027, os principais ecossistemas marinhos e terrestres e a biodiversidade estarão melhor protegidos, restaurados e geridos de forma mais sustentável, e a resiliência aos choques e impactos das alterações climáticas será melhorada e mais sensíveis às questões do género. / Outcome 2.2: By 2027, key marine and land ecosystems and biodiversity are better protected, restored, and more sustainably managed and the resilience to shocks and climate change are improved and gender responsive.",1_SPSP 2-2_OC2.2-3_OU2.2.4,"Produto 2.2.4: Os atores têm melhor acesso ao conhecimento, técnicas e tecnologias inovadoras para um planeamento territorial integrado sensível ao género, incluindo a tomada de decisões sobre o uso da terra e do mar, o funcionamento saudável dos ecossistemas e o aumento sustentável dos serviços prestados.",2026-01-01,2026-12-31,1_SPSP 2-2_OC2.2-3_OU2.2.4-4_SOU237,209915,"Desenvolvimento de um modelo de parcerias público-privadas (PPP), para a transição para uma economia circular na ilha da Boa Vista",UNEP,United Nations Environment Programme,,,,,,,,,,false,,false,,false,,false,,,,400000
1_SPSP 2-2_OC2.2,"Efeito 2.2: Até 2027, os principais ecossistemas marinhos e terrestres e a biodiversidade estarão melhor protegidos, restaurados e geridos de forma mais sustentável, e a resiliência aos choques e impactos das alterações climáticas será melhorada e mais sensíveis às questões do género. / Outcome 2.2: By 2027, key marine and land ecosystems and biodiversity are better protected, restored, and more sustainably managed and the resilience to shocks and climate change are improved and gender responsive.",1_SPSP 2-2_OC2.2-3_OU2.2.4,"Produto 2.2.4: Os atores têm melhor acesso ao conhecimento, técnicas e tecnologias inovadoras para um planeamento territorial integrado sensível ao género, incluindo a tomada de decisões sobre o uso da terra e do mar, o funcionamento saudável dos ecossistemas e o aumento sustentável dos serviços prestados.",2026-01-01,2026-12-31,1_SPSP 2-2_OC2.2-3_OU2.2.4-4_SOU237,209915,"Desenvolvimento de um modelo de parcerias público-privadas (PPP), para a transição para uma economia circular na ilha da Boa Vista",UNEP,United Nations Environment Programme,The Joint SDG Fund,Multilateral - UN Inter-agency pooled funds,,,,,,400000,,false,,false,,false,,false,,,,
1_SPSP 2-2_OC2.2,"Efeito 2.2: Até 2027, os principais ecossistemas marinhos e terrestres e a biodiversidade estarão melhor protegidos, restaurados e geridos de forma mais sustentável, e a resiliência aos choques e impactos das alterações climáticas será melhorada e mais sensíveis às questões do género. / Outcome 2.2: By 2027, key marine and land ecosystems and biodiversity are better protected, restored, and more sustainably managed and the resilience to shocks and climate change are improved and gender responsive.",1_SPSP 2-2_OC2.2-3_OU2.2.4,"Produto 2.2.4: Os atores têm melhor acesso ao conhecimento, técnicas e tecnologias inovadoras para um planeamento territorial integrado sensível ao género, incluindo a tomada de decisões sobre o uso da terra e do mar, o funcionamento saudável dos ecossistemas e o aumento sustentável dos serviços prestados.",2026-07-01,2027-12-31,1_SPSP 2-2_OC2.2-3_OU2.2.4-4_SOU240,211992,"Reduction and Prevention of Marine Litters in Lusophone SIDS, including Cabo Verde",UNESCO,"United Nations Educational, Scientific and Cultural Organisation",,,,,,,,,,,,,,,,,,,,
1_SPSP 2-2_OC2.2,"Efeito 2.2: Até 2027, os principais ecossistemas marinhos e terrestres e a biodiversidade estarão melhor protegidos, restaurados e geridos de forma mais sustentável, e a resiliência aos choques e impactos das alterações climáticas será melhorada e mais sensíveis às questões do género. / Outcome 2.2: By 2027, key marine and land ecosystems and biodiversity are better protected, restored, and more sustainably managed and the resilience to shocks and climate change are improved and gender responsive.",1_SPSP 2-2_OC2.2-3_OU2.2.4,"Produto 2.2.4: Os atores têm melhor acesso ao conhecimento, técnicas e tecnologias inovadoras para um planeamento territorial integrado sensível ao género, incluindo a tomada de decisões sobre o uso da terra e do mar, o funcionamento saudável dos ecossistemas e o aumento sustentável dos serviços prestados.",2025-07-01,2026-12-31,1_SPSP 2-2_OC2.2-3_OU2.2.4-4_SOU258,179689,"Melhoria da gestão sustentável da biodiversidade com proteção e restauração de ecossistemas terrestres e marinhos e redução da degradação, contribuindo para a neutralidade carbónica",FAO,Food and Agriculture Organization of the United Nations,,,,,,,,,,false,,false,,false,,false,,,600000,1000000
1_SPSP 2-2_OC2.2,"Efeito 2.2: Até 2027, os principais ecossistemas marinhos e terrestres e a biodiversidade estarão melhor protegidos, restaurados e geridos de forma mais sustentável, e a resiliência aos choques e impactos das alterações climáticas será melhorada e mais sensíveis às questões do género. / Outcome 2.2: By 2027, key marine and land ecosystems and biodiversity are better protected, restored, and more sustainably managed and the resilience to shocks and climate change are improved and gender responsive.",1_SPSP 2-2_OC2.2-3_OU2.2.4,"Produto 2.2.4: Os atores têm melhor acesso ao conhecimento, técnicas e tecnologias inovadoras para um planeamento territorial integrado sensível ao género, incluindo a tomada de decisões sobre o uso da terra e do mar, o funcionamento saudável dos ecossistemas e o aumento sustentável dos serviços prestados.",2025-07-01,2026-12-31,1_SPSP 2-2_OC2.2-3_OU2.2.4-4_SOU258,179689,"Melhoria da gestão sustentável da biodiversidade com proteção e restauração de ecossistemas terrestres e marinhos e redução da degradação, contribuindo para a neutralidade carbónica",FAO,Food and Agriculture Organization of the United Nations,The Global Environment Facility,Multilateral - Global vertical funds,,,,,113615,250000,,false,,false,108799,false,,false,,,,
1_SPSP 2-2_OC2.2,"Efeito 2.2: Até 2027, os principais ecossistemas marinhos e terrestres e a biodiversidade estarão melhor protegidos, restaurados e geridos de forma mais sustentável, e a resiliência aos choques e impactos das alterações climáticas será melhorada e mais sensíveis às questões do género. / Outcome 2.2: By 2027, key marine and land ecosystems and biodiversity are better protected, restored, and more sustainably managed and the resilience to shocks and climate change are improved and gender responsive.",1_SPSP 2-2_OC2.2-3_OU2.2.4,"Produto 2.2.4: Os atores têm melhor acesso ao conhecimento, técnicas e tecnologias inovadoras para um planeamento territorial integrado sensível ao género, incluindo a tomada de decisões sobre o uso da terra e do mar, o funcionamento saudável dos ecossistemas e o aumento sustentável dos serviços prestados.",2023-01-01,2026-12-31,1_SPSP 2-2_OC2.2-3_OU2.2.4-4_SOU261,209710,"Assistência técnica prestada para o RGA e a aplicação da ferramenta TAPE, reforçando a disponibilidade de dados agrícolas e agroecológicos para a planificação e a tomada de decisão baseada em evidências.",FAO,Food and Agriculture Organization of the United Nations,,,,,,,,,,false,,false,,false,,false,,,,660000
1_SPSP 2-2_OC2.2,"Efeito 2.2: Até 2027, os principais ecossistemas marinhos e terrestres e a biodiversidade estarão melhor protegidos, restaurados e geridos de forma mais sustentável, e a resiliência aos choques e impactos das alterações climáticas será melhorada e mais sensíveis às questões do género. / Outcome 2.2: By 2027, key marine and land ecosystems and biodiversity are better protected, restored, and more sustainably managed and the resilience to shocks and climate change are improved and gender responsive.",1_SPSP 2-2_OC2.2-3_OU2.2.4,"Produto 2.2.4: Os atores têm melhor acesso ao conhecimento, técnicas e tecnologias inovadoras para um planeamento territorial integrado sensível ao género, incluindo a tomada de decisões sobre o uso da terra e do mar, o funcionamento saudável dos ecossistemas e o aumento sustentável dos serviços prestados.",2023-01-01,2026-12-31,1_SPSP 2-2_OC2.2-3_OU2.2.4-4_SOU261,209710,"Assistência técnica prestada para o RGA e a aplicação da ferramenta TAPE, reforçando a disponibilidade de dados agrícolas e agroecológicos para a planificação e a tomada de decisão baseada em evidências.",FAO,Food and Agriculture Organization of the United Nations,European Union,EU Institutions,,,,,,660000,,false,,false,,false,,false,,,,
1_SPSP 2-2_OC2.2,"Efeito 2.2: Até 2027, os principais ecossistemas marinhos e terrestres e a biodiversidade estarão melhor protegidos, restaurados e geridos de forma mais sustentável, e a resiliência aos choques e impactos das alterações climáticas será melhorada e mais sensíveis às questões do género. / Outcome 2.2: By 2027, key marine and land ecosystems and biodiversity are better protected, restored, and more sustainably managed and the resilience to shocks and climate change are improved and gender responsive.",1_SPSP 2-2_OC2.2-3_OU2.2.4,"Produto 2.2.4: Os atores têm melhor acesso ao conhecimento, técnicas e tecnologias inovadoras para um planeamento territorial integrado sensível ao género, incluindo a tomada de decisões sobre o uso da terra e do mar, o funcionamento saudável dos ecossistemas e o aumento sustentável dos serviços prestados.",2025-12-31,2027-09-30,1_SPSP 2-2_OC2.2-3_OU2.2.4-4_SOU265,180110,"Suporte ao Governo da utilização sustentável dos recursos marinhos e  promoção da economia azul - 2025 (Output 2.1, 2.4) (UNDP)	",UNDP,United Nations Development Programme,,,,,,,,,,,,,,,,,,,,
1_SPSP 3-2_OC3,"Efeito 3.1: Até 2027, mais pessoas, especialmente mulheres, jovens e grupos vulneráveis, exercerão livremente os seus direitos, participarão e beneficiarão de instituições inclusivas, resilientes, transparentes e responsáveis e de um sistema de governação democrática mais modernizado, transformador e eficaz que defenda o Estado de direito, a nível nacional e local. / Outcome 3: By 2027, more people, especially women, youth and those in vulnerable groups, freely exercise their rights, participate in, and benefit from, inclusive, resilient, transparent, and accountable institutions and a more modernized, transformative and effective system of democratic governance that upholds the rule of law, at national and local levels.",1_SPSP 3-2_OC3-3_OU3.1.1,"Produto 3.1.1: Mais pessoas, particularmente mulheres, jovens e pessoas que vivem em situações vulneráveis, estão empoderadas para exercer os seus direitos, individualmente ou através de organizações da sociedade civil mais fortes e mais eficazes.",2023-05-01,2023-12-31,1_SPSP 3-2_OC3-3_OU3.1.1-4_SOU1,108580,"Reforço da resiliencia e coesão social através da criação e consolidação de espaço civico mais inclusivo, que engaja as mulheres, os jovens e os grupos vulneraveis (UNDP)",UNDP,United Nations Development Programme,,,,,,,,,,false,,false,,false,,false,1002466,,,
1_SPSP 3-2_OC3,"Efeito 3.1: Até 2027, mais pessoas, especialmente mulheres, jovens e grupos vulneráveis, exercerão livremente os seus direitos, participarão e beneficiarão de instituições inclusivas, resilientes, transparentes e responsáveis e de um sistema de governação democrática mais modernizado, transformador e eficaz que defenda o Estado de direito, a nível nacional e local. / Outcome 3: By 2027, more people, especially women, youth and those in vulnerable groups, freely exercise their rights, participate in, and benefit from, inclusive, resilient, transparent, and accountable institutions and a more modernized, transformative and effective system of democratic governance that upholds the rule of law, at national and local levels.",1_SPSP 3-2_OC3-3_OU3.1.1,"Produto 3.1.1: Mais pessoas, particularmente mulheres, jovens e pessoas que vivem em situações vulneráveis, estão empoderadas para exercer os seus direitos, individualmente ou através de organizações da sociedade civil mais fortes e mais eficazes.",2023-05-01,2023-12-31,1_SPSP 3-2_OC3-3_OU3.1.1-4_SOU1,108580,"Reforço da resiliencia e coesão social através da criação e consolidação de espaço civico mais inclusivo, que engaja as mulheres, os jovens e os grupos vulneraveis (UNDP)",UNDP,United Nations Development Programme,Luxembourg,Government,,,,,,,,false,,false,,false,,false,,,,
1_SPSP 3-2_OC3,"Efeito 3.1: Até 2027, mais pessoas, especialmente mulheres, jovens e grupos vulneráveis, exercerão livremente os seus direitos, participarão e beneficiarão de instituições inclusivas, resilientes, transparentes e responsáveis e de um sistema de governação democrática mais modernizado, transformador e eficaz que defenda o Estado de direito, a nível nacional e local. / Outcome 3: By 2027, more people, especially women, youth and those in vulnerable groups, freely exercise their rights, participate in, and benefit from, inclusive, resilient, transparent, and accountable institutions and a more modernized, transformative and effective system of democratic governance that upholds the rule of law, at national and local levels.",1_SPSP 3-2_OC3-3_OU3.1.1,"Produto 3.1.1: Mais pessoas, particularmente mulheres, jovens e pessoas que vivem em situações vulneráveis, estão empoderadas para exercer os seus direitos, individualmente ou através de organizações da sociedade civil mais fortes e mais eficazes.",2023-05-01,2023-12-31,1_SPSP 3-2_OC3-3_OU3.1.1-4_SOU2,108602,"Capacitação de Jovens e mulheres para uma melhor e mais ativa participação em processos de tomada de decisão, defesa dos direitos humanos e na vida politica do país (UNDP)",UNDP,United Nations Development Programme,,,,,,,,,,true,,false,,false,,false,25000,,,
1_SPSP 3-2_OC3,"Efeito 3.1: Até 2027, mais pessoas, especialmente mulheres, jovens e grupos vulneráveis, exercerão livremente os seus direitos, participarão e beneficiarão de instituições inclusivas, resilientes, transparentes e responsáveis e de um sistema de governação democrática mais modernizado, transformador e eficaz que defenda o Estado de direito, a nível nacional e local. / Outcome 3: By 2027, more people, especially women, youth and those in vulnerable groups, freely exercise their rights, participate in, and benefit from, inclusive, resilient, transparent, and accountable institutions and a more modernized, transformative and effective system of democratic governance that upholds the rule of law, at national and local levels.",1_SPSP 3-2_OC3-3_OU3.1.1,"Produto 3.1.1: Mais pessoas, particularmente mulheres, jovens e pessoas que vivem em situações vulneráveis, estão empoderadas para exercer os seus direitos, individualmente ou através de organizações da sociedade civil mais fortes e mais eficazes.",2023-05-01,2023-12-31,1_SPSP 3-2_OC3-3_OU3.1.1-4_SOU2,108602,"Capacitação de Jovens e mulheres para uma melhor e mais ativa participação em processos de tomada de decisão, defesa dos direitos humanos e na vida politica do país (UNDP)",UNDP,United Nations Development Programme,Core Funding,Multilateral - UN organizations excluding pooled funds,,,10000,,,,10000,true,,false,,false,,false,,,,
1_SPSP 3-2_OC3,"Efeito 3.1: Até 2027, mais pessoas, especialmente mulheres, jovens e grupos vulneráveis, exercerão livremente os seus direitos, participarão e beneficiarão de instituições inclusivas, resilientes, transparentes e responsáveis e de um sistema de governação democrática mais modernizado, transformador e eficaz que defenda o Estado de direito, a nível nacional e local. / Outcome 3: By 2027, more people, especially women, youth and those in vulnerable groups, freely exercise their rights, participate in, and benefit from, inclusive, resilient, transparent, and accountable institutions and a more modernized, transformative and effective system of democratic governance that upholds the rule of law, at national and local levels.",1_SPSP 3-2_OC3-3_OU3.1.1,"Produto 3.1.1: Mais pessoas, particularmente mulheres, jovens e pessoas que vivem em situações vulneráveis, estão empoderadas para exercer os seus direitos, individualmente ou através de organizações da sociedade civil mais fortes e mais eficazes.",2023-05-01,2024-12-31,1_SPSP 3-2_OC3-3_OU3.1.1-4_SOU3,108603,"Aumento da capacidade de investimento e desenvolvimento do empreendedorismo, incluindo os temas da concorrência e proteção ao consumidor para melhor integração no sistema multilateral de comércio (UNCTAD)",UNCTAD,United Nations Conference on Trade and Development,,,,,,,,,,true,,false,,false,,false,300000,300000,,
1_SPSP 3-2_OC3,"Efeito 3.1: Até 2027, mais pessoas, especialmente mulheres, jovens e grupos vulneráveis, exercerão livremente os seus direitos, participarão e beneficiarão de instituições inclusivas, resilientes, transparentes e responsáveis e de um sistema de governação democrática mais modernizado, transformador e eficaz que defenda o Estado de direito, a nível nacional e local. / Outcome 3: By 2027, more people, especially women, youth and those in vulnerable groups, freely exercise their rights, participate in, and benefit from, inclusive, resilient, transparent, and accountable institutions and a more modernized, transformative and effective system of democratic governance that upholds the rule of law, at national and local levels.",1_SPSP 3-2_OC3-3_OU3.1.1,"Produto 3.1.1: Mais pessoas, particularmente mulheres, jovens e pessoas que vivem em situações vulneráveis, estão empoderadas para exercer os seus direitos, individualmente ou através de organizações da sociedade civil mais fortes e mais eficazes.",2023-05-01,2024-12-31,1_SPSP 3-2_OC3-3_OU3.1.1-4_SOU3,108603,"Aumento da capacidade de investimento e desenvolvimento do empreendedorismo, incluindo os temas da concorrência e proteção ao consumidor para melhor integração no sistema multilateral de comércio (UNCTAD)",UNCTAD,United Nations Conference on Trade and Development,Core Funding,Multilateral - UN organizations excluding pooled funds,,,20000,20000,,,20000,true,20000,false,,false,,false,,,,
1_SPSP 3-2_OC3,"Efeito 3.1: Até 2027, mais pessoas, especialmente mulheres, jovens e grupos vulneráveis, exercerão livremente os seus direitos, participarão e beneficiarão de instituições inclusivas, resilientes, transparentes e responsáveis e de um sistema de governação democrática mais modernizado, transformador e eficaz que defenda o Estado de direito, a nível nacional e local. / Outcome 3: By 2027, more people, especially women, youth and those in vulnerable groups, freely exercise their rights, participate in, and benefit from, inclusive, resilient, transparent, and accountable institutions and a more modernized, transformative and effective system of democratic governance that upholds the rule of law, at national and local levels.",1_SPSP 3-2_OC3-3_OU3.1.1,"Produto 3.1.1: Mais pessoas, particularmente mulheres, jovens e pessoas que vivem em situações vulneráveis, estão empoderadas para exercer os seus direitos, individualmente ou através de organizações da sociedade civil mais fortes e mais eficazes.",2025-03-01,2026-12-31,1_SPSP 3-2_OC3-3_OU3.1.1-4_SOU4,179576,Engajamento cívico e a participação nos processos de tomada de decisão,UNDP,United Nations Development Programme,,,,,,,,,,false,,false,,true,,false,,,50000,100000
1_SPSP 3-2_OC3,"Efeito 3.1: Até 2027, mais pessoas, especialmente mulheres, jovens e grupos vulneráveis, exercerão livremente os seus direitos, participarão e beneficiarão de instituições inclusivas, resilientes, transparentes e responsáveis e de um sistema de governação democrática mais modernizado, transformador e eficaz que defenda o Estado de direito, a nível nacional e local. / Outcome 3: By 2027, more people, especially women, youth and those in vulnerable groups, freely exercise their rights, participate in, and benefit from, inclusive, resilient, transparent, and accountable institutions and a more modernized, transformative and effective system of democratic governance that upholds the rule of law, at national and local levels.",1_SPSP 3-2_OC3-3_OU3.1.1,"Produto 3.1.1: Mais pessoas, particularmente mulheres, jovens e pessoas que vivem em situações vulneráveis, estão empoderadas para exercer os seus direitos, individualmente ou através de organizações da sociedade civil mais fortes e mais eficazes.",2025-03-01,2026-12-31,1_SPSP 3-2_OC3-3_OU3.1.1-4_SOU4,179576,Engajamento cívico e a participação nos processos de tomada de decisão,UNDP,United Nations Development Programme,Core Funding,Multilateral - UN organizations excluding pooled funds,,,,,50000,15000,,false,,false,50000,true,,false,,,,
1_SPSP 3-2_OC3,"Efeito 3.1: Até 2027, mais pessoas, especialmente mulheres, jovens e grupos vulneráveis, exercerão livremente os seus direitos, participarão e beneficiarão de instituições inclusivas, resilientes, transparentes e responsáveis e de um sistema de governação democrática mais modernizado, transformador e eficaz que defenda o Estado de direito, a nível nacional e local. / Outcome 3: By 2027, more people, especially women, youth and those in vulnerable groups, freely exercise their rights, participate in, and benefit from, inclusive, resilient, transparent, and accountable institutions and a more modernized, transformative and effective system of democratic governance that upholds the rule of law, at national and local levels.",1_SPSP 3-2_OC3-3_OU3.1.2,"Produto 3.1.2: As instituições estatais reforçaram as capacidades para um desenho e implementação de políticas e estratégias mais coerentes, transparentes, responsáveis, baseadas em provas e resultados, participativas e inovadoras a todos os níveis, a fim de abordar barreiras estruturais, aumentar o crescimento económico, reduzir as disparidades territoriais e sociais e fazer avançar a igualdade de género e os direitos humanos.",2023-03-01,2024-12-31,1_SPSP 3-2_OC3-3_OU3.1.2-4_SOU1,108676,"Capacidade das instituições nacionais de promoção dos direitos humanos e de acesso à justiça reforçadas para a promoção e proteção de direitos humanos (UNDP, UNFPA, UNICEF)",UNICEF,United Nations Children's Fund,,,,,,,,,,true,,false,,false,,false,20000,,,
1_SPSP 3-2_OC3,"Efeito 3.1: Até 2027, mais pessoas, especialmente mulheres, jovens e grupos vulneráveis, exercerão livremente os seus direitos, participarão e beneficiarão de instituições inclusivas, resilientes, transparentes e responsáveis e de um sistema de governação democrática mais modernizado, transformador e eficaz que defenda o Estado de direito, a nível nacional e local. / Outcome 3: By 2027, more people, especially women, youth and those in vulnerable groups, freely exercise their rights, participate in, and benefit from, inclusive, resilient, transparent, and accountable institutions and a more modernized, transformative and effective system of democratic governance that upholds the rule of law, at national and local levels.",1_SPSP 3-2_OC3-3_OU3.1.2,"Produto 3.1.2: As instituições estatais reforçaram as capacidades para um desenho e implementação de políticas e estratégias mais coerentes, transparentes, responsáveis, baseadas em provas e resultados, participativas e inovadoras a todos os níveis, a fim de abordar barreiras estruturais, aumentar o crescimento económico, reduzir as disparidades territoriais e sociais e fazer avançar a igualdade de género e os direitos humanos.",2023-03-01,2024-12-31,1_SPSP 3-2_OC3-3_OU3.1.2-4_SOU1,108676,"Capacidade das instituições nacionais de promoção dos direitos humanos e de acesso à justiça reforçadas para a promoção e proteção de direitos humanos (UNDP, UNFPA, UNICEF)",UNICEF,United Nations Children's Fund,Core Funding,Multilateral - UN organizations excluding pooled funds,,,20000,,,,20000,true,,false,,false,,false,,,,
1_SPSP 3-2_OC3,"Efeito 3.1: Até 2027, mais pessoas, especialmente mulheres, jovens e grupos vulneráveis, exercerão livremente os seus direitos, participarão e beneficiarão de instituições inclusivas, resilientes, transparentes e responsáveis e de um sistema de governação democrática mais modernizado, transformador e eficaz que defenda o Estado de direito, a nível nacional e local. / Outcome 3: By 2027, more people, especially women, youth and those in vulnerable groups, freely exercise their rights, participate in, and benefit from, inclusive, resilient, transparent, and accountable institutions and a more modernized, transformative and effective system of democratic governance that upholds the rule of law, at national and local levels.",1_SPSP 3-2_OC3-3_OU3.1.2,"Produto 3.1.2: As instituições estatais reforçaram as capacidades para um desenho e implementação de políticas e estratégias mais coerentes, transparentes, responsáveis, baseadas em provas e resultados, participativas e inovadoras a todos os níveis, a fim de abordar barreiras estruturais, aumentar o crescimento económico, reduzir as disparidades territoriais e sociais e fazer avançar a igualdade de género e os direitos humanos.",2023-03-01,2024-12-31,1_SPSP 3-2_OC3-3_OU3.1.2-4_SOU1,108676,"Capacidade das instituições nacionais de promoção dos direitos humanos e de acesso à justiça reforçadas para a promoção e proteção de direitos humanos (UNDP, UNFPA, UNICEF)",UNDP,United Nations Development Programme,,,,,,,,,,true,,false,,false,,false,65000,157000,,
1_SPSP 3-2_OC3,"Efeito 3.1: Até 2027, mais pessoas, especialmente mulheres, jovens e grupos vulneráveis, exercerão livremente os seus direitos, participarão e beneficiarão de instituições inclusivas, resilientes, transparentes e responsáveis e de um sistema de governação democrática mais modernizado, transformador e eficaz que defenda o Estado de direito, a nível nacional e local. / Outcome 3: By 2027, more people, especially women, youth and those in vulnerable groups, freely exercise their rights, participate in, and benefit from, inclusive, resilient, transparent, and accountable institutions and a more modernized, transformative and effective system of democratic governance that upholds the rule of law, at national and local levels.",1_SPSP 3-2_OC3-3_OU3.1.2,"Produto 3.1.2: As instituições estatais reforçaram as capacidades para um desenho e implementação de políticas e estratégias mais coerentes, transparentes, responsáveis, baseadas em provas e resultados, participativas e inovadoras a todos os níveis, a fim de abordar barreiras estruturais, aumentar o crescimento económico, reduzir as disparidades territoriais e sociais e fazer avançar a igualdade de género e os direitos humanos.",2023-03-01,2024-12-31,1_SPSP 3-2_OC3-3_OU3.1.2-4_SOU1,108676,"Capacidade das instituições nacionais de promoção dos direitos humanos e de acesso à justiça reforçadas para a promoção e proteção de direitos humanos (UNDP, UNFPA, UNICEF)",UNDP,United Nations Development Programme,Core Funding,Multilateral - UN organizations excluding pooled funds,,,45000,157000,,,45000,true,157000,false,,false,,false,,,,
1_SPSP 3-2_OC3,"Efeito 3.1: Até 2027, mais pessoas, especialmente mulheres, jovens e grupos vulneráveis, exercerão livremente os seus direitos, participarão e beneficiarão de instituições inclusivas, resilientes, transparentes e responsáveis e de um sistema de governação democrática mais modernizado, transformador e eficaz que defenda o Estado de direito, a nível nacional e local. / Outcome 3: By 2027, more people, especially women, youth and those in vulnerable groups, freely exercise their rights, participate in, and benefit from, inclusive, resilient, transparent, and accountable institutions and a more modernized, transformative and effective system of democratic governance that upholds the rule of law, at national and local levels.",1_SPSP 3-2_OC3-3_OU3.1.2,"Produto 3.1.2: As instituições estatais reforçaram as capacidades para um desenho e implementação de políticas e estratégias mais coerentes, transparentes, responsáveis, baseadas em provas e resultados, participativas e inovadoras a todos os níveis, a fim de abordar barreiras estruturais, aumentar o crescimento económico, reduzir as disparidades territoriais e sociais e fazer avançar a igualdade de género e os direitos humanos.",2023-03-01,2024-12-31,1_SPSP 3-2_OC3-3_OU3.1.2-4_SOU1,108676,"Capacidade das instituições nacionais de promoção dos direitos humanos e de acesso à justiça reforçadas para a promoção e proteção de direitos humanos (UNDP, UNFPA, UNICEF)",UNFPA,United Nations Population Fund,,,,,,,,,,true,,false,,false,,false,20000,50000,,
1_SPSP 3-2_OC3,"Efeito 3.1: Até 2027, mais pessoas, especialmente mulheres, jovens e grupos vulneráveis, exercerão livremente os seus direitos, participarão e beneficiarão de instituições inclusivas, resilientes, transparentes e responsáveis e de um sistema de governação democrática mais modernizado, transformador e eficaz que defenda o Estado de direito, a nível nacional e local. / Outcome 3: By 2027, more people, especially women, youth and those in vulnerable groups, freely exercise their rights, participate in, and benefit from, inclusive, resilient, transparent, and accountable institutions and a more modernized, transformative and effective system of democratic governance that upholds the rule of law, at national and local levels.",1_SPSP 3-2_OC3-3_OU3.1.2,"Produto 3.1.2: As instituições estatais reforçaram as capacidades para um desenho e implementação de políticas e estratégias mais coerentes, transparentes, responsáveis, baseadas em provas e resultados, participativas e inovadoras a todos os níveis, a fim de abordar barreiras estruturais, aumentar o crescimento económico, reduzir as disparidades territoriais e sociais e fazer avançar a igualdade de género e os direitos humanos.",2023-03-01,2024-12-31,1_SPSP 3-2_OC3-3_OU3.1.2-4_SOU1,108676,"Capacidade das instituições nacionais de promoção dos direitos humanos e de acesso à justiça reforçadas para a promoção e proteção de direitos humanos (UNDP, UNFPA, UNICEF)",UNFPA,United Nations Population Fund,Core Funding,Multilateral - UN organizations excluding pooled funds,,,20000,50000,,,20000,true,50000,false,,false,,false,,,,
1_SPSP 3-2_OC3,"Efeito 3.1: Até 2027, mais pessoas, especialmente mulheres, jovens e grupos vulneráveis, exercerão livremente os seus direitos, participarão e beneficiarão de instituições inclusivas, resilientes, transparentes e responsáveis e de um sistema de governação democrática mais modernizado, transformador e eficaz que defenda o Estado de direito, a nível nacional e local. / Outcome 3: By 2027, more people, especially women, youth and those in vulnerable groups, freely exercise their rights, participate in, and benefit from, inclusive, resilient, transparent, and accountable institutions and a more modernized, transformative and effective system of democratic governance that upholds the rule of law, at national and local levels.",1_SPSP 3-2_OC3-3_OU3.1.2,"Produto 3.1.2: As instituições estatais reforçaram as capacidades para um desenho e implementação de políticas e estratégias mais coerentes, transparentes, responsáveis, baseadas em provas e resultados, participativas e inovadoras a todos os níveis, a fim de abordar barreiras estruturais, aumentar o crescimento económico, reduzir as disparidades territoriais e sociais e fazer avançar a igualdade de género e os direitos humanos.",2023-03-01,2023-12-31,1_SPSP 3-2_OC3-3_OU3.1.2-4_SOU2,108704,"Reforço das capacidades das instituições nacionias para a promoção da igualdade de género e implementação da lei da paridade (UNDP, UNFPA)",UNDP,United Nations Development Programme,,,,,,,,,,true,,false,,false,,false,25000,,,
1_SPSP 3-2_OC3,"Efeito 3.1: Até 2027, mais pessoas, especialmente mulheres, jovens e grupos vulneráveis, exercerão livremente os seus direitos, participarão e beneficiarão de instituições inclusivas, resilientes, transparentes e responsáveis e de um sistema de governação democrática mais modernizado, transformador e eficaz que defenda o Estado de direito, a nível nacional e local. / Outcome 3: By 2027, more people, especially women, youth and those in vulnerable groups, freely exercise their rights, participate in, and benefit from, inclusive, resilient, transparent, and accountable institutions and a more modernized, transformative and effective system of democratic governance that upholds the rule of law, at national and local levels.",1_SPSP 3-2_OC3-3_OU3.1.2,"Produto 3.1.2: As instituições estatais reforçaram as capacidades para um desenho e implementação de políticas e estratégias mais coerentes, transparentes, responsáveis, baseadas em provas e resultados, participativas e inovadoras a todos os níveis, a fim de abordar barreiras estruturais, aumentar o crescimento económico, reduzir as disparidades territoriais e sociais e fazer avançar a igualdade de género e os direitos humanos.",2023-03-01,2023-12-31,1_SPSP 3-2_OC3-3_OU3.1.2-4_SOU2,108704,"Reforço das capacidades das instituições nacionias para a promoção da igualdade de género e implementação da lei da paridade (UNDP, UNFPA)",UNDP,United Nations Development Programme,Core Funding,Multilateral - UN organizations excluding pooled funds,,,25000,,,,25000,true,,false,,false,,false,,,,
1_SPSP 3-2_OC3,"Efeito 3.1: Até 2027, mais pessoas, especialmente mulheres, jovens e grupos vulneráveis, exercerão livremente os seus direitos, participarão e beneficiarão de instituições inclusivas, resilientes, transparentes e responsáveis e de um sistema de governação democrática mais modernizado, transformador e eficaz que defenda o Estado de direito, a nível nacional e local. / Outcome 3: By 2027, more people, especially women, youth and those in vulnerable groups, freely exercise their rights, participate in, and benefit from, inclusive, resilient, transparent, and accountable institutions and a more modernized, transformative and effective system of democratic governance that upholds the rule of law, at national and local levels.",1_SPSP 3-2_OC3-3_OU3.1.2,"Produto 3.1.2: As instituições estatais reforçaram as capacidades para um desenho e implementação de políticas e estratégias mais coerentes, transparentes, responsáveis, baseadas em provas e resultados, participativas e inovadoras a todos os níveis, a fim de abordar barreiras estruturais, aumentar o crescimento económico, reduzir as disparidades territoriais e sociais e fazer avançar a igualdade de género e os direitos humanos.",2023-03-01,2023-12-31,1_SPSP 3-2_OC3-3_OU3.1.2-4_SOU2,108704,"Reforço das capacidades das instituições nacionias para a promoção da igualdade de género e implementação da lei da paridade (UNDP, UNFPA)",UNFPA,United Nations Population Fund,,,,,,,,,,true,,false,,false,,false,20000,,,
1_SPSP 3-2_OC3,"Efeito 3.1: Até 2027, mais pessoas, especialmente mulheres, jovens e grupos vulneráveis, exercerão livremente os seus direitos, participarão e beneficiarão de instituições inclusivas, resilientes, transparentes e responsáveis e de um sistema de governação democrática mais modernizado, transformador e eficaz que defenda o Estado de direito, a nível nacional e local. / Outcome 3: By 2027, more people, especially women, youth and those in vulnerable groups, freely exercise their rights, participate in, and benefit from, inclusive, resilient, transparent, and accountable institutions and a more modernized, transformative and effective system of democratic governance that upholds the rule of law, at national and local levels.",1_SPSP 3-2_OC3-3_OU3.1.2,"Produto 3.1.2: As instituições estatais reforçaram as capacidades para um desenho e implementação de políticas e estratégias mais coerentes, transparentes, responsáveis, baseadas em provas e resultados, participativas e inovadoras a todos os níveis, a fim de abordar barreiras estruturais, aumentar o crescimento económico, reduzir as disparidades territoriais e sociais e fazer avançar a igualdade de género e os direitos humanos.",2023-03-01,2023-12-31,1_SPSP 3-2_OC3-3_OU3.1.2-4_SOU2,108704,"Reforço das capacidades das instituições nacionias para a promoção da igualdade de género e implementação da lei da paridade (UNDP, UNFPA)",UNFPA,United Nations Population Fund,Core Funding,Multilateral - UN organizations excluding pooled funds,,,20000,,,,20000,true,,false,,false,,false,,,,
1_SPSP 3-2_OC3,"Efeito 3.1: Até 2027, mais pessoas, especialmente mulheres, jovens e grupos vulneráveis, exercerão livremente os seus direitos, participarão e beneficiarão de instituições inclusivas, resilientes, transparentes e responsáveis e de um sistema de governação democrática mais modernizado, transformador e eficaz que defenda o Estado de direito, a nível nacional e local. / Outcome 3: By 2027, more people, especially women, youth and those in vulnerable groups, freely exercise their rights, participate in, and benefit from, inclusive, resilient, transparent, and accountable institutions and a more modernized, transformative and effective system of democratic governance that upholds the rule of law, at national and local levels.",1_SPSP 3-2_OC3-3_OU3.1.2,"Produto 3.1.2: As instituições estatais reforçaram as capacidades para um desenho e implementação de políticas e estratégias mais coerentes, transparentes, responsáveis, baseadas em provas e resultados, participativas e inovadoras a todos os níveis, a fim de abordar barreiras estruturais, aumentar o crescimento económico, reduzir as disparidades territoriais e sociais e fazer avançar a igualdade de género e os direitos humanos.",2023-05-01,2024-12-31,1_SPSP 3-2_OC3-3_OU3.1.2-4_SOU3,108705," Advogar junto das autoridades nacionais responsáveis para que o mandato da Instituição Nacional de Direitos Humanos em Cabo Verde esteja em conformidade com os Princípios de Paris (OHCHR, UNDP)",OHCHR,United Nations High Commissioner for Human Rights,,,,,,,,,,true,,false,,false,,false,6000,,,
1_SPSP 3-2_OC3,"Efeito 3.1: Até 2027, mais pessoas, especialmente mulheres, jovens e grupos vulneráveis, exercerão livremente os seus direitos, participarão e beneficiarão de instituições inclusivas, resilientes, transparentes e responsáveis e de um sistema de governação democrática mais modernizado, transformador e eficaz que defenda o Estado de direito, a nível nacional e local. / Outcome 3: By 2027, more people, especially women, youth and those in vulnerable groups, freely exercise their rights, participate in, and benefit from, inclusive, resilient, transparent, and accountable institutions and a more modernized, transformative and effective system of democratic governance that upholds the rule of law, at national and local levels.",1_SPSP 3-2_OC3-3_OU3.1.2,"Produto 3.1.2: As instituições estatais reforçaram as capacidades para um desenho e implementação de políticas e estratégias mais coerentes, transparentes, responsáveis, baseadas em provas e resultados, participativas e inovadoras a todos os níveis, a fim de abordar barreiras estruturais, aumentar o crescimento económico, reduzir as disparidades territoriais e sociais e fazer avançar a igualdade de género e os direitos humanos.",2023-05-01,2024-12-31,1_SPSP 3-2_OC3-3_OU3.1.2-4_SOU3,108705," Advogar junto das autoridades nacionais responsáveis para que o mandato da Instituição Nacional de Direitos Humanos em Cabo Verde esteja em conformidade com os Princípios de Paris (OHCHR, UNDP)",OHCHR,United Nations High Commissioner for Human Rights,Core Funding,Multilateral - UN organizations excluding pooled funds,,,6000,,,,5600,true,,false,,false,,false,,,,
1_SPSP 3-2_OC3,"Efeito 3.1: Até 2027, mais pessoas, especialmente mulheres, jovens e grupos vulneráveis, exercerão livremente os seus direitos, participarão e beneficiarão de instituições inclusivas, resilientes, transparentes e responsáveis e de um sistema de governação democrática mais modernizado, transformador e eficaz que defenda o Estado de direito, a nível nacional e local. / Outcome 3: By 2027, more people, especially women, youth and those in vulnerable groups, freely exercise their rights, participate in, and benefit from, inclusive, resilient, transparent, and accountable institutions and a more modernized, transformative and effective system of democratic governance that upholds the rule of law, at national and local levels.",1_SPSP 3-2_OC3-3_OU3.1.2,"Produto 3.1.2: As instituições estatais reforçaram as capacidades para um desenho e implementação de políticas e estratégias mais coerentes, transparentes, responsáveis, baseadas em provas e resultados, participativas e inovadoras a todos os níveis, a fim de abordar barreiras estruturais, aumentar o crescimento económico, reduzir as disparidades territoriais e sociais e fazer avançar a igualdade de género e os direitos humanos.",2023-05-01,2024-12-31,1_SPSP 3-2_OC3-3_OU3.1.2-4_SOU3,108705," Advogar junto das autoridades nacionais responsáveis para que o mandato da Instituição Nacional de Direitos Humanos em Cabo Verde esteja em conformidade com os Princípios de Paris (OHCHR, UNDP)",UNDP,United Nations Development Programme,,,,,,,,,,true,,false,,false,,false,6000,,,
1_SPSP 3-2_OC3,"Efeito 3.1: Até 2027, mais pessoas, especialmente mulheres, jovens e grupos vulneráveis, exercerão livremente os seus direitos, participarão e beneficiarão de instituições inclusivas, resilientes, transparentes e responsáveis e de um sistema de governação democrática mais modernizado, transformador e eficaz que defenda o Estado de direito, a nível nacional e local. / Outcome 3: By 2027, more people, especially women, youth and those in vulnerable groups, freely exercise their rights, participate in, and benefit from, inclusive, resilient, transparent, and accountable institutions and a more modernized, transformative and effective system of democratic governance that upholds the rule of law, at national and local levels.",1_SPSP 3-2_OC3-3_OU3.1.2,"Produto 3.1.2: As instituições estatais reforçaram as capacidades para um desenho e implementação de políticas e estratégias mais coerentes, transparentes, responsáveis, baseadas em provas e resultados, participativas e inovadoras a todos os níveis, a fim de abordar barreiras estruturais, aumentar o crescimento económico, reduzir as disparidades territoriais e sociais e fazer avançar a igualdade de género e os direitos humanos.",2023-05-01,2024-12-31,1_SPSP 3-2_OC3-3_OU3.1.2-4_SOU3,108705," Advogar junto das autoridades nacionais responsáveis para que o mandato da Instituição Nacional de Direitos Humanos em Cabo Verde esteja em conformidade com os Princípios de Paris (OHCHR, UNDP)",UNDP,United Nations Development Programme,Core Funding,Multilateral - UN organizations excluding pooled funds,,,6000,,,,6000,true,,false,,false,,false,,,,
1_SPSP 3-2_OC3,"Efeito 3.1: Até 2027, mais pessoas, especialmente mulheres, jovens e grupos vulneráveis, exercerão livremente os seus direitos, participarão e beneficiarão de instituições inclusivas, resilientes, transparentes e responsáveis e de um sistema de governação democrática mais modernizado, transformador e eficaz que defenda o Estado de direito, a nível nacional e local. / Outcome 3: By 2027, more people, especially women, youth and those in vulnerable groups, freely exercise their rights, participate in, and benefit from, inclusive, resilient, transparent, and accountable institutions and a more modernized, transformative and effective system of democratic governance that upholds the rule of law, at national and local levels.",1_SPSP 3-2_OC3-3_OU3.1.2,"Produto 3.1.2: As instituições estatais reforçaram as capacidades para um desenho e implementação de políticas e estratégias mais coerentes, transparentes, responsáveis, baseadas em provas e resultados, participativas e inovadoras a todos os níveis, a fim de abordar barreiras estruturais, aumentar o crescimento económico, reduzir as disparidades territoriais e sociais e fazer avançar a igualdade de género e os direitos humanos.",2023-01-01,2023-12-31,1_SPSP 3-2_OC3-3_OU3.1.2-4_SOU4,108707,"Apoiar a elaboração e implementação do Programa Nacional de Acolhimento e (Re)Integração de  Retornados Forçados ao abrigo do Acordo de Readmissão, incluindo a introdução do eRCMS (IOM)",IOM,International Organization for Migration,,,,,,,,,,false,,false,,false,,false,354028,,,
1_SPSP 3-2_OC3,"Efeito 3.1: Até 2027, mais pessoas, especialmente mulheres, jovens e grupos vulneráveis, exercerão livremente os seus direitos, participarão e beneficiarão de instituições inclusivas, resilientes, transparentes e responsáveis e de um sistema de governação democrática mais modernizado, transformador e eficaz que defenda o Estado de direito, a nível nacional e local. / Outcome 3: By 2027, more people, especially women, youth and those in vulnerable groups, freely exercise their rights, participate in, and benefit from, inclusive, resilient, transparent, and accountable institutions and a more modernized, transformative and effective system of democratic governance that upholds the rule of law, at national and local levels.",1_SPSP 3-2_OC3-3_OU3.1.2,"Produto 3.1.2: As instituições estatais reforçaram as capacidades para um desenho e implementação de políticas e estratégias mais coerentes, transparentes, responsáveis, baseadas em provas e resultados, participativas e inovadoras a todos os níveis, a fim de abordar barreiras estruturais, aumentar o crescimento económico, reduzir as disparidades territoriais e sociais e fazer avançar a igualdade de género e os direitos humanos.",2023-01-01,2023-12-31,1_SPSP 3-2_OC3-3_OU3.1.2-4_SOU4,108707,"Apoiar a elaboração e implementação do Programa Nacional de Acolhimento e (Re)Integração de  Retornados Forçados ao abrigo do Acordo de Readmissão, incluindo a introdução do eRCMS (IOM)",IOM,International Organization for Migration,Denmark,Government,,,354028,,,,354028,false,,false,,false,,false,,,,
1_SPSP 3-2_OC3,"Efeito 3.1: Até 2027, mais pessoas, especialmente mulheres, jovens e grupos vulneráveis, exercerão livremente os seus direitos, participarão e beneficiarão de instituições inclusivas, resilientes, transparentes e responsáveis e de um sistema de governação democrática mais modernizado, transformador e eficaz que defenda o Estado de direito, a nível nacional e local. / Outcome 3: By 2027, more people, especially women, youth and those in vulnerable groups, freely exercise their rights, participate in, and benefit from, inclusive, resilient, transparent, and accountable institutions and a more modernized, transformative and effective system of democratic governance that upholds the rule of law, at national and local levels.",1_SPSP 3-2_OC3-3_OU3.1.2,"Produto 3.1.2: As instituições estatais reforçaram as capacidades para um desenho e implementação de políticas e estratégias mais coerentes, transparentes, responsáveis, baseadas em provas e resultados, participativas e inovadoras a todos os níveis, a fim de abordar barreiras estruturais, aumentar o crescimento económico, reduzir as disparidades territoriais e sociais e fazer avançar a igualdade de género e os direitos humanos.",2023-01-01,2023-12-31,1_SPSP 3-2_OC3-3_OU3.1.2-4_SOU5,108714,"Equipar e pôr a funcionar o Centro de Digitalização dos Arquivos de Registo, Notariado e Identificação para a digitalização dos processos de nacionalidade atribuídos (IOM)",IOM,International Organization for Migration,,,,,,,,,,false,,false,,false,,false,70228,,,
1_SPSP 3-2_OC3,"Efeito 3.1: Até 2027, mais pessoas, especialmente mulheres, jovens e grupos vulneráveis, exercerão livremente os seus direitos, participarão e beneficiarão de instituições inclusivas, resilientes, transparentes e responsáveis e de um sistema de governação democrática mais modernizado, transformador e eficaz que defenda o Estado de direito, a nível nacional e local. / Outcome 3: By 2027, more people, especially women, youth and those in vulnerable groups, freely exercise their rights, participate in, and benefit from, inclusive, resilient, transparent, and accountable institutions and a more modernized, transformative and effective system of democratic governance that upholds the rule of law, at national and local levels.",1_SPSP 3-2_OC3-3_OU3.1.2,"Produto 3.1.2: As instituições estatais reforçaram as capacidades para um desenho e implementação de políticas e estratégias mais coerentes, transparentes, responsáveis, baseadas em provas e resultados, participativas e inovadoras a todos os níveis, a fim de abordar barreiras estruturais, aumentar o crescimento económico, reduzir as disparidades territoriais e sociais e fazer avançar a igualdade de género e os direitos humanos.",2023-01-01,2023-12-31,1_SPSP 3-2_OC3-3_OU3.1.2-4_SOU5,108714,"Equipar e pôr a funcionar o Centro de Digitalização dos Arquivos de Registo, Notariado e Identificação para a digitalização dos processos de nacionalidade atribuídos (IOM)",IOM,International Organization for Migration,Denmark,Government,,,70228,,,,70228,false,,false,,false,,false,,,,
1_SPSP 3-2_OC3,"Efeito 3.1: Até 2027, mais pessoas, especialmente mulheres, jovens e grupos vulneráveis, exercerão livremente os seus direitos, participarão e beneficiarão de instituições inclusivas, resilientes, transparentes e responsáveis e de um sistema de governação democrática mais modernizado, transformador e eficaz que defenda o Estado de direito, a nível nacional e local. / Outcome 3: By 2027, more people, especially women, youth and those in vulnerable groups, freely exercise their rights, participate in, and benefit from, inclusive, resilient, transparent, and accountable institutions and a more modernized, transformative and effective system of democratic governance that upholds the rule of law, at national and local levels.",1_SPSP 3-2_OC3-3_OU3.1.2,"Produto 3.1.2: As instituições estatais reforçaram as capacidades para um desenho e implementação de políticas e estratégias mais coerentes, transparentes, responsáveis, baseadas em provas e resultados, participativas e inovadoras a todos os níveis, a fim de abordar barreiras estruturais, aumentar o crescimento económico, reduzir as disparidades territoriais e sociais e fazer avançar a igualdade de género e os direitos humanos.",2023-01-01,2023-12-31,1_SPSP 3-2_OC3-3_OU3.1.2-4_SOU6,108886,Digitalização e acesso fácil ao arquivo de atribuição de nacionalidade de estrangeiro da Conservatória Central do Registo Civil através de uma base de dados (IOM),IOM,International Organization for Migration,,,,,,,,,,true,,false,,false,,false,96465,,,
1_SPSP 3-2_OC3,"Efeito 3.1: Até 2027, mais pessoas, especialmente mulheres, jovens e grupos vulneráveis, exercerão livremente os seus direitos, participarão e beneficiarão de instituições inclusivas, resilientes, transparentes e responsáveis e de um sistema de governação democrática mais modernizado, transformador e eficaz que defenda o Estado de direito, a nível nacional e local. / Outcome 3: By 2027, more people, especially women, youth and those in vulnerable groups, freely exercise their rights, participate in, and benefit from, inclusive, resilient, transparent, and accountable institutions and a more modernized, transformative and effective system of democratic governance that upholds the rule of law, at national and local levels.",1_SPSP 3-2_OC3-3_OU3.1.2,"Produto 3.1.2: As instituições estatais reforçaram as capacidades para um desenho e implementação de políticas e estratégias mais coerentes, transparentes, responsáveis, baseadas em provas e resultados, participativas e inovadoras a todos os níveis, a fim de abordar barreiras estruturais, aumentar o crescimento económico, reduzir as disparidades territoriais e sociais e fazer avançar a igualdade de género e os direitos humanos.",2023-01-01,2023-12-31,1_SPSP 3-2_OC3-3_OU3.1.2-4_SOU6,108886,Digitalização e acesso fácil ao arquivo de atribuição de nacionalidade de estrangeiro da Conservatória Central do Registo Civil através de uma base de dados (IOM),IOM,International Organization for Migration,Denmark,Government,,,96465,,,,96465,true,,false,,false,,false,,,,
1_SPSP 3-2_OC3,"Efeito 3.1: Até 2027, mais pessoas, especialmente mulheres, jovens e grupos vulneráveis, exercerão livremente os seus direitos, participarão e beneficiarão de instituições inclusivas, resilientes, transparentes e responsáveis e de um sistema de governação democrática mais modernizado, transformador e eficaz que defenda o Estado de direito, a nível nacional e local. / Outcome 3: By 2027, more people, especially women, youth and those in vulnerable groups, freely exercise their rights, participate in, and benefit from, inclusive, resilient, transparent, and accountable institutions and a more modernized, transformative and effective system of democratic governance that upholds the rule of law, at national and local levels.",1_SPSP 3-2_OC3-3_OU3.1.2,"Produto 3.1.2: As instituições estatais reforçaram as capacidades para um desenho e implementação de políticas e estratégias mais coerentes, transparentes, responsáveis, baseadas em provas e resultados, participativas e inovadoras a todos os níveis, a fim de abordar barreiras estruturais, aumentar o crescimento económico, reduzir as disparidades territoriais e sociais e fazer avançar a igualdade de género e os direitos humanos.",2023-01-01,2023-12-31,1_SPSP 3-2_OC3-3_OU3.1.2-4_SOU7,108887,Desenvolver e fazer funcionar em pleno a plataforma online para a emissão da 2ª via e renovação de toda a identificação legal no país (IOM),IOM,International Organization for Migration,,,,,,,,,,false,,false,,false,,false,126222,,,
1_SPSP 3-2_OC3,"Efeito 3.1: Até 2027, mais pessoas, especialmente mulheres, jovens e grupos vulneráveis, exercerão livremente os seus direitos, participarão e beneficiarão de instituições inclusivas, resilientes, transparentes e responsáveis e de um sistema de governação democrática mais modernizado, transformador e eficaz que defenda o Estado de direito, a nível nacional e local. / Outcome 3: By 2027, more people, especially women, youth and those in vulnerable groups, freely exercise their rights, participate in, and benefit from, inclusive, resilient, transparent, and accountable institutions and a more modernized, transformative and effective system of democratic governance that upholds the rule of law, at national and local levels.",1_SPSP 3-2_OC3-3_OU3.1.2,"Produto 3.1.2: As instituições estatais reforçaram as capacidades para um desenho e implementação de políticas e estratégias mais coerentes, transparentes, responsáveis, baseadas em provas e resultados, participativas e inovadoras a todos os níveis, a fim de abordar barreiras estruturais, aumentar o crescimento económico, reduzir as disparidades territoriais e sociais e fazer avançar a igualdade de género e os direitos humanos.",2023-01-01,2023-12-31,1_SPSP 3-2_OC3-3_OU3.1.2-4_SOU7,108887,Desenvolver e fazer funcionar em pleno a plataforma online para a emissão da 2ª via e renovação de toda a identificação legal no país (IOM),IOM,International Organization for Migration,Denmark,Government,,,126222,,,,126222,false,,false,,false,,false,,,,
1_SPSP 3-2_OC3,"Efeito 3.1: Até 2027, mais pessoas, especialmente mulheres, jovens e grupos vulneráveis, exercerão livremente os seus direitos, participarão e beneficiarão de instituições inclusivas, resilientes, transparentes e responsáveis e de um sistema de governação democrática mais modernizado, transformador e eficaz que defenda o Estado de direito, a nível nacional e local. / Outcome 3: By 2027, more people, especially women, youth and those in vulnerable groups, freely exercise their rights, participate in, and benefit from, inclusive, resilient, transparent, and accountable institutions and a more modernized, transformative and effective system of democratic governance that upholds the rule of law, at national and local levels.",1_SPSP 3-2_OC3-3_OU3.1.2,"Produto 3.1.2: As instituições estatais reforçaram as capacidades para um desenho e implementação de políticas e estratégias mais coerentes, transparentes, responsáveis, baseadas em provas e resultados, participativas e inovadoras a todos os níveis, a fim de abordar barreiras estruturais, aumentar o crescimento económico, reduzir as disparidades territoriais e sociais e fazer avançar a igualdade de género e os direitos humanos.",2023-01-01,2024-12-31,1_SPSP 3-2_OC3-3_OU3.1.2-4_SOU8,108889,Aprovação do Plano Estratégico Nacional de Engajamento da Diáspora e desenvolvimento do seu Plano de Ação (IOM),IOM,International Organization for Migration,,,,,,,,,,false,,false,,false,,false,174000,91919,,
1_SPSP 3-2_OC3,"Efeito 3.1: Até 2027, mais pessoas, especialmente mulheres, jovens e grupos vulneráveis, exercerão livremente os seus direitos, participarão e beneficiarão de instituições inclusivas, resilientes, transparentes e responsáveis e de um sistema de governação democrática mais modernizado, transformador e eficaz que defenda o Estado de direito, a nível nacional e local. / Outcome 3: By 2027, more people, especially women, youth and those in vulnerable groups, freely exercise their rights, participate in, and benefit from, inclusive, resilient, transparent, and accountable institutions and a more modernized, transformative and effective system of democratic governance that upholds the rule of law, at national and local levels.",1_SPSP 3-2_OC3-3_OU3.1.2,"Produto 3.1.2: As instituições estatais reforçaram as capacidades para um desenho e implementação de políticas e estratégias mais coerentes, transparentes, responsáveis, baseadas em provas e resultados, participativas e inovadoras a todos os níveis, a fim de abordar barreiras estruturais, aumentar o crescimento económico, reduzir as disparidades territoriais e sociais e fazer avançar a igualdade de género e os direitos humanos.",2023-01-01,2024-12-31,1_SPSP 3-2_OC3-3_OU3.1.2-4_SOU8,108889,Aprovação do Plano Estratégico Nacional de Engajamento da Diáspora e desenvolvimento do seu Plano de Ação (IOM),IOM,International Organization for Migration,IOM Development Fund,Multilateral - UN organizations excluding pooled funds,International Organization for Migration,Multilateral - UN organizations excluding pooled funds,174000,91919,,,28252,false,,false,,false,,false,,,,
1_SPSP 3-2_OC3,"Efeito 3.1: Até 2027, mais pessoas, especialmente mulheres, jovens e grupos vulneráveis, exercerão livremente os seus direitos, participarão e beneficiarão de instituições inclusivas, resilientes, transparentes e responsáveis e de um sistema de governação democrática mais modernizado, transformador e eficaz que defenda o Estado de direito, a nível nacional e local. / Outcome 3: By 2027, more people, especially women, youth and those in vulnerable groups, freely exercise their rights, participate in, and benefit from, inclusive, resilient, transparent, and accountable institutions and a more modernized, transformative and effective system of democratic governance that upholds the rule of law, at national and local levels.",1_SPSP 3-2_OC3-3_OU3.1.2,"Produto 3.1.2: As instituições estatais reforçaram as capacidades para um desenho e implementação de políticas e estratégias mais coerentes, transparentes, responsáveis, baseadas em provas e resultados, participativas e inovadoras a todos os níveis, a fim de abordar barreiras estruturais, aumentar o crescimento económico, reduzir as disparidades territoriais e sociais e fazer avançar a igualdade de género e os direitos humanos.",2024-01-01,2024-12-31,1_SPSP 3-2_OC3-3_OU3.1.2-4_SOU9,108891,Localização das recomendações existentes (Estudo: Fontes de Receitas Locais) sobre a melhoria das receitas próprias e o ambiente de OSR (Own Source Revenue) e o contexto legislativo nacional e como isso afeta o desempenho do OSR nos 22 Municípios (UN HABITAT),UN-HABITAT,United Nations Human Settlement Programme,,,,,,,,,,false,,false,,false,,false,,300000,,
1_SPSP 3-2_OC3,"Efeito 3.1: Até 2027, mais pessoas, especialmente mulheres, jovens e grupos vulneráveis, exercerão livremente os seus direitos, participarão e beneficiarão de instituições inclusivas, resilientes, transparentes e responsáveis e de um sistema de governação democrática mais modernizado, transformador e eficaz que defenda o Estado de direito, a nível nacional e local. / Outcome 3: By 2027, more people, especially women, youth and those in vulnerable groups, freely exercise their rights, participate in, and benefit from, inclusive, resilient, transparent, and accountable institutions and a more modernized, transformative and effective system of democratic governance that upholds the rule of law, at national and local levels.",1_SPSP 3-2_OC3-3_OU3.1.2,"Produto 3.1.2: As instituições estatais reforçaram as capacidades para um desenho e implementação de políticas e estratégias mais coerentes, transparentes, responsáveis, baseadas em provas e resultados, participativas e inovadoras a todos os níveis, a fim de abordar barreiras estruturais, aumentar o crescimento económico, reduzir as disparidades territoriais e sociais e fazer avançar a igualdade de género e os direitos humanos.",2024-01-01,2024-12-31,1_SPSP 3-2_OC3-3_OU3.1.2-4_SOU9,108891,Localização das recomendações existentes (Estudo: Fontes de Receitas Locais) sobre a melhoria das receitas próprias e o ambiente de OSR (Own Source Revenue) e o contexto legislativo nacional e como isso afeta o desempenho do OSR nos 22 Municípios (UN HABITAT),UN-HABITAT,United Nations Human Settlement Programme,Luxembourg,Government,,,,300000,,,,false,300000,false,,false,,false,,,,
1_SPSP 3-2_OC3,"Efeito 3.1: Até 2027, mais pessoas, especialmente mulheres, jovens e grupos vulneráveis, exercerão livremente os seus direitos, participarão e beneficiarão de instituições inclusivas, resilientes, transparentes e responsáveis e de um sistema de governação democrática mais modernizado, transformador e eficaz que defenda o Estado de direito, a nível nacional e local. / Outcome 3: By 2027, more people, especially women, youth and those in vulnerable groups, freely exercise their rights, participate in, and benefit from, inclusive, resilient, transparent, and accountable institutions and a more modernized, transformative and effective system of democratic governance that upholds the rule of law, at national and local levels.",1_SPSP 3-2_OC3-3_OU3.1.2,"Produto 3.1.2: As instituições estatais reforçaram as capacidades para um desenho e implementação de políticas e estratégias mais coerentes, transparentes, responsáveis, baseadas em provas e resultados, participativas e inovadoras a todos os níveis, a fim de abordar barreiras estruturais, aumentar o crescimento económico, reduzir as disparidades territoriais e sociais e fazer avançar a igualdade de género e os direitos humanos.",2023-05-01,2024-12-31,1_SPSP 3-2_OC3-3_OU3.1.2-4_SOU10,108957,Elaboração de 2 Planos de Desenvolvimento Regional (Programas de Fomento Produtivo) das ilhas de São Nicolau e Brava (UN HABITAT),UN-HABITAT,United Nations Human Settlement Programme,,,,,,,,,,false,,false,,false,,false,200000,150000,,
1_SPSP 3-2_OC3,"Efeito 3.1: Até 2027, mais pessoas, especialmente mulheres, jovens e grupos vulneráveis, exercerão livremente os seus direitos, participarão e beneficiarão de instituições inclusivas, resilientes, transparentes e responsáveis e de um sistema de governação democrática mais modernizado, transformador e eficaz que defenda o Estado de direito, a nível nacional e local. / Outcome 3: By 2027, more people, especially women, youth and those in vulnerable groups, freely exercise their rights, participate in, and benefit from, inclusive, resilient, transparent, and accountable institutions and a more modernized, transformative and effective system of democratic governance that upholds the rule of law, at national and local levels.",1_SPSP 3-2_OC3-3_OU3.1.2,"Produto 3.1.2: As instituições estatais reforçaram as capacidades para um desenho e implementação de políticas e estratégias mais coerentes, transparentes, responsáveis, baseadas em provas e resultados, participativas e inovadoras a todos os níveis, a fim de abordar barreiras estruturais, aumentar o crescimento económico, reduzir as disparidades territoriais e sociais e fazer avançar a igualdade de género e os direitos humanos.",2023-05-01,2024-12-31,1_SPSP 3-2_OC3-3_OU3.1.2-4_SOU10,108957,Elaboração de 2 Planos de Desenvolvimento Regional (Programas de Fomento Produtivo) das ilhas de São Nicolau e Brava (UN HABITAT),UN-HABITAT,United Nations Human Settlement Programme,Luxembourg,Government,,,,150000,,,,false,,false,,false,,false,,,,
1_SPSP 3-2_OC3,"Efeito 3.1: Até 2027, mais pessoas, especialmente mulheres, jovens e grupos vulneráveis, exercerão livremente os seus direitos, participarão e beneficiarão de instituições inclusivas, resilientes, transparentes e responsáveis e de um sistema de governação democrática mais modernizado, transformador e eficaz que defenda o Estado de direito, a nível nacional e local. / Outcome 3: By 2027, more people, especially women, youth and those in vulnerable groups, freely exercise their rights, participate in, and benefit from, inclusive, resilient, transparent, and accountable institutions and a more modernized, transformative and effective system of democratic governance that upholds the rule of law, at national and local levels.",1_SPSP 3-2_OC3-3_OU3.1.2,"Produto 3.1.2: As instituições estatais reforçaram as capacidades para um desenho e implementação de políticas e estratégias mais coerentes, transparentes, responsáveis, baseadas em provas e resultados, participativas e inovadoras a todos os níveis, a fim de abordar barreiras estruturais, aumentar o crescimento económico, reduzir as disparidades territoriais e sociais e fazer avançar a igualdade de género e os direitos humanos.",2023-01-01,2024-12-31,1_SPSP 3-2_OC3-3_OU3.1.2-4_SOU15,109047,Reforço das capacidades das instituições nacionais na implementação das Convenções Internacionais do Trabalho (ILO),ILO,International Labour Organisation,,,,,,,,,,false,,false,,false,,false,176731,120778,,
1_SPSP 3-2_OC3,"Efeito 3.1: Até 2027, mais pessoas, especialmente mulheres, jovens e grupos vulneráveis, exercerão livremente os seus direitos, participarão e beneficiarão de instituições inclusivas, resilientes, transparentes e responsáveis e de um sistema de governação democrática mais modernizado, transformador e eficaz que defenda o Estado de direito, a nível nacional e local. / Outcome 3: By 2027, more people, especially women, youth and those in vulnerable groups, freely exercise their rights, participate in, and benefit from, inclusive, resilient, transparent, and accountable institutions and a more modernized, transformative and effective system of democratic governance that upholds the rule of law, at national and local levels.",1_SPSP 3-2_OC3-3_OU3.1.2,"Produto 3.1.2: As instituições estatais reforçaram as capacidades para um desenho e implementação de políticas e estratégias mais coerentes, transparentes, responsáveis, baseadas em provas e resultados, participativas e inovadoras a todos os níveis, a fim de abordar barreiras estruturais, aumentar o crescimento económico, reduzir as disparidades territoriais e sociais e fazer avançar a igualdade de género e os direitos humanos.",2023-01-01,2024-12-31,1_SPSP 3-2_OC3-3_OU3.1.2-4_SOU15,109047,Reforço das capacidades das instituições nacionais na implementação das Convenções Internacionais do Trabalho (ILO),ILO,International Labour Organisation,Finland,Government,,,136731,97466,,,128575,false,66079,false,,false,,false,,,,
1_SPSP 3-2_OC3,"Efeito 3.1: Até 2027, mais pessoas, especialmente mulheres, jovens e grupos vulneráveis, exercerão livremente os seus direitos, participarão e beneficiarão de instituições inclusivas, resilientes, transparentes e responsáveis e de um sistema de governação democrática mais modernizado, transformador e eficaz que defenda o Estado de direito, a nível nacional e local. / Outcome 3: By 2027, more people, especially women, youth and those in vulnerable groups, freely exercise their rights, participate in, and benefit from, inclusive, resilient, transparent, and accountable institutions and a more modernized, transformative and effective system of democratic governance that upholds the rule of law, at national and local levels.",1_SPSP 3-2_OC3-3_OU3.1.2,"Produto 3.1.2: As instituições estatais reforçaram as capacidades para um desenho e implementação de políticas e estratégias mais coerentes, transparentes, responsáveis, baseadas em provas e resultados, participativas e inovadoras a todos os níveis, a fim de abordar barreiras estruturais, aumentar o crescimento económico, reduzir as disparidades territoriais e sociais e fazer avançar a igualdade de género e os direitos humanos.",2024-07-01,2024-12-31,1_SPSP 3-2_OC3-3_OU3.1.2-4_SOU19,148154,"Implementação das recomendações e incentivos a nível local, resultantes do processo de localização, para aumentar o desempenho da OSR (Own-Source Revenues) (UN HABITAT)",UN-HABITAT,United Nations Human Settlement Programme,,,,,,,,,,false,,false,,false,,false,,100000,,
1_SPSP 3-2_OC3,"Efeito 3.1: Até 2027, mais pessoas, especialmente mulheres, jovens e grupos vulneráveis, exercerão livremente os seus direitos, participarão e beneficiarão de instituições inclusivas, resilientes, transparentes e responsáveis e de um sistema de governação democrática mais modernizado, transformador e eficaz que defenda o Estado de direito, a nível nacional e local. / Outcome 3: By 2027, more people, especially women, youth and those in vulnerable groups, freely exercise their rights, participate in, and benefit from, inclusive, resilient, transparent, and accountable institutions and a more modernized, transformative and effective system of democratic governance that upholds the rule of law, at national and local levels.",1_SPSP 3-2_OC3-3_OU3.1.2,"Produto 3.1.2: As instituições estatais reforçaram as capacidades para um desenho e implementação de políticas e estratégias mais coerentes, transparentes, responsáveis, baseadas em provas e resultados, participativas e inovadoras a todos os níveis, a fim de abordar barreiras estruturais, aumentar o crescimento económico, reduzir as disparidades territoriais e sociais e fazer avançar a igualdade de género e os direitos humanos.",2024-07-01,2024-12-31,1_SPSP 3-2_OC3-3_OU3.1.2-4_SOU19,148154,"Implementação das recomendações e incentivos a nível local, resultantes do processo de localização, para aumentar o desempenho da OSR (Own-Source Revenues) (UN HABITAT)",UN-HABITAT,United Nations Human Settlement Programme,Luxembourg,Government,,,,100000,,,,false,100000,false,,false,,false,,,,
1_SPSP 3-2_OC3,"Efeito 3.1: Até 2027, mais pessoas, especialmente mulheres, jovens e grupos vulneráveis, exercerão livremente os seus direitos, participarão e beneficiarão de instituições inclusivas, resilientes, transparentes e responsáveis e de um sistema de governação democrática mais modernizado, transformador e eficaz que defenda o Estado de direito, a nível nacional e local. / Outcome 3: By 2027, more people, especially women, youth and those in vulnerable groups, freely exercise their rights, participate in, and benefit from, inclusive, resilient, transparent, and accountable institutions and a more modernized, transformative and effective system of democratic governance that upholds the rule of law, at national and local levels.",1_SPSP 3-2_OC3-3_OU3.1.2,"Produto 3.1.2: As instituições estatais reforçaram as capacidades para um desenho e implementação de políticas e estratégias mais coerentes, transparentes, responsáveis, baseadas em provas e resultados, participativas e inovadoras a todos os níveis, a fim de abordar barreiras estruturais, aumentar o crescimento económico, reduzir as disparidades territoriais e sociais e fazer avançar a igualdade de género e os direitos humanos.",2024-02-08,2024-12-31,1_SPSP 3-2_OC3-3_OU3.1.2-4_SOU20,149451,"Mecanismo nacional de informação e acompanhamento apoiado na preparação de relatórios para os mecanismos de direitos humanos (OHCHR, UNDP)",OHCHR,United Nations High Commissioner for Human Rights,,,,,,,,,,false,,false,,false,,false,,3000,,
1_SPSP 3-2_OC3,"Efeito 3.1: Até 2027, mais pessoas, especialmente mulheres, jovens e grupos vulneráveis, exercerão livremente os seus direitos, participarão e beneficiarão de instituições inclusivas, resilientes, transparentes e responsáveis e de um sistema de governação democrática mais modernizado, transformador e eficaz que defenda o Estado de direito, a nível nacional e local. / Outcome 3: By 2027, more people, especially women, youth and those in vulnerable groups, freely exercise their rights, participate in, and benefit from, inclusive, resilient, transparent, and accountable institutions and a more modernized, transformative and effective system of democratic governance that upholds the rule of law, at national and local levels.",1_SPSP 3-2_OC3-3_OU3.1.2,"Produto 3.1.2: As instituições estatais reforçaram as capacidades para um desenho e implementação de políticas e estratégias mais coerentes, transparentes, responsáveis, baseadas em provas e resultados, participativas e inovadoras a todos os níveis, a fim de abordar barreiras estruturais, aumentar o crescimento económico, reduzir as disparidades territoriais e sociais e fazer avançar a igualdade de género e os direitos humanos.",2024-02-08,2024-12-31,1_SPSP 3-2_OC3-3_OU3.1.2-4_SOU20,149451,"Mecanismo nacional de informação e acompanhamento apoiado na preparação de relatórios para os mecanismos de direitos humanos (OHCHR, UNDP)",OHCHR,United Nations High Commissioner for Human Rights,Core Funding,Multilateral - UN organizations excluding pooled funds,,,,1000,,,,false,,false,,false,,false,,,,
1_SPSP 3-2_OC3,"Efeito 3.1: Até 2027, mais pessoas, especialmente mulheres, jovens e grupos vulneráveis, exercerão livremente os seus direitos, participarão e beneficiarão de instituições inclusivas, resilientes, transparentes e responsáveis e de um sistema de governação democrática mais modernizado, transformador e eficaz que defenda o Estado de direito, a nível nacional e local. / Outcome 3: By 2027, more people, especially women, youth and those in vulnerable groups, freely exercise their rights, participate in, and benefit from, inclusive, resilient, transparent, and accountable institutions and a more modernized, transformative and effective system of democratic governance that upholds the rule of law, at national and local levels.",1_SPSP 3-2_OC3-3_OU3.1.2,"Produto 3.1.2: As instituições estatais reforçaram as capacidades para um desenho e implementação de políticas e estratégias mais coerentes, transparentes, responsáveis, baseadas em provas e resultados, participativas e inovadoras a todos os níveis, a fim de abordar barreiras estruturais, aumentar o crescimento económico, reduzir as disparidades territoriais e sociais e fazer avançar a igualdade de género e os direitos humanos.",2024-02-14,2024-12-31,1_SPSP 3-2_OC3-3_OU3.1.2-4_SOU21,150308,"Facilitação de um programa de intercâmbio entre Defensores dos Direitos Humanos de Cabo Verde e da Guiné-Bissau para melhorar o seu trabalho de promoção e proteção dos direitos humanos (OHCHR, UNDP)",OHCHR,United Nations High Commissioner for Human Rights,,,,,,,,,,false,,false,,false,,false,,5000,,
1_SPSP 3-2_OC3,"Efeito 3.1: Até 2027, mais pessoas, especialmente mulheres, jovens e grupos vulneráveis, exercerão livremente os seus direitos, participarão e beneficiarão de instituições inclusivas, resilientes, transparentes e responsáveis e de um sistema de governação democrática mais modernizado, transformador e eficaz que defenda o Estado de direito, a nível nacional e local. / Outcome 3: By 2027, more people, especially women, youth and those in vulnerable groups, freely exercise their rights, participate in, and benefit from, inclusive, resilient, transparent, and accountable institutions and a more modernized, transformative and effective system of democratic governance that upholds the rule of law, at national and local levels.",1_SPSP 3-2_OC3-3_OU3.1.2,"Produto 3.1.2: As instituições estatais reforçaram as capacidades para um desenho e implementação de políticas e estratégias mais coerentes, transparentes, responsáveis, baseadas em provas e resultados, participativas e inovadoras a todos os níveis, a fim de abordar barreiras estruturais, aumentar o crescimento económico, reduzir as disparidades territoriais e sociais e fazer avançar a igualdade de género e os direitos humanos.",2024-02-14,2024-12-31,1_SPSP 3-2_OC3-3_OU3.1.2-4_SOU21,150308,"Facilitação de um programa de intercâmbio entre Defensores dos Direitos Humanos de Cabo Verde e da Guiné-Bissau para melhorar o seu trabalho de promoção e proteção dos direitos humanos (OHCHR, UNDP)",OHCHR,United Nations High Commissioner for Human Rights,Core Funding,Multilateral - UN organizations excluding pooled funds,,,,5000,,,,false,5000,false,,false,,false,,,,
1_SPSP 3-2_OC3,"Efeito 3.1: Até 2027, mais pessoas, especialmente mulheres, jovens e grupos vulneráveis, exercerão livremente os seus direitos, participarão e beneficiarão de instituições inclusivas, resilientes, transparentes e responsáveis e de um sistema de governação democrática mais modernizado, transformador e eficaz que defenda o Estado de direito, a nível nacional e local. / Outcome 3: By 2027, more people, especially women, youth and those in vulnerable groups, freely exercise their rights, participate in, and benefit from, inclusive, resilient, transparent, and accountable institutions and a more modernized, transformative and effective system of democratic governance that upholds the rule of law, at national and local levels.",1_SPSP 3-2_OC3-3_OU3.1.2,"Produto 3.1.2: As instituições estatais reforçaram as capacidades para um desenho e implementação de políticas e estratégias mais coerentes, transparentes, responsáveis, baseadas em provas e resultados, participativas e inovadoras a todos os níveis, a fim de abordar barreiras estruturais, aumentar o crescimento económico, reduzir as disparidades territoriais e sociais e fazer avançar a igualdade de género e os direitos humanos.",2024-02-14,2024-12-31,1_SPSP 3-2_OC3-3_OU3.1.2-4_SOU21,150308,"Facilitação de um programa de intercâmbio entre Defensores dos Direitos Humanos de Cabo Verde e da Guiné-Bissau para melhorar o seu trabalho de promoção e proteção dos direitos humanos (OHCHR, UNDP)",UNDP,United Nations Development Programme,,,,,,,,,,false,,false,,false,,false,,,,
1_SPSP 3-2_OC3,"Efeito 3.1: Até 2027, mais pessoas, especialmente mulheres, jovens e grupos vulneráveis, exercerão livremente os seus direitos, participarão e beneficiarão de instituições inclusivas, resilientes, transparentes e responsáveis e de um sistema de governação democrática mais modernizado, transformador e eficaz que defenda o Estado de direito, a nível nacional e local. / Outcome 3: By 2027, more people, especially women, youth and those in vulnerable groups, freely exercise their rights, participate in, and benefit from, inclusive, resilient, transparent, and accountable institutions and a more modernized, transformative and effective system of democratic governance that upholds the rule of law, at national and local levels.",1_SPSP 3-2_OC3-3_OU3.1.2,"Produto 3.1.2: As instituições estatais reforçaram as capacidades para um desenho e implementação de políticas e estratégias mais coerentes, transparentes, responsáveis, baseadas em provas e resultados, participativas e inovadoras a todos os níveis, a fim de abordar barreiras estruturais, aumentar o crescimento económico, reduzir as disparidades territoriais e sociais e fazer avançar a igualdade de género e os direitos humanos.",2024-02-14,2024-12-31,1_SPSP 3-2_OC3-3_OU3.1.2-4_SOU21,150308,"Facilitação de um programa de intercâmbio entre Defensores dos Direitos Humanos de Cabo Verde e da Guiné-Bissau para melhorar o seu trabalho de promoção e proteção dos direitos humanos (OHCHR, UNDP)",UNDP,United Nations Development Programme,Core Funding,Multilateral - UN organizations excluding pooled funds,,,,,,,,false,,false,,false,,false,,,,
1_SPSP 3-2_OC3,"Efeito 3.1: Até 2027, mais pessoas, especialmente mulheres, jovens e grupos vulneráveis, exercerão livremente os seus direitos, participarão e beneficiarão de instituições inclusivas, resilientes, transparentes e responsáveis e de um sistema de governação democrática mais modernizado, transformador e eficaz que defenda o Estado de direito, a nível nacional e local. / Outcome 3: By 2027, more people, especially women, youth and those in vulnerable groups, freely exercise their rights, participate in, and benefit from, inclusive, resilient, transparent, and accountable institutions and a more modernized, transformative and effective system of democratic governance that upholds the rule of law, at national and local levels.",1_SPSP 3-2_OC3-3_OU3.1.2,"Produto 3.1.2: As instituições estatais reforçaram as capacidades para um desenho e implementação de políticas e estratégias mais coerentes, transparentes, responsáveis, baseadas em provas e resultados, participativas e inovadoras a todos os níveis, a fim de abordar barreiras estruturais, aumentar o crescimento económico, reduzir as disparidades territoriais e sociais e fazer avançar a igualdade de género e os direitos humanos.",2024-02-14,2024-12-31,1_SPSP 3-2_OC3-3_OU3.1.2-4_SOU22,150312,"Apoio à divulgação e acompanhamento das recomendações do Exame Periódico Universal (OHCHR, UNDP)",OHCHR,United Nations High Commissioner for Human Rights,,,,,,,,,,false,,false,,false,,false,,4500,,
1_SPSP 3-2_OC3,"Efeito 3.1: Até 2027, mais pessoas, especialmente mulheres, jovens e grupos vulneráveis, exercerão livremente os seus direitos, participarão e beneficiarão de instituições inclusivas, resilientes, transparentes e responsáveis e de um sistema de governação democrática mais modernizado, transformador e eficaz que defenda o Estado de direito, a nível nacional e local. / Outcome 3: By 2027, more people, especially women, youth and those in vulnerable groups, freely exercise their rights, participate in, and benefit from, inclusive, resilient, transparent, and accountable institutions and a more modernized, transformative and effective system of democratic governance that upholds the rule of law, at national and local levels.",1_SPSP 3-2_OC3-3_OU3.1.2,"Produto 3.1.2: As instituições estatais reforçaram as capacidades para um desenho e implementação de políticas e estratégias mais coerentes, transparentes, responsáveis, baseadas em provas e resultados, participativas e inovadoras a todos os níveis, a fim de abordar barreiras estruturais, aumentar o crescimento económico, reduzir as disparidades territoriais e sociais e fazer avançar a igualdade de género e os direitos humanos.",2024-02-14,2024-12-31,1_SPSP 3-2_OC3-3_OU3.1.2-4_SOU22,150312,"Apoio à divulgação e acompanhamento das recomendações do Exame Periódico Universal (OHCHR, UNDP)",OHCHR,United Nations High Commissioner for Human Rights,Core Funding,Multilateral - UN organizations excluding pooled funds,,,,4500,,,,false,,false,,false,,false,,,,
1_SPSP 3-2_OC3,"Efeito 3.1: Até 2027, mais pessoas, especialmente mulheres, jovens e grupos vulneráveis, exercerão livremente os seus direitos, participarão e beneficiarão de instituições inclusivas, resilientes, transparentes e responsáveis e de um sistema de governação democrática mais modernizado, transformador e eficaz que defenda o Estado de direito, a nível nacional e local. / Outcome 3: By 2027, more people, especially women, youth and those in vulnerable groups, freely exercise their rights, participate in, and benefit from, inclusive, resilient, transparent, and accountable institutions and a more modernized, transformative and effective system of democratic governance that upholds the rule of law, at national and local levels.",1_SPSP 3-2_OC3-3_OU3.1.2,"Produto 3.1.2: As instituições estatais reforçaram as capacidades para um desenho e implementação de políticas e estratégias mais coerentes, transparentes, responsáveis, baseadas em provas e resultados, participativas e inovadoras a todos os níveis, a fim de abordar barreiras estruturais, aumentar o crescimento económico, reduzir as disparidades territoriais e sociais e fazer avançar a igualdade de género e os direitos humanos.",2024-01-01,2024-12-31,1_SPSP 3-2_OC3-3_OU3.1.2-4_SOU23,150967,"Reforçar a capacidade nacional para promover a igualdade de género (UNDP, UNFPA)",UNFPA,United Nations Population Fund,,,,,,,,,,false,,false,,false,,false,,25000,,
1_SPSP 3-2_OC3,"Efeito 3.1: Até 2027, mais pessoas, especialmente mulheres, jovens e grupos vulneráveis, exercerão livremente os seus direitos, participarão e beneficiarão de instituições inclusivas, resilientes, transparentes e responsáveis e de um sistema de governação democrática mais modernizado, transformador e eficaz que defenda o Estado de direito, a nível nacional e local. / Outcome 3: By 2027, more people, especially women, youth and those in vulnerable groups, freely exercise their rights, participate in, and benefit from, inclusive, resilient, transparent, and accountable institutions and a more modernized, transformative and effective system of democratic governance that upholds the rule of law, at national and local levels.",1_SPSP 3-2_OC3-3_OU3.1.2,"Produto 3.1.2: As instituições estatais reforçaram as capacidades para um desenho e implementação de políticas e estratégias mais coerentes, transparentes, responsáveis, baseadas em provas e resultados, participativas e inovadoras a todos os níveis, a fim de abordar barreiras estruturais, aumentar o crescimento económico, reduzir as disparidades territoriais e sociais e fazer avançar a igualdade de género e os direitos humanos.",2024-01-01,2024-12-31,1_SPSP 3-2_OC3-3_OU3.1.2-4_SOU23,150967,"Reforçar a capacidade nacional para promover a igualdade de género (UNDP, UNFPA)",UNFPA,United Nations Population Fund,Core Funding,Multilateral - UN organizations excluding pooled funds,,,,25000,,,,false,25000,false,,false,,false,,,,
1_SPSP 3-2_OC3,"Efeito 3.1: Até 2027, mais pessoas, especialmente mulheres, jovens e grupos vulneráveis, exercerão livremente os seus direitos, participarão e beneficiarão de instituições inclusivas, resilientes, transparentes e responsáveis e de um sistema de governação democrática mais modernizado, transformador e eficaz que defenda o Estado de direito, a nível nacional e local. / Outcome 3: By 2027, more people, especially women, youth and those in vulnerable groups, freely exercise their rights, participate in, and benefit from, inclusive, resilient, transparent, and accountable institutions and a more modernized, transformative and effective system of democratic governance that upholds the rule of law, at national and local levels.",1_SPSP 3-2_OC3-3_OU3.1.2,"Produto 3.1.2: As instituições estatais reforçaram as capacidades para um desenho e implementação de políticas e estratégias mais coerentes, transparentes, responsáveis, baseadas em provas e resultados, participativas e inovadoras a todos os níveis, a fim de abordar barreiras estruturais, aumentar o crescimento económico, reduzir as disparidades territoriais e sociais e fazer avançar a igualdade de género e os direitos humanos.",2024-01-01,2024-12-31,1_SPSP 3-2_OC3-3_OU3.1.2-4_SOU23,150967,"Reforçar a capacidade nacional para promover a igualdade de género (UNDP, UNFPA)",UNDP,United Nations Development Programme,,,,,,,,,,false,,false,,false,,false,,17000,,
1_SPSP 3-2_OC3,"Efeito 3.1: Até 2027, mais pessoas, especialmente mulheres, jovens e grupos vulneráveis, exercerão livremente os seus direitos, participarão e beneficiarão de instituições inclusivas, resilientes, transparentes e responsáveis e de um sistema de governação democrática mais modernizado, transformador e eficaz que defenda o Estado de direito, a nível nacional e local. / Outcome 3: By 2027, more people, especially women, youth and those in vulnerable groups, freely exercise their rights, participate in, and benefit from, inclusive, resilient, transparent, and accountable institutions and a more modernized, transformative and effective system of democratic governance that upholds the rule of law, at national and local levels.",1_SPSP 3-2_OC3-3_OU3.1.2,"Produto 3.1.2: As instituições estatais reforçaram as capacidades para um desenho e implementação de políticas e estratégias mais coerentes, transparentes, responsáveis, baseadas em provas e resultados, participativas e inovadoras a todos os níveis, a fim de abordar barreiras estruturais, aumentar o crescimento económico, reduzir as disparidades territoriais e sociais e fazer avançar a igualdade de género e os direitos humanos.",2024-01-01,2024-12-31,1_SPSP 3-2_OC3-3_OU3.1.2-4_SOU23,150967,"Reforçar a capacidade nacional para promover a igualdade de género (UNDP, UNFPA)",UNDP,United Nations Development Programme,Core Funding,Multilateral - UN organizations excluding pooled funds,,,,17000,,,,false,17000,false,,false,,false,,,,
1_SPSP 3-2_OC3,"Efeito 3.1: Até 2027, mais pessoas, especialmente mulheres, jovens e grupos vulneráveis, exercerão livremente os seus direitos, participarão e beneficiarão de instituições inclusivas, resilientes, transparentes e responsáveis e de um sistema de governação democrática mais modernizado, transformador e eficaz que defenda o Estado de direito, a nível nacional e local. / Outcome 3: By 2027, more people, especially women, youth and those in vulnerable groups, freely exercise their rights, participate in, and benefit from, inclusive, resilient, transparent, and accountable institutions and a more modernized, transformative and effective system of democratic governance that upholds the rule of law, at national and local levels.",1_SPSP 3-2_OC3-3_OU3.1.2,"Produto 3.1.2: As instituições estatais reforçaram as capacidades para um desenho e implementação de políticas e estratégias mais coerentes, transparentes, responsáveis, baseadas em provas e resultados, participativas e inovadoras a todos os níveis, a fim de abordar barreiras estruturais, aumentar o crescimento económico, reduzir as disparidades territoriais e sociais e fazer avançar a igualdade de género e os direitos humanos.",2024-01-01,2024-12-31,1_SPSP 3-2_OC3-3_OU3.1.2-4_SOU24,150973,Reforçar as capacidades técnicas e de gestão das administrações locais (UNDP),UNDP,United Nations Development Programme,,,,,,,,,,false,,false,,false,,false,,322184,,
1_SPSP 3-2_OC3,"Efeito 3.1: Até 2027, mais pessoas, especialmente mulheres, jovens e grupos vulneráveis, exercerão livremente os seus direitos, participarão e beneficiarão de instituições inclusivas, resilientes, transparentes e responsáveis e de um sistema de governação democrática mais modernizado, transformador e eficaz que defenda o Estado de direito, a nível nacional e local. / Outcome 3: By 2027, more people, especially women, youth and those in vulnerable groups, freely exercise their rights, participate in, and benefit from, inclusive, resilient, transparent, and accountable institutions and a more modernized, transformative and effective system of democratic governance that upholds the rule of law, at national and local levels.",1_SPSP 3-2_OC3-3_OU3.1.2,"Produto 3.1.2: As instituições estatais reforçaram as capacidades para um desenho e implementação de políticas e estratégias mais coerentes, transparentes, responsáveis, baseadas em provas e resultados, participativas e inovadoras a todos os níveis, a fim de abordar barreiras estruturais, aumentar o crescimento económico, reduzir as disparidades territoriais e sociais e fazer avançar a igualdade de género e os direitos humanos.",2024-01-01,2024-12-31,1_SPSP 3-2_OC3-3_OU3.1.2-4_SOU24,150973,Reforçar as capacidades técnicas e de gestão das administrações locais (UNDP),UNDP,United Nations Development Programme,Core Funding,Multilateral - UN organizations excluding pooled funds,,,,15000,,,,false,15000,false,,false,,false,,,,
1_SPSP 3-2_OC3,"Efeito 3.1: Até 2027, mais pessoas, especialmente mulheres, jovens e grupos vulneráveis, exercerão livremente os seus direitos, participarão e beneficiarão de instituições inclusivas, resilientes, transparentes e responsáveis e de um sistema de governação democrática mais modernizado, transformador e eficaz que defenda o Estado de direito, a nível nacional e local. / Outcome 3: By 2027, more people, especially women, youth and those in vulnerable groups, freely exercise their rights, participate in, and benefit from, inclusive, resilient, transparent, and accountable institutions and a more modernized, transformative and effective system of democratic governance that upholds the rule of law, at national and local levels.",1_SPSP 3-2_OC3-3_OU3.1.2,"Produto 3.1.2: As instituições estatais reforçaram as capacidades para um desenho e implementação de políticas e estratégias mais coerentes, transparentes, responsáveis, baseadas em provas e resultados, participativas e inovadoras a todos os níveis, a fim de abordar barreiras estruturais, aumentar o crescimento económico, reduzir as disparidades territoriais e sociais e fazer avançar a igualdade de género e os direitos humanos.",2024-01-01,2024-12-31,1_SPSP 3-2_OC3-3_OU3.1.2-4_SOU24,150973,Reforçar as capacidades técnicas e de gestão das administrações locais (UNDP),UNDP,United Nations Development Programme,Luxembourg,Government,,,,307184,,,,false,66000,false,,false,,false,,,,
1_SPSP 3-2_OC3,"Efeito 3.1: Até 2027, mais pessoas, especialmente mulheres, jovens e grupos vulneráveis, exercerão livremente os seus direitos, participarão e beneficiarão de instituições inclusivas, resilientes, transparentes e responsáveis e de um sistema de governação democrática mais modernizado, transformador e eficaz que defenda o Estado de direito, a nível nacional e local. / Outcome 3: By 2027, more people, especially women, youth and those in vulnerable groups, freely exercise their rights, participate in, and benefit from, inclusive, resilient, transparent, and accountable institutions and a more modernized, transformative and effective system of democratic governance that upholds the rule of law, at national and local levels.",1_SPSP 3-2_OC3-3_OU3.1.2,"Produto 3.1.2: As instituições estatais reforçaram as capacidades para um desenho e implementação de políticas e estratégias mais coerentes, transparentes, responsáveis, baseadas em provas e resultados, participativas e inovadoras a todos os níveis, a fim de abordar barreiras estruturais, aumentar o crescimento económico, reduzir as disparidades territoriais e sociais e fazer avançar a igualdade de género e os direitos humanos.",2024-01-01,2024-12-31,1_SPSP 3-2_OC3-3_OU3.1.2-4_SOU25,150979,Reforçar o Ministério da Coesão Territorial e outras entidades nacionais para aumentar a sua capacidade de promover e apoiar eficazmente as iniciativas de desenvolvimento local (UNDP),UNDP,United Nations Development Programme,,,,,,,,,,false,,false,,false,,false,,322184,,
1_SPSP 3-2_OC3,"Efeito 3.1: Até 2027, mais pessoas, especialmente mulheres, jovens e grupos vulneráveis, exercerão livremente os seus direitos, participarão e beneficiarão de instituições inclusivas, resilientes, transparentes e responsáveis e de um sistema de governação democrática mais modernizado, transformador e eficaz que defenda o Estado de direito, a nível nacional e local. / Outcome 3: By 2027, more people, especially women, youth and those in vulnerable groups, freely exercise their rights, participate in, and benefit from, inclusive, resilient, transparent, and accountable institutions and a more modernized, transformative and effective system of democratic governance that upholds the rule of law, at national and local levels.",1_SPSP 3-2_OC3-3_OU3.1.2,"Produto 3.1.2: As instituições estatais reforçaram as capacidades para um desenho e implementação de políticas e estratégias mais coerentes, transparentes, responsáveis, baseadas em provas e resultados, participativas e inovadoras a todos os níveis, a fim de abordar barreiras estruturais, aumentar o crescimento económico, reduzir as disparidades territoriais e sociais e fazer avançar a igualdade de género e os direitos humanos.",2024-01-01,2024-12-31,1_SPSP 3-2_OC3-3_OU3.1.2-4_SOU25,150979,Reforçar o Ministério da Coesão Territorial e outras entidades nacionais para aumentar a sua capacidade de promover e apoiar eficazmente as iniciativas de desenvolvimento local (UNDP),UNDP,United Nations Development Programme,Core Funding,Multilateral - UN organizations excluding pooled funds,,,,15000,,,,false,,false,,false,,false,,,,
1_SPSP 3-2_OC3,"Efeito 3.1: Até 2027, mais pessoas, especialmente mulheres, jovens e grupos vulneráveis, exercerão livremente os seus direitos, participarão e beneficiarão de instituições inclusivas, resilientes, transparentes e responsáveis e de um sistema de governação democrática mais modernizado, transformador e eficaz que defenda o Estado de direito, a nível nacional e local. / Outcome 3: By 2027, more people, especially women, youth and those in vulnerable groups, freely exercise their rights, participate in, and benefit from, inclusive, resilient, transparent, and accountable institutions and a more modernized, transformative and effective system of democratic governance that upholds the rule of law, at national and local levels.",1_SPSP 3-2_OC3-3_OU3.1.2,"Produto 3.1.2: As instituições estatais reforçaram as capacidades para um desenho e implementação de políticas e estratégias mais coerentes, transparentes, responsáveis, baseadas em provas e resultados, participativas e inovadoras a todos os níveis, a fim de abordar barreiras estruturais, aumentar o crescimento económico, reduzir as disparidades territoriais e sociais e fazer avançar a igualdade de género e os direitos humanos.",2024-01-01,2024-12-31,1_SPSP 3-2_OC3-3_OU3.1.2-4_SOU25,150979,Reforçar o Ministério da Coesão Territorial e outras entidades nacionais para aumentar a sua capacidade de promover e apoiar eficazmente as iniciativas de desenvolvimento local (UNDP),UNDP,United Nations Development Programme,Luxembourg,Government,,,,307184,,,,false,30000,false,,false,,false,,,,
1_SPSP 3-2_OC3,"Efeito 3.1: Até 2027, mais pessoas, especialmente mulheres, jovens e grupos vulneráveis, exercerão livremente os seus direitos, participarão e beneficiarão de instituições inclusivas, resilientes, transparentes e responsáveis e de um sistema de governação democrática mais modernizado, transformador e eficaz que defenda o Estado de direito, a nível nacional e local. / Outcome 3: By 2027, more people, especially women, youth and those in vulnerable groups, freely exercise their rights, participate in, and benefit from, inclusive, resilient, transparent, and accountable institutions and a more modernized, transformative and effective system of democratic governance that upholds the rule of law, at national and local levels.",1_SPSP 3-2_OC3-3_OU3.1.2,"Produto 3.1.2: As instituições estatais reforçaram as capacidades para um desenho e implementação de políticas e estratégias mais coerentes, transparentes, responsáveis, baseadas em provas e resultados, participativas e inovadoras a todos os níveis, a fim de abordar barreiras estruturais, aumentar o crescimento económico, reduzir as disparidades territoriais e sociais e fazer avançar a igualdade de género e os direitos humanos.",2024-01-01,2024-12-31,1_SPSP 3-2_OC3-3_OU3.1.2-4_SOU26,150988,Assegurar a assistência técnica para a execução dos projectos no contexto das iniciativas de desenvolvimento local (UNDP),UNDP,United Nations Development Programme,,,,,,,,,,false,,false,,false,,false,,450000,,
1_SPSP 3-2_OC3,"Efeito 3.1: Até 2027, mais pessoas, especialmente mulheres, jovens e grupos vulneráveis, exercerão livremente os seus direitos, participarão e beneficiarão de instituições inclusivas, resilientes, transparentes e responsáveis e de um sistema de governação democrática mais modernizado, transformador e eficaz que defenda o Estado de direito, a nível nacional e local. / Outcome 3: By 2027, more people, especially women, youth and those in vulnerable groups, freely exercise their rights, participate in, and benefit from, inclusive, resilient, transparent, and accountable institutions and a more modernized, transformative and effective system of democratic governance that upholds the rule of law, at national and local levels.",1_SPSP 3-2_OC3-3_OU3.1.2,"Produto 3.1.2: As instituições estatais reforçaram as capacidades para um desenho e implementação de políticas e estratégias mais coerentes, transparentes, responsáveis, baseadas em provas e resultados, participativas e inovadoras a todos os níveis, a fim de abordar barreiras estruturais, aumentar o crescimento económico, reduzir as disparidades territoriais e sociais e fazer avançar a igualdade de género e os direitos humanos.",2024-01-01,2024-12-31,1_SPSP 3-2_OC3-3_OU3.1.2-4_SOU26,150988,Assegurar a assistência técnica para a execução dos projectos no contexto das iniciativas de desenvolvimento local (UNDP),UNDP,United Nations Development Programme,Luxembourg,Government,,,,450000,,,,false,217022,false,,false,,false,,,,
1_SPSP 3-2_OC3,"Efeito 3.1: Até 2027, mais pessoas, especialmente mulheres, jovens e grupos vulneráveis, exercerão livremente os seus direitos, participarão e beneficiarão de instituições inclusivas, resilientes, transparentes e responsáveis e de um sistema de governação democrática mais modernizado, transformador e eficaz que defenda o Estado de direito, a nível nacional e local. / Outcome 3: By 2027, more people, especially women, youth and those in vulnerable groups, freely exercise their rights, participate in, and benefit from, inclusive, resilient, transparent, and accountable institutions and a more modernized, transformative and effective system of democratic governance that upholds the rule of law, at national and local levels.",1_SPSP 3-2_OC3-3_OU3.1.2,"Produto 3.1.2: As instituições estatais reforçaram as capacidades para um desenho e implementação de políticas e estratégias mais coerentes, transparentes, responsáveis, baseadas em provas e resultados, participativas e inovadoras a todos os níveis, a fim de abordar barreiras estruturais, aumentar o crescimento económico, reduzir as disparidades territoriais e sociais e fazer avançar a igualdade de género e os direitos humanos.",2024-01-01,2024-12-31,1_SPSP 3-2_OC3-3_OU3.1.2-4_SOU27,150993,Reforçar as competências humanas e as capacidades institucionais dos sistemas de gestão financeira pública (PFM) estatais e não estatais para impulsionar a governança económica e os sistemas de gestão financeira pública (Programa Regional de Governação Económica PALOP-TL - Impulsionando PFMS e Supervisão Orçamental - Pro PALOP-TL SAI (Fase III) (UNDP).,UNDP,United Nations Development Programme,,,,,,,,,,false,,false,,false,,false,,469215,,
1_SPSP 3-2_OC3,"Efeito 3.1: Até 2027, mais pessoas, especialmente mulheres, jovens e grupos vulneráveis, exercerão livremente os seus direitos, participarão e beneficiarão de instituições inclusivas, resilientes, transparentes e responsáveis e de um sistema de governação democrática mais modernizado, transformador e eficaz que defenda o Estado de direito, a nível nacional e local. / Outcome 3: By 2027, more people, especially women, youth and those in vulnerable groups, freely exercise their rights, participate in, and benefit from, inclusive, resilient, transparent, and accountable institutions and a more modernized, transformative and effective system of democratic governance that upholds the rule of law, at national and local levels.",1_SPSP 3-2_OC3-3_OU3.1.2,"Produto 3.1.2: As instituições estatais reforçaram as capacidades para um desenho e implementação de políticas e estratégias mais coerentes, transparentes, responsáveis, baseadas em provas e resultados, participativas e inovadoras a todos os níveis, a fim de abordar barreiras estruturais, aumentar o crescimento económico, reduzir as disparidades territoriais e sociais e fazer avançar a igualdade de género e os direitos humanos.",2024-01-01,2024-12-31,1_SPSP 3-2_OC3-3_OU3.1.2-4_SOU27,150993,Reforçar as competências humanas e as capacidades institucionais dos sistemas de gestão financeira pública (PFM) estatais e não estatais para impulsionar a governança económica e os sistemas de gestão financeira pública (Programa Regional de Governação Económica PALOP-TL - Impulsionando PFMS e Supervisão Orçamental - Pro PALOP-TL SAI (Fase III) (UNDP).,UNDP,United Nations Development Programme,Core Funding,Multilateral - UN organizations excluding pooled funds,,,,,,,,false,,false,,false,,false,,,,
1_SPSP 3-2_OC3,"Efeito 3.1: Até 2027, mais pessoas, especialmente mulheres, jovens e grupos vulneráveis, exercerão livremente os seus direitos, participarão e beneficiarão de instituições inclusivas, resilientes, transparentes e responsáveis e de um sistema de governação democrática mais modernizado, transformador e eficaz que defenda o Estado de direito, a nível nacional e local. / Outcome 3: By 2027, more people, especially women, youth and those in vulnerable groups, freely exercise their rights, participate in, and benefit from, inclusive, resilient, transparent, and accountable institutions and a more modernized, transformative and effective system of democratic governance that upholds the rule of law, at national and local levels.",1_SPSP 3-2_OC3-3_OU3.1.2,"Produto 3.1.2: As instituições estatais reforçaram as capacidades para um desenho e implementação de políticas e estratégias mais coerentes, transparentes, responsáveis, baseadas em provas e resultados, participativas e inovadoras a todos os níveis, a fim de abordar barreiras estruturais, aumentar o crescimento económico, reduzir as disparidades territoriais e sociais e fazer avançar a igualdade de género e os direitos humanos.",2024-01-01,2024-12-31,1_SPSP 3-2_OC3-3_OU3.1.2-4_SOU27,150993,Reforçar as competências humanas e as capacidades institucionais dos sistemas de gestão financeira pública (PFM) estatais e não estatais para impulsionar a governança económica e os sistemas de gestão financeira pública (Programa Regional de Governação Económica PALOP-TL - Impulsionando PFMS e Supervisão Orçamental - Pro PALOP-TL SAI (Fase III) (UNDP).,UNDP,United Nations Development Programme,European Union,EU Institutions,,,,454215,,,,false,320129,false,,false,,false,,,,
1_SPSP 3-2_OC3,"Efeito 3.1: Até 2027, mais pessoas, especialmente mulheres, jovens e grupos vulneráveis, exercerão livremente os seus direitos, participarão e beneficiarão de instituições inclusivas, resilientes, transparentes e responsáveis e de um sistema de governação democrática mais modernizado, transformador e eficaz que defenda o Estado de direito, a nível nacional e local. / Outcome 3: By 2027, more people, especially women, youth and those in vulnerable groups, freely exercise their rights, participate in, and benefit from, inclusive, resilient, transparent, and accountable institutions and a more modernized, transformative and effective system of democratic governance that upholds the rule of law, at national and local levels.",1_SPSP 3-2_OC3-3_OU3.1.2,"Produto 3.1.2: As instituições estatais reforçaram as capacidades para um desenho e implementação de políticas e estratégias mais coerentes, transparentes, responsáveis, baseadas em provas e resultados, participativas e inovadoras a todos os níveis, a fim de abordar barreiras estruturais, aumentar o crescimento económico, reduzir as disparidades territoriais e sociais e fazer avançar a igualdade de género e os direitos humanos.",2024-01-01,2024-12-21,1_SPSP 3-2_OC3-3_OU3.1.2-4_SOU28,150995,Consolidar parcerias entre instituições estatais e não estatais de gestão financeira pública (PFM) dos PALOP-TL através de cooperação Sul-Sul para a transparência e responsabilidade orçamental. (Programa Regional de Governação Económica PALOP-TL - Impulsionando PFMS e Supervisão Orçamental - Pro PALOP-TL SAI (Fase III) (UNDP),UNDP,United Nations Development Programme,,,,,,,,,,false,,false,,false,,false,,1600000,,
1_SPSP 3-2_OC3,"Efeito 3.1: Até 2027, mais pessoas, especialmente mulheres, jovens e grupos vulneráveis, exercerão livremente os seus direitos, participarão e beneficiarão de instituições inclusivas, resilientes, transparentes e responsáveis e de um sistema de governação democrática mais modernizado, transformador e eficaz que defenda o Estado de direito, a nível nacional e local. / Outcome 3: By 2027, more people, especially women, youth and those in vulnerable groups, freely exercise their rights, participate in, and benefit from, inclusive, resilient, transparent, and accountable institutions and a more modernized, transformative and effective system of democratic governance that upholds the rule of law, at national and local levels.",1_SPSP 3-2_OC3-3_OU3.1.2,"Produto 3.1.2: As instituições estatais reforçaram as capacidades para um desenho e implementação de políticas e estratégias mais coerentes, transparentes, responsáveis, baseadas em provas e resultados, participativas e inovadoras a todos os níveis, a fim de abordar barreiras estruturais, aumentar o crescimento económico, reduzir as disparidades territoriais e sociais e fazer avançar a igualdade de género e os direitos humanos.",2024-01-01,2024-12-21,1_SPSP 3-2_OC3-3_OU3.1.2-4_SOU28,150995,Consolidar parcerias entre instituições estatais e não estatais de gestão financeira pública (PFM) dos PALOP-TL através de cooperação Sul-Sul para a transparência e responsabilidade orçamental. (Programa Regional de Governação Económica PALOP-TL - Impulsionando PFMS e Supervisão Orçamental - Pro PALOP-TL SAI (Fase III) (UNDP),UNDP,United Nations Development Programme,Core Funding,Multilateral - UN organizations excluding pooled funds,,,,100000,,,,false,100000,false,,false,,false,,,,
1_SPSP 3-2_OC3,"Efeito 3.1: Até 2027, mais pessoas, especialmente mulheres, jovens e grupos vulneráveis, exercerão livremente os seus direitos, participarão e beneficiarão de instituições inclusivas, resilientes, transparentes e responsáveis e de um sistema de governação democrática mais modernizado, transformador e eficaz que defenda o Estado de direito, a nível nacional e local. / Outcome 3: By 2027, more people, especially women, youth and those in vulnerable groups, freely exercise their rights, participate in, and benefit from, inclusive, resilient, transparent, and accountable institutions and a more modernized, transformative and effective system of democratic governance that upholds the rule of law, at national and local levels.",1_SPSP 3-2_OC3-3_OU3.1.2,"Produto 3.1.2: As instituições estatais reforçaram as capacidades para um desenho e implementação de políticas e estratégias mais coerentes, transparentes, responsáveis, baseadas em provas e resultados, participativas e inovadoras a todos os níveis, a fim de abordar barreiras estruturais, aumentar o crescimento económico, reduzir as disparidades territoriais e sociais e fazer avançar a igualdade de género e os direitos humanos.",2024-01-01,2024-12-21,1_SPSP 3-2_OC3-3_OU3.1.2-4_SOU28,150995,Consolidar parcerias entre instituições estatais e não estatais de gestão financeira pública (PFM) dos PALOP-TL através de cooperação Sul-Sul para a transparência e responsabilidade orçamental. (Programa Regional de Governação Económica PALOP-TL - Impulsionando PFMS e Supervisão Orçamental - Pro PALOP-TL SAI (Fase III) (UNDP),UNDP,United Nations Development Programme,European Union,EU Institutions,,,,1500000,,,,false,1215832,false,,false,,false,,,,
1_SPSP 3-2_OC3,"Efeito 3.1: Até 2027, mais pessoas, especialmente mulheres, jovens e grupos vulneráveis, exercerão livremente os seus direitos, participarão e beneficiarão de instituições inclusivas, resilientes, transparentes e responsáveis e de um sistema de governação democrática mais modernizado, transformador e eficaz que defenda o Estado de direito, a nível nacional e local. / Outcome 3: By 2027, more people, especially women, youth and those in vulnerable groups, freely exercise their rights, participate in, and benefit from, inclusive, resilient, transparent, and accountable institutions and a more modernized, transformative and effective system of democratic governance that upholds the rule of law, at national and local levels.",1_SPSP 3-2_OC3-3_OU3.1.2,"Produto 3.1.2: As instituições estatais reforçaram as capacidades para um desenho e implementação de políticas e estratégias mais coerentes, transparentes, responsáveis, baseadas em provas e resultados, participativas e inovadoras a todos os níveis, a fim de abordar barreiras estruturais, aumentar o crescimento económico, reduzir as disparidades territoriais e sociais e fazer avançar a igualdade de género e os direitos humanos.",2024-02-26,2024-12-31,1_SPSP 3-2_OC3-3_OU3.1.2-4_SOU29,151315,"Reforço das capacidades da instituição nacional dos direitos humanos para melhorar a promoção e a proteção dos direitos humanos (OHCHR, UNDP)",OHCHR,United Nations High Commissioner for Human Rights,,,,,,,,,,false,,false,,false,,false,,12000,,
1_SPSP 3-2_OC3,"Efeito 3.1: Até 2027, mais pessoas, especialmente mulheres, jovens e grupos vulneráveis, exercerão livremente os seus direitos, participarão e beneficiarão de instituições inclusivas, resilientes, transparentes e responsáveis e de um sistema de governação democrática mais modernizado, transformador e eficaz que defenda o Estado de direito, a nível nacional e local. / Outcome 3: By 2027, more people, especially women, youth and those in vulnerable groups, freely exercise their rights, participate in, and benefit from, inclusive, resilient, transparent, and accountable institutions and a more modernized, transformative and effective system of democratic governance that upholds the rule of law, at national and local levels.",1_SPSP 3-2_OC3-3_OU3.1.2,"Produto 3.1.2: As instituições estatais reforçaram as capacidades para um desenho e implementação de políticas e estratégias mais coerentes, transparentes, responsáveis, baseadas em provas e resultados, participativas e inovadoras a todos os níveis, a fim de abordar barreiras estruturais, aumentar o crescimento económico, reduzir as disparidades territoriais e sociais e fazer avançar a igualdade de género e os direitos humanos.",2024-02-26,2024-12-31,1_SPSP 3-2_OC3-3_OU3.1.2-4_SOU29,151315,"Reforço das capacidades da instituição nacional dos direitos humanos para melhorar a promoção e a proteção dos direitos humanos (OHCHR, UNDP)",OHCHR,United Nations High Commissioner for Human Rights,Core Funding,Multilateral - UN organizations excluding pooled funds,,,,12000,,,,false,5000,false,,false,,false,,,,
1_SPSP 3-2_OC3,"Efeito 3.1: Até 2027, mais pessoas, especialmente mulheres, jovens e grupos vulneráveis, exercerão livremente os seus direitos, participarão e beneficiarão de instituições inclusivas, resilientes, transparentes e responsáveis e de um sistema de governação democrática mais modernizado, transformador e eficaz que defenda o Estado de direito, a nível nacional e local. / Outcome 3: By 2027, more people, especially women, youth and those in vulnerable groups, freely exercise their rights, participate in, and benefit from, inclusive, resilient, transparent, and accountable institutions and a more modernized, transformative and effective system of democratic governance that upholds the rule of law, at national and local levels.",1_SPSP 3-2_OC3-3_OU3.1.2,"Produto 3.1.2: As instituições estatais reforçaram as capacidades para um desenho e implementação de políticas e estratégias mais coerentes, transparentes, responsáveis, baseadas em provas e resultados, participativas e inovadoras a todos os níveis, a fim de abordar barreiras estruturais, aumentar o crescimento económico, reduzir as disparidades territoriais e sociais e fazer avançar a igualdade de género e os direitos humanos.",2024-03-26,2024-12-31,1_SPSP 3-2_OC3-3_OU3.1.2-4_SOU30,153395,Unidade  Nacional de Coordenação (UNC-SIDS) (UNDP),UNDP,United Nations Development Programme,,,,,,,,,,false,,false,,false,,false,,20000,,
1_SPSP 3-2_OC3,"Efeito 3.1: Até 2027, mais pessoas, especialmente mulheres, jovens e grupos vulneráveis, exercerão livremente os seus direitos, participarão e beneficiarão de instituições inclusivas, resilientes, transparentes e responsáveis e de um sistema de governação democrática mais modernizado, transformador e eficaz que defenda o Estado de direito, a nível nacional e local. / Outcome 3: By 2027, more people, especially women, youth and those in vulnerable groups, freely exercise their rights, participate in, and benefit from, inclusive, resilient, transparent, and accountable institutions and a more modernized, transformative and effective system of democratic governance that upholds the rule of law, at national and local levels.",1_SPSP 3-2_OC3-3_OU3.1.2,"Produto 3.1.2: As instituições estatais reforçaram as capacidades para um desenho e implementação de políticas e estratégias mais coerentes, transparentes, responsáveis, baseadas em provas e resultados, participativas e inovadoras a todos os níveis, a fim de abordar barreiras estruturais, aumentar o crescimento económico, reduzir as disparidades territoriais e sociais e fazer avançar a igualdade de género e os direitos humanos.",2024-03-26,2024-12-31,1_SPSP 3-2_OC3-3_OU3.1.2-4_SOU30,153395,Unidade  Nacional de Coordenação (UNC-SIDS) (UNDP),UNDP,United Nations Development Programme,Core Funding,Multilateral - UN organizations excluding pooled funds,,,,20000,,,,false,16000,false,,false,,false,,,,
1_SPSP 3-2_OC3,"Efeito 3.1: Até 2027, mais pessoas, especialmente mulheres, jovens e grupos vulneráveis, exercerão livremente os seus direitos, participarão e beneficiarão de instituições inclusivas, resilientes, transparentes e responsáveis e de um sistema de governação democrática mais modernizado, transformador e eficaz que defenda o Estado de direito, a nível nacional e local. / Outcome 3: By 2027, more people, especially women, youth and those in vulnerable groups, freely exercise their rights, participate in, and benefit from, inclusive, resilient, transparent, and accountable institutions and a more modernized, transformative and effective system of democratic governance that upholds the rule of law, at national and local levels.",1_SPSP 3-2_OC3-3_OU3.1.2,"Produto 3.1.2: As instituições estatais reforçaram as capacidades para um desenho e implementação de políticas e estratégias mais coerentes, transparentes, responsáveis, baseadas em provas e resultados, participativas e inovadoras a todos os níveis, a fim de abordar barreiras estruturais, aumentar o crescimento económico, reduzir as disparidades territoriais e sociais e fazer avançar a igualdade de género e os direitos humanos.",2025-01-01,2026-12-31,1_SPSP 3-2_OC3-3_OU3.1.2-4_SOU31,179571,Reforçar as competências humanas e as capacidades institucionais dos sistemas de gestão financeira pública (PFM) estatais e não estatais para impulsionar a governança económica e os sistemas de gestão financeira pública (Programa Regional de Governação Económica PALOP-TL - Impulsionando PFMS e Supervisão Orçamental - Pro PALOP-TL SAI (Fase III) (UNDP).,UNDP,United Nations Development Programme,,,,,,,,,,false,,false,,true,,false,,,400000,280000
1_SPSP 3-2_OC3,"Efeito 3.1: Até 2027, mais pessoas, especialmente mulheres, jovens e grupos vulneráveis, exercerão livremente os seus direitos, participarão e beneficiarão de instituições inclusivas, resilientes, transparentes e responsáveis e de um sistema de governação democrática mais modernizado, transformador e eficaz que defenda o Estado de direito, a nível nacional e local. / Outcome 3: By 2027, more people, especially women, youth and those in vulnerable groups, freely exercise their rights, participate in, and benefit from, inclusive, resilient, transparent, and accountable institutions and a more modernized, transformative and effective system of democratic governance that upholds the rule of law, at national and local levels.",1_SPSP 3-2_OC3-3_OU3.1.2,"Produto 3.1.2: As instituições estatais reforçaram as capacidades para um desenho e implementação de políticas e estratégias mais coerentes, transparentes, responsáveis, baseadas em provas e resultados, participativas e inovadoras a todos os níveis, a fim de abordar barreiras estruturais, aumentar o crescimento económico, reduzir as disparidades territoriais e sociais e fazer avançar a igualdade de género e os direitos humanos.",2025-01-01,2026-12-31,1_SPSP 3-2_OC3-3_OU3.1.2-4_SOU31,179571,Reforçar as competências humanas e as capacidades institucionais dos sistemas de gestão financeira pública (PFM) estatais e não estatais para impulsionar a governança económica e os sistemas de gestão financeira pública (Programa Regional de Governação Económica PALOP-TL - Impulsionando PFMS e Supervisão Orçamental - Pro PALOP-TL SAI (Fase III) (UNDP).,UNDP,United Nations Development Programme,Core Funding,Multilateral - UN organizations excluding pooled funds,,,,,,,,false,,false,,true,,false,,,,
1_SPSP 3-2_OC3,"Efeito 3.1: Até 2027, mais pessoas, especialmente mulheres, jovens e grupos vulneráveis, exercerão livremente os seus direitos, participarão e beneficiarão de instituições inclusivas, resilientes, transparentes e responsáveis e de um sistema de governação democrática mais modernizado, transformador e eficaz que defenda o Estado de direito, a nível nacional e local. / Outcome 3: By 2027, more people, especially women, youth and those in vulnerable groups, freely exercise their rights, participate in, and benefit from, inclusive, resilient, transparent, and accountable institutions and a more modernized, transformative and effective system of democratic governance that upholds the rule of law, at national and local levels.",1_SPSP 3-2_OC3-3_OU3.1.2,"Produto 3.1.2: As instituições estatais reforçaram as capacidades para um desenho e implementação de políticas e estratégias mais coerentes, transparentes, responsáveis, baseadas em provas e resultados, participativas e inovadoras a todos os níveis, a fim de abordar barreiras estruturais, aumentar o crescimento económico, reduzir as disparidades territoriais e sociais e fazer avançar a igualdade de género e os direitos humanos.",2025-01-01,2026-12-31,1_SPSP 3-2_OC3-3_OU3.1.2-4_SOU31,179571,Reforçar as competências humanas e as capacidades institucionais dos sistemas de gestão financeira pública (PFM) estatais e não estatais para impulsionar a governança económica e os sistemas de gestão financeira pública (Programa Regional de Governação Económica PALOP-TL - Impulsionando PFMS e Supervisão Orçamental - Pro PALOP-TL SAI (Fase III) (UNDP).,UNDP,United Nations Development Programme,European Union,EU Institutions,,,,,400000,280000,,false,,false,217420,true,173035,false,,,,
1_SPSP 3-2_OC3,"Efeito 3.1: Até 2027, mais pessoas, especialmente mulheres, jovens e grupos vulneráveis, exercerão livremente os seus direitos, participarão e beneficiarão de instituições inclusivas, resilientes, transparentes e responsáveis e de um sistema de governação democrática mais modernizado, transformador e eficaz que defenda o Estado de direito, a nível nacional e local. / Outcome 3: By 2027, more people, especially women, youth and those in vulnerable groups, freely exercise their rights, participate in, and benefit from, inclusive, resilient, transparent, and accountable institutions and a more modernized, transformative and effective system of democratic governance that upholds the rule of law, at national and local levels.",1_SPSP 3-2_OC3-3_OU3.1.2,"Produto 3.1.2: As instituições estatais reforçaram as capacidades para um desenho e implementação de políticas e estratégias mais coerentes, transparentes, responsáveis, baseadas em provas e resultados, participativas e inovadoras a todos os níveis, a fim de abordar barreiras estruturais, aumentar o crescimento económico, reduzir as disparidades territoriais e sociais e fazer avançar a igualdade de género e os direitos humanos.",2025-01-01,2026-12-31,1_SPSP 3-2_OC3-3_OU3.1.2-4_SOU32,179575,(2025-2026) Consolidar parcerias entre instituições estatais e não estatais de gestão financeira pública (PFM) dos PALOP-TL através de cooperação Sul-Sul para a transparência e responsabilidade orçamental. (Programa Regional de Governação Económica PALOP-TL - Impulsionando PFMS e Supervisão Orçamental - Pro PALOP-TL SAI (Fase III) (UNDP),UNDP,United Nations Development Programme,,,,,,,,,,false,,false,,true,,false,,,1400000,704555
1_SPSP 3-2_OC3,"Efeito 3.1: Até 2027, mais pessoas, especialmente mulheres, jovens e grupos vulneráveis, exercerão livremente os seus direitos, participarão e beneficiarão de instituições inclusivas, resilientes, transparentes e responsáveis e de um sistema de governação democrática mais modernizado, transformador e eficaz que defenda o Estado de direito, a nível nacional e local. / Outcome 3: By 2027, more people, especially women, youth and those in vulnerable groups, freely exercise their rights, participate in, and benefit from, inclusive, resilient, transparent, and accountable institutions and a more modernized, transformative and effective system of democratic governance that upholds the rule of law, at national and local levels.",1_SPSP 3-2_OC3-3_OU3.1.2,"Produto 3.1.2: As instituições estatais reforçaram as capacidades para um desenho e implementação de políticas e estratégias mais coerentes, transparentes, responsáveis, baseadas em provas e resultados, participativas e inovadoras a todos os níveis, a fim de abordar barreiras estruturais, aumentar o crescimento económico, reduzir as disparidades territoriais e sociais e fazer avançar a igualdade de género e os direitos humanos.",2025-01-01,2026-12-31,1_SPSP 3-2_OC3-3_OU3.1.2-4_SOU32,179575,(2025-2026) Consolidar parcerias entre instituições estatais e não estatais de gestão financeira pública (PFM) dos PALOP-TL através de cooperação Sul-Sul para a transparência e responsabilidade orçamental. (Programa Regional de Governação Económica PALOP-TL - Impulsionando PFMS e Supervisão Orçamental - Pro PALOP-TL SAI (Fase III) (UNDP),UNDP,United Nations Development Programme,Core Funding,Multilateral - UN organizations excluding pooled funds,,,,,,,,false,,false,,true,,false,,,,
1_SPSP 3-2_OC3,"Efeito 3.1: Até 2027, mais pessoas, especialmente mulheres, jovens e grupos vulneráveis, exercerão livremente os seus direitos, participarão e beneficiarão de instituições inclusivas, resilientes, transparentes e responsáveis e de um sistema de governação democrática mais modernizado, transformador e eficaz que defenda o Estado de direito, a nível nacional e local. / Outcome 3: By 2027, more people, especially women, youth and those in vulnerable groups, freely exercise their rights, participate in, and benefit from, inclusive, resilient, transparent, and accountable institutions and a more modernized, transformative and effective system of democratic governance that upholds the rule of law, at national and local levels.",1_SPSP 3-2_OC3-3_OU3.1.2,"Produto 3.1.2: As instituições estatais reforçaram as capacidades para um desenho e implementação de políticas e estratégias mais coerentes, transparentes, responsáveis, baseadas em provas e resultados, participativas e inovadoras a todos os níveis, a fim de abordar barreiras estruturais, aumentar o crescimento económico, reduzir as disparidades territoriais e sociais e fazer avançar a igualdade de género e os direitos humanos.",2025-01-01,2026-12-31,1_SPSP 3-2_OC3-3_OU3.1.2-4_SOU32,179575,(2025-2026) Consolidar parcerias entre instituições estatais e não estatais de gestão financeira pública (PFM) dos PALOP-TL através de cooperação Sul-Sul para a transparência e responsabilidade orçamental. (Programa Regional de Governação Económica PALOP-TL - Impulsionando PFMS e Supervisão Orçamental - Pro PALOP-TL SAI (Fase III) (UNDP),UNDP,United Nations Development Programme,European Union,EU Institutions,,,,,1400000,704555,,false,,false,1187529,true,704555,false,,,,
1_SPSP 3-2_OC3,"Efeito 3.1: Até 2027, mais pessoas, especialmente mulheres, jovens e grupos vulneráveis, exercerão livremente os seus direitos, participarão e beneficiarão de instituições inclusivas, resilientes, transparentes e responsáveis e de um sistema de governação democrática mais modernizado, transformador e eficaz que defenda o Estado de direito, a nível nacional e local. / Outcome 3: By 2027, more people, especially women, youth and those in vulnerable groups, freely exercise their rights, participate in, and benefit from, inclusive, resilient, transparent, and accountable institutions and a more modernized, transformative and effective system of democratic governance that upholds the rule of law, at national and local levels.",1_SPSP 3-2_OC3-3_OU3.1.2,"Produto 3.1.2: As instituições estatais reforçaram as capacidades para um desenho e implementação de políticas e estratégias mais coerentes, transparentes, responsáveis, baseadas em provas e resultados, participativas e inovadoras a todos os níveis, a fim de abordar barreiras estruturais, aumentar o crescimento económico, reduzir as disparidades territoriais e sociais e fazer avançar a igualdade de género e os direitos humanos.",2025-01-01,2026-12-31,1_SPSP 3-2_OC3-3_OU3.1.2-4_SOU109,179199,Um Plano de Ação Conjunto de Engajamento da Diáspora entre o Governo Central e Local atualizado e sensível às questões de género é disponibilizado aos funcionários governamentais das instituições centrais e municipais,IOM,International Organization for Migration,,,,,,,,,,false,,false,,false,,false,,,59872,68377
1_SPSP 3-2_OC3,"Efeito 3.1: Até 2027, mais pessoas, especialmente mulheres, jovens e grupos vulneráveis, exercerão livremente os seus direitos, participarão e beneficiarão de instituições inclusivas, resilientes, transparentes e responsáveis e de um sistema de governação democrática mais modernizado, transformador e eficaz que defenda o Estado de direito, a nível nacional e local. / Outcome 3: By 2027, more people, especially women, youth and those in vulnerable groups, freely exercise their rights, participate in, and benefit from, inclusive, resilient, transparent, and accountable institutions and a more modernized, transformative and effective system of democratic governance that upholds the rule of law, at national and local levels.",1_SPSP 3-2_OC3-3_OU3.1.2,"Produto 3.1.2: As instituições estatais reforçaram as capacidades para um desenho e implementação de políticas e estratégias mais coerentes, transparentes, responsáveis, baseadas em provas e resultados, participativas e inovadoras a todos os níveis, a fim de abordar barreiras estruturais, aumentar o crescimento económico, reduzir as disparidades territoriais e sociais e fazer avançar a igualdade de género e os direitos humanos.",2025-01-01,2026-12-31,1_SPSP 3-2_OC3-3_OU3.1.2-4_SOU109,179199,Um Plano de Ação Conjunto de Engajamento da Diáspora entre o Governo Central e Local atualizado e sensível às questões de género é disponibilizado aos funcionários governamentais das instituições centrais e municipais,IOM,International Organization for Migration,International Organization for Migration,Multilateral - UN organizations excluding pooled funds,,,,,59872,68377,,false,,false,10375,false,,false,,,,
1_SPSP 3-2_OC3,"Efeito 3.1: Até 2027, mais pessoas, especialmente mulheres, jovens e grupos vulneráveis, exercerão livremente os seus direitos, participarão e beneficiarão de instituições inclusivas, resilientes, transparentes e responsáveis e de um sistema de governação democrática mais modernizado, transformador e eficaz que defenda o Estado de direito, a nível nacional e local. / Outcome 3: By 2027, more people, especially women, youth and those in vulnerable groups, freely exercise their rights, participate in, and benefit from, inclusive, resilient, transparent, and accountable institutions and a more modernized, transformative and effective system of democratic governance that upholds the rule of law, at national and local levels.",1_SPSP 3-2_OC3-3_OU3.1.2,"Produto 3.1.2: As instituições estatais reforçaram as capacidades para um desenho e implementação de políticas e estratégias mais coerentes, transparentes, responsáveis, baseadas em provas e resultados, participativas e inovadoras a todos os níveis, a fim de abordar barreiras estruturais, aumentar o crescimento económico, reduzir as disparidades territoriais e sociais e fazer avançar a igualdade de género e os direitos humanos.",2025-03-01,2026-12-31,1_SPSP 3-2_OC3-3_OU3.1.2-4_SOU244,179579,"Acesso à Justiça e Promoção dos Direitos Humanos e Igualdade de Gênero ",UNDP,United Nations Development Programme,,,,,,,,,,false,,false,,false,,false,,,286454,286454
1_SPSP 3-2_OC3,"Efeito 3.1: Até 2027, mais pessoas, especialmente mulheres, jovens e grupos vulneráveis, exercerão livremente os seus direitos, participarão e beneficiarão de instituições inclusivas, resilientes, transparentes e responsáveis e de um sistema de governação democrática mais modernizado, transformador e eficaz que defenda o Estado de direito, a nível nacional e local. / Outcome 3: By 2027, more people, especially women, youth and those in vulnerable groups, freely exercise their rights, participate in, and benefit from, inclusive, resilient, transparent, and accountable institutions and a more modernized, transformative and effective system of democratic governance that upholds the rule of law, at national and local levels.",1_SPSP 3-2_OC3-3_OU3.1.2,"Produto 3.1.2: As instituições estatais reforçaram as capacidades para um desenho e implementação de políticas e estratégias mais coerentes, transparentes, responsáveis, baseadas em provas e resultados, participativas e inovadoras a todos os níveis, a fim de abordar barreiras estruturais, aumentar o crescimento económico, reduzir as disparidades territoriais e sociais e fazer avançar a igualdade de género e os direitos humanos.",2025-03-01,2026-12-31,1_SPSP 3-2_OC3-3_OU3.1.2-4_SOU244,179579,"Acesso à Justiça e Promoção dos Direitos Humanos e Igualdade de Gênero ",UNDP,United Nations Development Programme,Core Funding,Multilateral - UN organizations excluding pooled funds,,,,,286454,35000,,false,,false,286454,false,32885,false,,,,
1_SPSP 3-2_OC3,"Efeito 3.1: Até 2027, mais pessoas, especialmente mulheres, jovens e grupos vulneráveis, exercerão livremente os seus direitos, participarão e beneficiarão de instituições inclusivas, resilientes, transparentes e responsáveis e de um sistema de governação democrática mais modernizado, transformador e eficaz que defenda o Estado de direito, a nível nacional e local. / Outcome 3: By 2027, more people, especially women, youth and those in vulnerable groups, freely exercise their rights, participate in, and benefit from, inclusive, resilient, transparent, and accountable institutions and a more modernized, transformative and effective system of democratic governance that upholds the rule of law, at national and local levels.",1_SPSP 3-2_OC3-3_OU3.1.2,"Produto 3.1.2: As instituições estatais reforçaram as capacidades para um desenho e implementação de políticas e estratégias mais coerentes, transparentes, responsáveis, baseadas em provas e resultados, participativas e inovadoras a todos os níveis, a fim de abordar barreiras estruturais, aumentar o crescimento económico, reduzir as disparidades territoriais e sociais e fazer avançar a igualdade de género e os direitos humanos.",2025-03-01,2026-12-31,1_SPSP 3-2_OC3-3_OU3.1.2-4_SOU244,179579,"Acesso à Justiça e Promoção dos Direitos Humanos e Igualdade de Gênero ",UNICEF,United Nations Children's Fund,,,,,,,,,,false,,false,,false,,false,,,24500,60000
1_SPSP 3-2_OC3,"Efeito 3.1: Até 2027, mais pessoas, especialmente mulheres, jovens e grupos vulneráveis, exercerão livremente os seus direitos, participarão e beneficiarão de instituições inclusivas, resilientes, transparentes e responsáveis e de um sistema de governação democrática mais modernizado, transformador e eficaz que defenda o Estado de direito, a nível nacional e local. / Outcome 3: By 2027, more people, especially women, youth and those in vulnerable groups, freely exercise their rights, participate in, and benefit from, inclusive, resilient, transparent, and accountable institutions and a more modernized, transformative and effective system of democratic governance that upholds the rule of law, at national and local levels.",1_SPSP 3-2_OC3-3_OU3.1.2,"Produto 3.1.2: As instituições estatais reforçaram as capacidades para um desenho e implementação de políticas e estratégias mais coerentes, transparentes, responsáveis, baseadas em provas e resultados, participativas e inovadoras a todos os níveis, a fim de abordar barreiras estruturais, aumentar o crescimento económico, reduzir as disparidades territoriais e sociais e fazer avançar a igualdade de género e os direitos humanos.",2025-03-01,2026-12-31,1_SPSP 3-2_OC3-3_OU3.1.2-4_SOU244,179579,"Acesso à Justiça e Promoção dos Direitos Humanos e Igualdade de Gênero ",UNICEF,United Nations Children's Fund,Core Funding,Multilateral - UN organizations excluding pooled funds,,,,,24500,60000,,false,,false,24500,false,40000,false,,,,
1_SPSP 3-2_OC3,"Efeito 3.1: Até 2027, mais pessoas, especialmente mulheres, jovens e grupos vulneráveis, exercerão livremente os seus direitos, participarão e beneficiarão de instituições inclusivas, resilientes, transparentes e responsáveis e de um sistema de governação democrática mais modernizado, transformador e eficaz que defenda o Estado de direito, a nível nacional e local. / Outcome 3: By 2027, more people, especially women, youth and those in vulnerable groups, freely exercise their rights, participate in, and benefit from, inclusive, resilient, transparent, and accountable institutions and a more modernized, transformative and effective system of democratic governance that upholds the rule of law, at national and local levels.",1_SPSP 3-2_OC3-3_OU3.1.2,"Produto 3.1.2: As instituições estatais reforçaram as capacidades para um desenho e implementação de políticas e estratégias mais coerentes, transparentes, responsáveis, baseadas em provas e resultados, participativas e inovadoras a todos os níveis, a fim de abordar barreiras estruturais, aumentar o crescimento económico, reduzir as disparidades territoriais e sociais e fazer avançar a igualdade de género e os direitos humanos.",2025-03-01,2026-12-31,1_SPSP 3-2_OC3-3_OU3.1.2-4_SOU244,179579,"Acesso à Justiça e Promoção dos Direitos Humanos e Igualdade de Gênero ",UNFPA,United Nations Population Fund,,,,,,,,,,false,,false,,false,,false,,,46000,40000
1_SPSP 3-2_OC3,"Efeito 3.1: Até 2027, mais pessoas, especialmente mulheres, jovens e grupos vulneráveis, exercerão livremente os seus direitos, participarão e beneficiarão de instituições inclusivas, resilientes, transparentes e responsáveis e de um sistema de governação democrática mais modernizado, transformador e eficaz que defenda o Estado de direito, a nível nacional e local. / Outcome 3: By 2027, more people, especially women, youth and those in vulnerable groups, freely exercise their rights, participate in, and benefit from, inclusive, resilient, transparent, and accountable institutions and a more modernized, transformative and effective system of democratic governance that upholds the rule of law, at national and local levels.",1_SPSP 3-2_OC3-3_OU3.1.2,"Produto 3.1.2: As instituições estatais reforçaram as capacidades para um desenho e implementação de políticas e estratégias mais coerentes, transparentes, responsáveis, baseadas em provas e resultados, participativas e inovadoras a todos os níveis, a fim de abordar barreiras estruturais, aumentar o crescimento económico, reduzir as disparidades territoriais e sociais e fazer avançar a igualdade de género e os direitos humanos.",2025-03-01,2026-12-31,1_SPSP 3-2_OC3-3_OU3.1.2-4_SOU244,179579,"Acesso à Justiça e Promoção dos Direitos Humanos e Igualdade de Gênero ",UNFPA,United Nations Population Fund,Core Funding,Multilateral - UN organizations excluding pooled funds,,,,,46000,40000,,false,,false,46000,false,,false,,,,
1_SPSP 3-2_OC3,"Efeito 3.1: Até 2027, mais pessoas, especialmente mulheres, jovens e grupos vulneráveis, exercerão livremente os seus direitos, participarão e beneficiarão de instituições inclusivas, resilientes, transparentes e responsáveis e de um sistema de governação democrática mais modernizado, transformador e eficaz que defenda o Estado de direito, a nível nacional e local. / Outcome 3: By 2027, more people, especially women, youth and those in vulnerable groups, freely exercise their rights, participate in, and benefit from, inclusive, resilient, transparent, and accountable institutions and a more modernized, transformative and effective system of democratic governance that upholds the rule of law, at national and local levels.",1_SPSP 3-2_OC3-3_OU3.1.2,"Produto 3.1.2: As instituições estatais reforçaram as capacidades para um desenho e implementação de políticas e estratégias mais coerentes, transparentes, responsáveis, baseadas em provas e resultados, participativas e inovadoras a todos os níveis, a fim de abordar barreiras estruturais, aumentar o crescimento económico, reduzir as disparidades territoriais e sociais e fazer avançar a igualdade de género e os direitos humanos.",2025-01-01,2026-12-31,1_SPSP 3-2_OC3-3_OU3.1.2-4_SOU249,179562,"Reforço do Sistema Nacional de estatistica para contribuir para a redução da pobreza e das desigualdades sociais ",UNDP,United Nations Development Programme,,,,,,,,,,false,,false,,false,,false,,,26469,100000
1_SPSP 3-2_OC3,"Efeito 3.1: Até 2027, mais pessoas, especialmente mulheres, jovens e grupos vulneráveis, exercerão livremente os seus direitos, participarão e beneficiarão de instituições inclusivas, resilientes, transparentes e responsáveis e de um sistema de governação democrática mais modernizado, transformador e eficaz que defenda o Estado de direito, a nível nacional e local. / Outcome 3: By 2027, more people, especially women, youth and those in vulnerable groups, freely exercise their rights, participate in, and benefit from, inclusive, resilient, transparent, and accountable institutions and a more modernized, transformative and effective system of democratic governance that upholds the rule of law, at national and local levels.",1_SPSP 3-2_OC3-3_OU3.1.2,"Produto 3.1.2: As instituições estatais reforçaram as capacidades para um desenho e implementação de políticas e estratégias mais coerentes, transparentes, responsáveis, baseadas em provas e resultados, participativas e inovadoras a todos os níveis, a fim de abordar barreiras estruturais, aumentar o crescimento económico, reduzir as disparidades territoriais e sociais e fazer avançar a igualdade de género e os direitos humanos.",2025-01-01,2026-12-31,1_SPSP 3-2_OC3-3_OU3.1.2-4_SOU249,179562,"Reforço do Sistema Nacional de estatistica para contribuir para a redução da pobreza e das desigualdades sociais ",UNDP,United Nations Development Programme,INE - Instituto Nacional de Estatística,Government,,,,,26469,85000,,false,,false,26469,false,40000,false,,,,
1_SPSP 3-2_OC3,"Efeito 3.1: Até 2027, mais pessoas, especialmente mulheres, jovens e grupos vulneráveis, exercerão livremente os seus direitos, participarão e beneficiarão de instituições inclusivas, resilientes, transparentes e responsáveis e de um sistema de governação democrática mais modernizado, transformador e eficaz que defenda o Estado de direito, a nível nacional e local. / Outcome 3: By 2027, more people, especially women, youth and those in vulnerable groups, freely exercise their rights, participate in, and benefit from, inclusive, resilient, transparent, and accountable institutions and a more modernized, transformative and effective system of democratic governance that upholds the rule of law, at national and local levels.",1_SPSP 3-2_OC3-3_OU3.1.2,"Produto 3.1.2: As instituições estatais reforçaram as capacidades para um desenho e implementação de políticas e estratégias mais coerentes, transparentes, responsáveis, baseadas em provas e resultados, participativas e inovadoras a todos os níveis, a fim de abordar barreiras estruturais, aumentar o crescimento económico, reduzir as disparidades territoriais e sociais e fazer avançar a igualdade de género e os direitos humanos.",2025-01-01,2026-12-31,1_SPSP 3-2_OC3-3_OU3.1.2-4_SOU249,179562,"Reforço do Sistema Nacional de estatistica para contribuir para a redução da pobreza e das desigualdades sociais ",UNFPA,United Nations Population Fund,,,,,,,,,,false,,false,,true,,false,,,79884,100000
1_SPSP 3-2_OC3,"Efeito 3.1: Até 2027, mais pessoas, especialmente mulheres, jovens e grupos vulneráveis, exercerão livremente os seus direitos, participarão e beneficiarão de instituições inclusivas, resilientes, transparentes e responsáveis e de um sistema de governação democrática mais modernizado, transformador e eficaz que defenda o Estado de direito, a nível nacional e local. / Outcome 3: By 2027, more people, especially women, youth and those in vulnerable groups, freely exercise their rights, participate in, and benefit from, inclusive, resilient, transparent, and accountable institutions and a more modernized, transformative and effective system of democratic governance that upholds the rule of law, at national and local levels.",1_SPSP 3-2_OC3-3_OU3.1.2,"Produto 3.1.2: As instituições estatais reforçaram as capacidades para um desenho e implementação de políticas e estratégias mais coerentes, transparentes, responsáveis, baseadas em provas e resultados, participativas e inovadoras a todos os níveis, a fim de abordar barreiras estruturais, aumentar o crescimento económico, reduzir as disparidades territoriais e sociais e fazer avançar a igualdade de género e os direitos humanos.",2025-01-01,2026-12-31,1_SPSP 3-2_OC3-3_OU3.1.2-4_SOU249,179562,"Reforço do Sistema Nacional de estatistica para contribuir para a redução da pobreza e das desigualdades sociais ",UNFPA,United Nations Population Fund,INE - Instituto Nacional de Estatística,Government,,,,,79884,75000,,false,,false,79883,true,,false,,,,
1_SPSP 3-2_OC3,"Efeito 3.1: Até 2027, mais pessoas, especialmente mulheres, jovens e grupos vulneráveis, exercerão livremente os seus direitos, participarão e beneficiarão de instituições inclusivas, resilientes, transparentes e responsáveis e de um sistema de governação democrática mais modernizado, transformador e eficaz que defenda o Estado de direito, a nível nacional e local. / Outcome 3: By 2027, more people, especially women, youth and those in vulnerable groups, freely exercise their rights, participate in, and benefit from, inclusive, resilient, transparent, and accountable institutions and a more modernized, transformative and effective system of democratic governance that upholds the rule of law, at national and local levels.",1_SPSP 3-2_OC3-3_OU3.1.2,"Produto 3.1.2: As instituições estatais reforçaram as capacidades para um desenho e implementação de políticas e estratégias mais coerentes, transparentes, responsáveis, baseadas em provas e resultados, participativas e inovadoras a todos os níveis, a fim de abordar barreiras estruturais, aumentar o crescimento económico, reduzir as disparidades territoriais e sociais e fazer avançar a igualdade de género e os direitos humanos.",2025-01-01,2026-12-31,1_SPSP 3-2_OC3-3_OU3.1.2-4_SOU249,179562,"Reforço do Sistema Nacional de estatistica para contribuir para a redução da pobreza e das desigualdades sociais ",UNICEF,United Nations Children's Fund,,,,,,,,,,false,,false,,false,,false,,,50000,
1_SPSP 3-2_OC3,"Efeito 3.1: Até 2027, mais pessoas, especialmente mulheres, jovens e grupos vulneráveis, exercerão livremente os seus direitos, participarão e beneficiarão de instituições inclusivas, resilientes, transparentes e responsáveis e de um sistema de governação democrática mais modernizado, transformador e eficaz que defenda o Estado de direito, a nível nacional e local. / Outcome 3: By 2027, more people, especially women, youth and those in vulnerable groups, freely exercise their rights, participate in, and benefit from, inclusive, resilient, transparent, and accountable institutions and a more modernized, transformative and effective system of democratic governance that upholds the rule of law, at national and local levels.",1_SPSP 3-2_OC3-3_OU3.1.2,"Produto 3.1.2: As instituições estatais reforçaram as capacidades para um desenho e implementação de políticas e estratégias mais coerentes, transparentes, responsáveis, baseadas em provas e resultados, participativas e inovadoras a todos os níveis, a fim de abordar barreiras estruturais, aumentar o crescimento económico, reduzir as disparidades territoriais e sociais e fazer avançar a igualdade de género e os direitos humanos.",2025-01-01,2026-12-31,1_SPSP 3-2_OC3-3_OU3.1.2-4_SOU249,179562,"Reforço do Sistema Nacional de estatistica para contribuir para a redução da pobreza e das desigualdades sociais ",UNICEF,United Nations Children's Fund,INE - Instituto Nacional de Estatística,Government,,,,,,,,false,,false,,false,,false,,,,
1_SPSP 3-2_OC3,"Efeito 3.1: Até 2027, mais pessoas, especialmente mulheres, jovens e grupos vulneráveis, exercerão livremente os seus direitos, participarão e beneficiarão de instituições inclusivas, resilientes, transparentes e responsáveis e de um sistema de governação democrática mais modernizado, transformador e eficaz que defenda o Estado de direito, a nível nacional e local. / Outcome 3: By 2027, more people, especially women, youth and those in vulnerable groups, freely exercise their rights, participate in, and benefit from, inclusive, resilient, transparent, and accountable institutions and a more modernized, transformative and effective system of democratic governance that upholds the rule of law, at national and local levels.",1_SPSP 3-2_OC3-3_OU3.1.2,"Produto 3.1.2: As instituições estatais reforçaram as capacidades para um desenho e implementação de políticas e estratégias mais coerentes, transparentes, responsáveis, baseadas em provas e resultados, participativas e inovadoras a todos os níveis, a fim de abordar barreiras estruturais, aumentar o crescimento económico, reduzir as disparidades territoriais e sociais e fazer avançar a igualdade de género e os direitos humanos.",2025-02-06,2026-12-31,1_SPSP 3-2_OC3-3_OU3.1.2-4_SOU250,179590,"Reforço de capacidades na gestão e supervisão municipal, impulsionando o desenvolvimento local e capacitando os intervenientes locais",UNDP,United Nations Development Programme,,,,,,,,,,false,,false,,true,,false,,,520000,245000
1_SPSP 3-2_OC3,"Efeito 3.1: Até 2027, mais pessoas, especialmente mulheres, jovens e grupos vulneráveis, exercerão livremente os seus direitos, participarão e beneficiarão de instituições inclusivas, resilientes, transparentes e responsáveis e de um sistema de governação democrática mais modernizado, transformador e eficaz que defenda o Estado de direito, a nível nacional e local. / Outcome 3: By 2027, more people, especially women, youth and those in vulnerable groups, freely exercise their rights, participate in, and benefit from, inclusive, resilient, transparent, and accountable institutions and a more modernized, transformative and effective system of democratic governance that upholds the rule of law, at national and local levels.",1_SPSP 3-2_OC3-3_OU3.1.2,"Produto 3.1.2: As instituições estatais reforçaram as capacidades para um desenho e implementação de políticas e estratégias mais coerentes, transparentes, responsáveis, baseadas em provas e resultados, participativas e inovadoras a todos os níveis, a fim de abordar barreiras estruturais, aumentar o crescimento económico, reduzir as disparidades territoriais e sociais e fazer avançar a igualdade de género e os direitos humanos.",2025-02-06,2026-12-31,1_SPSP 3-2_OC3-3_OU3.1.2-4_SOU250,179590,"Reforço de capacidades na gestão e supervisão municipal, impulsionando o desenvolvimento local e capacitando os intervenientes locais",UNDP,United Nations Development Programme,Luxembourg,Government,,,,,520000,245000,,false,,false,520000,true,191000,false,,,,
1_SPSP 3-2_OC3,"Efeito 3.1: Até 2027, mais pessoas, especialmente mulheres, jovens e grupos vulneráveis, exercerão livremente os seus direitos, participarão e beneficiarão de instituições inclusivas, resilientes, transparentes e responsáveis e de um sistema de governação democrática mais modernizado, transformador e eficaz que defenda o Estado de direito, a nível nacional e local. / Outcome 3: By 2027, more people, especially women, youth and those in vulnerable groups, freely exercise their rights, participate in, and benefit from, inclusive, resilient, transparent, and accountable institutions and a more modernized, transformative and effective system of democratic governance that upholds the rule of law, at national and local levels.",1_SPSP 3-2_OC3-3_OU3.1.2,"Produto 3.1.2: As instituições estatais reforçaram as capacidades para um desenho e implementação de políticas e estratégias mais coerentes, transparentes, responsáveis, baseadas em provas e resultados, participativas e inovadoras a todos os níveis, a fim de abordar barreiras estruturais, aumentar o crescimento económico, reduzir as disparidades territoriais e sociais e fazer avançar a igualdade de género e os direitos humanos.",2025-02-10,2026-12-31,1_SPSP 3-2_OC3-3_OU3.1.2-4_SOU251,179593,Fortalecimento da capacidade de governança e implementação de projetos de desenvolvimento local nos 22 municípios,UNDP,United Nations Development Programme,,,,,,,,,,false,,false,,true,,false,,,1423168,2000000
1_SPSP 3-2_OC3,"Efeito 3.1: Até 2027, mais pessoas, especialmente mulheres, jovens e grupos vulneráveis, exercerão livremente os seus direitos, participarão e beneficiarão de instituições inclusivas, resilientes, transparentes e responsáveis e de um sistema de governação democrática mais modernizado, transformador e eficaz que defenda o Estado de direito, a nível nacional e local. / Outcome 3: By 2027, more people, especially women, youth and those in vulnerable groups, freely exercise their rights, participate in, and benefit from, inclusive, resilient, transparent, and accountable institutions and a more modernized, transformative and effective system of democratic governance that upholds the rule of law, at national and local levels.",1_SPSP 3-2_OC3-3_OU3.1.2,"Produto 3.1.2: As instituições estatais reforçaram as capacidades para um desenho e implementação de políticas e estratégias mais coerentes, transparentes, responsáveis, baseadas em provas e resultados, participativas e inovadoras a todos os níveis, a fim de abordar barreiras estruturais, aumentar o crescimento económico, reduzir as disparidades territoriais e sociais e fazer avançar a igualdade de género e os direitos humanos.",2025-02-10,2026-12-31,1_SPSP 3-2_OC3-3_OU3.1.2-4_SOU251,179593,Fortalecimento da capacidade de governança e implementação de projetos de desenvolvimento local nos 22 municípios,UNDP,United Nations Development Programme,Luxembourg,Government,,,,,1423168,2000000,,false,,false,1423168,true,1351612,false,,,,
1_SPSP 3-2_OC3,"Efeito 3.1: Até 2027, mais pessoas, especialmente mulheres, jovens e grupos vulneráveis, exercerão livremente os seus direitos, participarão e beneficiarão de instituições inclusivas, resilientes, transparentes e responsáveis e de um sistema de governação democrática mais modernizado, transformador e eficaz que defenda o Estado de direito, a nível nacional e local. / Outcome 3: By 2027, more people, especially women, youth and those in vulnerable groups, freely exercise their rights, participate in, and benefit from, inclusive, resilient, transparent, and accountable institutions and a more modernized, transformative and effective system of democratic governance that upholds the rule of law, at national and local levels.",1_SPSP 3-2_OC3-3_OU3.1.2,"Produto 3.1.2: As instituições estatais reforçaram as capacidades para um desenho e implementação de políticas e estratégias mais coerentes, transparentes, responsáveis, baseadas em provas e resultados, participativas e inovadoras a todos os níveis, a fim de abordar barreiras estruturais, aumentar o crescimento económico, reduzir as disparidades territoriais e sociais e fazer avançar a igualdade de género e os direitos humanos.",2025-01-01,2025-12-31,1_SPSP 3-2_OC3-3_OU3.1.2-4_SOU273,180557," Apoio à promoção dos direitos humanos, incluindo a aplicação das recomendações do UPR, e a Igualdade de Gênero ",OHCHR,United Nations High Commissioner for Human Rights,,,,,,,,,,false,,false,,false,,false,,,45500,
1_SPSP 3-2_OC3,"Efeito 3.1: Até 2027, mais pessoas, especialmente mulheres, jovens e grupos vulneráveis, exercerão livremente os seus direitos, participarão e beneficiarão de instituições inclusivas, resilientes, transparentes e responsáveis e de um sistema de governação democrática mais modernizado, transformador e eficaz que defenda o Estado de direito, a nível nacional e local. / Outcome 3: By 2027, more people, especially women, youth and those in vulnerable groups, freely exercise their rights, participate in, and benefit from, inclusive, resilient, transparent, and accountable institutions and a more modernized, transformative and effective system of democratic governance that upholds the rule of law, at national and local levels.",1_SPSP 3-2_OC3-3_OU3.1.2,"Produto 3.1.2: As instituições estatais reforçaram as capacidades para um desenho e implementação de políticas e estratégias mais coerentes, transparentes, responsáveis, baseadas em provas e resultados, participativas e inovadoras a todos os níveis, a fim de abordar barreiras estruturais, aumentar o crescimento económico, reduzir as disparidades territoriais e sociais e fazer avançar a igualdade de género e os direitos humanos.",2025-01-01,2025-12-31,1_SPSP 3-2_OC3-3_OU3.1.2-4_SOU273,180557," Apoio à promoção dos direitos humanos, incluindo a aplicação das recomendações do UPR, e a Igualdade de Gênero ",OHCHR,United Nations High Commissioner for Human Rights,Core Funding,Multilateral - UN organizations excluding pooled funds,,,,,21000,,,false,,false,21000,false,,false,,,,
1_SPSP 3-2_OC3,"Efeito 3.1: Até 2027, mais pessoas, especialmente mulheres, jovens e grupos vulneráveis, exercerão livremente os seus direitos, participarão e beneficiarão de instituições inclusivas, resilientes, transparentes e responsáveis e de um sistema de governação democrática mais modernizado, transformador e eficaz que defenda o Estado de direito, a nível nacional e local. / Outcome 3: By 2027, more people, especially women, youth and those in vulnerable groups, freely exercise their rights, participate in, and benefit from, inclusive, resilient, transparent, and accountable institutions and a more modernized, transformative and effective system of democratic governance that upholds the rule of law, at national and local levels.",1_SPSP 3-2_OC3-3_OU3.1.3,"Produto 3.1.3: As instituições públicas e privadas a todos os níveis têm capacidades reforçadas para coordenar, desenvolver parcerias e aumentar a mobilização de recursos financeiros e técnicos internos e externos, incluindo da diáspora.",2023-01-01,2024-12-31,1_SPSP 3-2_OC3-3_OU3.1.3-4_SOU1,108963,"Implementação do mecanismo de coordenação para o reforço da sensibilização e disponibilidade dos diferentes stakeholders em se engajarem em parcerias no âmbito do Country Programme, para apoiar as prioridades do País para um desenvolvimento industrial inclusivo e sustentável (UNIDO)",UNIDO,United Nations Industrial Development Organization,,,,,,,,,,true,,false,,false,,false,61000,59000,,
1_SPSP 3-2_OC3,"Efeito 3.1: Até 2027, mais pessoas, especialmente mulheres, jovens e grupos vulneráveis, exercerão livremente os seus direitos, participarão e beneficiarão de instituições inclusivas, resilientes, transparentes e responsáveis e de um sistema de governação democrática mais modernizado, transformador e eficaz que defenda o Estado de direito, a nível nacional e local. / Outcome 3: By 2027, more people, especially women, youth and those in vulnerable groups, freely exercise their rights, participate in, and benefit from, inclusive, resilient, transparent, and accountable institutions and a more modernized, transformative and effective system of democratic governance that upholds the rule of law, at national and local levels.",1_SPSP 3-2_OC3-3_OU3.1.3,"Produto 3.1.3: As instituições públicas e privadas a todos os níveis têm capacidades reforçadas para coordenar, desenvolver parcerias e aumentar a mobilização de recursos financeiros e técnicos internos e externos, incluindo da diáspora.",2023-01-01,2024-12-31,1_SPSP 3-2_OC3-3_OU3.1.3-4_SOU1,108963,"Implementação do mecanismo de coordenação para o reforço da sensibilização e disponibilidade dos diferentes stakeholders em se engajarem em parcerias no âmbito do Country Programme, para apoiar as prioridades do País para um desenvolvimento industrial inclusivo e sustentável (UNIDO)",UNIDO,United Nations Industrial Development Organization,Core Funding,Multilateral - UN organizations excluding pooled funds,,,61000,59000,,,60365,true,59000,false,,false,,false,,,,
1_SPSP 3-2_OC3,"Efeito 3.1: Até 2027, mais pessoas, especialmente mulheres, jovens e grupos vulneráveis, exercerão livremente os seus direitos, participarão e beneficiarão de instituições inclusivas, resilientes, transparentes e responsáveis e de um sistema de governação democrática mais modernizado, transformador e eficaz que defenda o Estado de direito, a nível nacional e local. / Outcome 3: By 2027, more people, especially women, youth and those in vulnerable groups, freely exercise their rights, participate in, and benefit from, inclusive, resilient, transparent, and accountable institutions and a more modernized, transformative and effective system of democratic governance that upholds the rule of law, at national and local levels.",1_SPSP 3-2_OC3-3_OU3.1.3,"Produto 3.1.3: As instituições públicas e privadas a todos os níveis têm capacidades reforçadas para coordenar, desenvolver parcerias e aumentar a mobilização de recursos financeiros e técnicos internos e externos, incluindo da diáspora.",2023-01-01,2023-12-31,1_SPSP 3-2_OC3-3_OU3.1.3-4_SOU2,108968,"Reforço das Capacidades institucionais e dos jovens sobre as juventude, equidade de género e inclusão social com base em provas e conhecimentos científicos disponíveis para facilitar a tomada de decisões (UNESCO)",UNESCO,"United Nations Educational, Scientific and Cultural Organisation",,,,,,,,,,false,,false,,false,,false,90000,,,
1_SPSP 3-2_OC3,"Efeito 3.1: Até 2027, mais pessoas, especialmente mulheres, jovens e grupos vulneráveis, exercerão livremente os seus direitos, participarão e beneficiarão de instituições inclusivas, resilientes, transparentes e responsáveis e de um sistema de governação democrática mais modernizado, transformador e eficaz que defenda o Estado de direito, a nível nacional e local. / Outcome 3: By 2027, more people, especially women, youth and those in vulnerable groups, freely exercise their rights, participate in, and benefit from, inclusive, resilient, transparent, and accountable institutions and a more modernized, transformative and effective system of democratic governance that upholds the rule of law, at national and local levels.",1_SPSP 3-2_OC3-3_OU3.1.3,"Produto 3.1.3: As instituições públicas e privadas a todos os níveis têm capacidades reforçadas para coordenar, desenvolver parcerias e aumentar a mobilização de recursos financeiros e técnicos internos e externos, incluindo da diáspora.",2023-01-01,2023-12-31,1_SPSP 3-2_OC3-3_OU3.1.3-4_SOU2,108968,"Reforço das Capacidades institucionais e dos jovens sobre as juventude, equidade de género e inclusão social com base em provas e conhecimentos científicos disponíveis para facilitar a tomada de decisões (UNESCO)",UNESCO,"United Nations Educational, Scientific and Cultural Organisation",Core Funding,Multilateral - UN organizations excluding pooled funds,,,50000,,,,,false,,false,,false,,false,,,,
1_SPSP 3-2_OC3,"Efeito 3.1: Até 2027, mais pessoas, especialmente mulheres, jovens e grupos vulneráveis, exercerão livremente os seus direitos, participarão e beneficiarão de instituições inclusivas, resilientes, transparentes e responsáveis e de um sistema de governação democrática mais modernizado, transformador e eficaz que defenda o Estado de direito, a nível nacional e local. / Outcome 3: By 2027, more people, especially women, youth and those in vulnerable groups, freely exercise their rights, participate in, and benefit from, inclusive, resilient, transparent, and accountable institutions and a more modernized, transformative and effective system of democratic governance that upholds the rule of law, at national and local levels.",1_SPSP 3-2_OC3-3_OU3.1.3,"Produto 3.1.3: As instituições públicas e privadas a todos os níveis têm capacidades reforçadas para coordenar, desenvolver parcerias e aumentar a mobilização de recursos financeiros e técnicos internos e externos, incluindo da diáspora.",2023-03-01,2024-12-31,1_SPSP 3-2_OC3-3_OU3.1.3-4_SOU3,108972,"Reforço do sistema Nacional de Estatística para a produção de dados de qualidade, desagregados e sensiveis ao género (UNFPA, UNICEF, UNDP)",UNICEF,United Nations Children's Fund,,,,,,,,,,true,,false,,false,,false,50000,50000,,
1_SPSP 3-2_OC3,"Efeito 3.1: Até 2027, mais pessoas, especialmente mulheres, jovens e grupos vulneráveis, exercerão livremente os seus direitos, participarão e beneficiarão de instituições inclusivas, resilientes, transparentes e responsáveis e de um sistema de governação democrática mais modernizado, transformador e eficaz que defenda o Estado de direito, a nível nacional e local. / Outcome 3: By 2027, more people, especially women, youth and those in vulnerable groups, freely exercise their rights, participate in, and benefit from, inclusive, resilient, transparent, and accountable institutions and a more modernized, transformative and effective system of democratic governance that upholds the rule of law, at national and local levels.",1_SPSP 3-2_OC3-3_OU3.1.3,"Produto 3.1.3: As instituições públicas e privadas a todos os níveis têm capacidades reforçadas para coordenar, desenvolver parcerias e aumentar a mobilização de recursos financeiros e técnicos internos e externos, incluindo da diáspora.",2023-03-01,2024-12-31,1_SPSP 3-2_OC3-3_OU3.1.3-4_SOU3,108972,"Reforço do sistema Nacional de Estatística para a produção de dados de qualidade, desagregados e sensiveis ao género (UNFPA, UNICEF, UNDP)",UNICEF,United Nations Children's Fund,Core Funding,Multilateral - UN organizations excluding pooled funds,,,50000,,,,50000,true,,false,,false,,false,,,,
1_SPSP 3-2_OC3,"Efeito 3.1: Até 2027, mais pessoas, especialmente mulheres, jovens e grupos vulneráveis, exercerão livremente os seus direitos, participarão e beneficiarão de instituições inclusivas, resilientes, transparentes e responsáveis e de um sistema de governação democrática mais modernizado, transformador e eficaz que defenda o Estado de direito, a nível nacional e local. / Outcome 3: By 2027, more people, especially women, youth and those in vulnerable groups, freely exercise their rights, participate in, and benefit from, inclusive, resilient, transparent, and accountable institutions and a more modernized, transformative and effective system of democratic governance that upholds the rule of law, at national and local levels.",1_SPSP 3-2_OC3-3_OU3.1.3,"Produto 3.1.3: As instituições públicas e privadas a todos os níveis têm capacidades reforçadas para coordenar, desenvolver parcerias e aumentar a mobilização de recursos financeiros e técnicos internos e externos, incluindo da diáspora.",2023-03-01,2024-12-31,1_SPSP 3-2_OC3-3_OU3.1.3-4_SOU3,108972,"Reforço do sistema Nacional de Estatística para a produção de dados de qualidade, desagregados e sensiveis ao género (UNFPA, UNICEF, UNDP)",UNDP,United Nations Development Programme,,,,,,,,,,false,,false,,false,,false,85000,50000,,
1_SPSP 3-2_OC3,"Efeito 3.1: Até 2027, mais pessoas, especialmente mulheres, jovens e grupos vulneráveis, exercerão livremente os seus direitos, participarão e beneficiarão de instituições inclusivas, resilientes, transparentes e responsáveis e de um sistema de governação democrática mais modernizado, transformador e eficaz que defenda o Estado de direito, a nível nacional e local. / Outcome 3: By 2027, more people, especially women, youth and those in vulnerable groups, freely exercise their rights, participate in, and benefit from, inclusive, resilient, transparent, and accountable institutions and a more modernized, transformative and effective system of democratic governance that upholds the rule of law, at national and local levels.",1_SPSP 3-2_OC3-3_OU3.1.3,"Produto 3.1.3: As instituições públicas e privadas a todos os níveis têm capacidades reforçadas para coordenar, desenvolver parcerias e aumentar a mobilização de recursos financeiros e técnicos internos e externos, incluindo da diáspora.",2023-03-01,2024-12-31,1_SPSP 3-2_OC3-3_OU3.1.3-4_SOU3,108972,"Reforço do sistema Nacional de Estatística para a produção de dados de qualidade, desagregados e sensiveis ao género (UNFPA, UNICEF, UNDP)",UNDP,United Nations Development Programme,Core Funding,Multilateral - UN organizations excluding pooled funds,,,50000,31000,,,50000,false,31000,false,,false,,false,,,,
1_SPSP 3-2_OC3,"Efeito 3.1: Até 2027, mais pessoas, especialmente mulheres, jovens e grupos vulneráveis, exercerão livremente os seus direitos, participarão e beneficiarão de instituições inclusivas, resilientes, transparentes e responsáveis e de um sistema de governação democrática mais modernizado, transformador e eficaz que defenda o Estado de direito, a nível nacional e local. / Outcome 3: By 2027, more people, especially women, youth and those in vulnerable groups, freely exercise their rights, participate in, and benefit from, inclusive, resilient, transparent, and accountable institutions and a more modernized, transformative and effective system of democratic governance that upholds the rule of law, at national and local levels.",1_SPSP 3-2_OC3-3_OU3.1.3,"Produto 3.1.3: As instituições públicas e privadas a todos os níveis têm capacidades reforçadas para coordenar, desenvolver parcerias e aumentar a mobilização de recursos financeiros e técnicos internos e externos, incluindo da diáspora.",2023-03-01,2024-12-31,1_SPSP 3-2_OC3-3_OU3.1.3-4_SOU3,108972,"Reforço do sistema Nacional de Estatística para a produção de dados de qualidade, desagregados e sensiveis ao género (UNFPA, UNICEF, UNDP)",UNFPA,United Nations Population Fund,,,,,,,,,,false,,false,,false,,false,165000,175000,,
1_SPSP 3-2_OC3,"Efeito 3.1: Até 2027, mais pessoas, especialmente mulheres, jovens e grupos vulneráveis, exercerão livremente os seus direitos, participarão e beneficiarão de instituições inclusivas, resilientes, transparentes e responsáveis e de um sistema de governação democrática mais modernizado, transformador e eficaz que defenda o Estado de direito, a nível nacional e local. / Outcome 3: By 2027, more people, especially women, youth and those in vulnerable groups, freely exercise their rights, participate in, and benefit from, inclusive, resilient, transparent, and accountable institutions and a more modernized, transformative and effective system of democratic governance that upholds the rule of law, at national and local levels.",1_SPSP 3-2_OC3-3_OU3.1.3,"Produto 3.1.3: As instituições públicas e privadas a todos os níveis têm capacidades reforçadas para coordenar, desenvolver parcerias e aumentar a mobilização de recursos financeiros e técnicos internos e externos, incluindo da diáspora.",2023-03-01,2024-12-31,1_SPSP 3-2_OC3-3_OU3.1.3-4_SOU3,108972,"Reforço do sistema Nacional de Estatística para a produção de dados de qualidade, desagregados e sensiveis ao género (UNFPA, UNICEF, UNDP)",UNFPA,United Nations Population Fund,Core Funding,Multilateral - UN organizations excluding pooled funds,,,165000,75276,,,165000,false,75276,false,,false,,false,,,,
1_SPSP 3-2_OC3,"Efeito 3.1: Até 2027, mais pessoas, especialmente mulheres, jovens e grupos vulneráveis, exercerão livremente os seus direitos, participarão e beneficiarão de instituições inclusivas, resilientes, transparentes e responsáveis e de um sistema de governação democrática mais modernizado, transformador e eficaz que defenda o Estado de direito, a nível nacional e local. / Outcome 3: By 2027, more people, especially women, youth and those in vulnerable groups, freely exercise their rights, participate in, and benefit from, inclusive, resilient, transparent, and accountable institutions and a more modernized, transformative and effective system of democratic governance that upholds the rule of law, at national and local levels.",1_SPSP 3-2_OC3-3_OU3.1.3,"Produto 3.1.3: As instituições públicas e privadas a todos os níveis têm capacidades reforçadas para coordenar, desenvolver parcerias e aumentar a mobilização de recursos financeiros e técnicos internos e externos, incluindo da diáspora.",2023-03-01,2023-12-31,1_SPSP 3-2_OC3-3_OU3.1.3-4_SOU4,108978,"Reforço das capacidades da Administração Publica para mobilização financiamentos sustentaveis para o desenvolvimento e gestão transparente com prestação de contas de recursos publicos a nivel nacional e local (UNDP, UNFPA, UNICEF)",UNICEF,United Nations Children's Fund,,,,,,,,,,true,,false,,false,,false,15000,,,
1_SPSP 3-2_OC3,"Efeito 3.1: Até 2027, mais pessoas, especialmente mulheres, jovens e grupos vulneráveis, exercerão livremente os seus direitos, participarão e beneficiarão de instituições inclusivas, resilientes, transparentes e responsáveis e de um sistema de governação democrática mais modernizado, transformador e eficaz que defenda o Estado de direito, a nível nacional e local. / Outcome 3: By 2027, more people, especially women, youth and those in vulnerable groups, freely exercise their rights, participate in, and benefit from, inclusive, resilient, transparent, and accountable institutions and a more modernized, transformative and effective system of democratic governance that upholds the rule of law, at national and local levels.",1_SPSP 3-2_OC3-3_OU3.1.3,"Produto 3.1.3: As instituições públicas e privadas a todos os níveis têm capacidades reforçadas para coordenar, desenvolver parcerias e aumentar a mobilização de recursos financeiros e técnicos internos e externos, incluindo da diáspora.",2023-03-01,2023-12-31,1_SPSP 3-2_OC3-3_OU3.1.3-4_SOU4,108978,"Reforço das capacidades da Administração Publica para mobilização financiamentos sustentaveis para o desenvolvimento e gestão transparente com prestação de contas de recursos publicos a nivel nacional e local (UNDP, UNFPA, UNICEF)",UNICEF,United Nations Children's Fund,Core Funding,Multilateral - UN organizations excluding pooled funds,,,15000,,,,15000,true,,false,,false,,false,,,,
1_SPSP 3-2_OC3,"Efeito 3.1: Até 2027, mais pessoas, especialmente mulheres, jovens e grupos vulneráveis, exercerão livremente os seus direitos, participarão e beneficiarão de instituições inclusivas, resilientes, transparentes e responsáveis e de um sistema de governação democrática mais modernizado, transformador e eficaz que defenda o Estado de direito, a nível nacional e local. / Outcome 3: By 2027, more people, especially women, youth and those in vulnerable groups, freely exercise their rights, participate in, and benefit from, inclusive, resilient, transparent, and accountable institutions and a more modernized, transformative and effective system of democratic governance that upholds the rule of law, at national and local levels.",1_SPSP 3-2_OC3-3_OU3.1.3,"Produto 3.1.3: As instituições públicas e privadas a todos os níveis têm capacidades reforçadas para coordenar, desenvolver parcerias e aumentar a mobilização de recursos financeiros e técnicos internos e externos, incluindo da diáspora.",2023-03-01,2023-12-31,1_SPSP 3-2_OC3-3_OU3.1.3-4_SOU4,108978,"Reforço das capacidades da Administração Publica para mobilização financiamentos sustentaveis para o desenvolvimento e gestão transparente com prestação de contas de recursos publicos a nivel nacional e local (UNDP, UNFPA, UNICEF)",UNICEF,United Nations Children's Fund,The Joint SDG Fund,Multilateral - UN Inter-agency pooled funds,,,,,,,,true,,false,,false,,false,,,,
1_SPSP 3-2_OC3,"Efeito 3.1: Até 2027, mais pessoas, especialmente mulheres, jovens e grupos vulneráveis, exercerão livremente os seus direitos, participarão e beneficiarão de instituições inclusivas, resilientes, transparentes e responsáveis e de um sistema de governação democrática mais modernizado, transformador e eficaz que defenda o Estado de direito, a nível nacional e local. / Outcome 3: By 2027, more people, especially women, youth and those in vulnerable groups, freely exercise their rights, participate in, and benefit from, inclusive, resilient, transparent, and accountable institutions and a more modernized, transformative and effective system of democratic governance that upholds the rule of law, at national and local levels.",1_SPSP 3-2_OC3-3_OU3.1.3,"Produto 3.1.3: As instituições públicas e privadas a todos os níveis têm capacidades reforçadas para coordenar, desenvolver parcerias e aumentar a mobilização de recursos financeiros e técnicos internos e externos, incluindo da diáspora.",2023-03-01,2023-12-31,1_SPSP 3-2_OC3-3_OU3.1.3-4_SOU4,108978,"Reforço das capacidades da Administração Publica para mobilização financiamentos sustentaveis para o desenvolvimento e gestão transparente com prestação de contas de recursos publicos a nivel nacional e local (UNDP, UNFPA, UNICEF)",UNDP,United Nations Development Programme,,,,,,,,,,true,,false,,false,,false,170000,,,
1_SPSP 3-2_OC3,"Efeito 3.1: Até 2027, mais pessoas, especialmente mulheres, jovens e grupos vulneráveis, exercerão livremente os seus direitos, participarão e beneficiarão de instituições inclusivas, resilientes, transparentes e responsáveis e de um sistema de governação democrática mais modernizado, transformador e eficaz que defenda o Estado de direito, a nível nacional e local. / Outcome 3: By 2027, more people, especially women, youth and those in vulnerable groups, freely exercise their rights, participate in, and benefit from, inclusive, resilient, transparent, and accountable institutions and a more modernized, transformative and effective system of democratic governance that upholds the rule of law, at national and local levels.",1_SPSP 3-2_OC3-3_OU3.1.3,"Produto 3.1.3: As instituições públicas e privadas a todos os níveis têm capacidades reforçadas para coordenar, desenvolver parcerias e aumentar a mobilização de recursos financeiros e técnicos internos e externos, incluindo da diáspora.",2023-03-01,2023-12-31,1_SPSP 3-2_OC3-3_OU3.1.3-4_SOU4,108978,"Reforço das capacidades da Administração Publica para mobilização financiamentos sustentaveis para o desenvolvimento e gestão transparente com prestação de contas de recursos publicos a nivel nacional e local (UNDP, UNFPA, UNICEF)",UNDP,United Nations Development Programme,Core Funding,Multilateral - UN organizations excluding pooled funds,,,90000,,,,90000,true,,false,,false,,false,,,,
1_SPSP 3-2_OC3,"Efeito 3.1: Até 2027, mais pessoas, especialmente mulheres, jovens e grupos vulneráveis, exercerão livremente os seus direitos, participarão e beneficiarão de instituições inclusivas, resilientes, transparentes e responsáveis e de um sistema de governação democrática mais modernizado, transformador e eficaz que defenda o Estado de direito, a nível nacional e local. / Outcome 3: By 2027, more people, especially women, youth and those in vulnerable groups, freely exercise their rights, participate in, and benefit from, inclusive, resilient, transparent, and accountable institutions and a more modernized, transformative and effective system of democratic governance that upholds the rule of law, at national and local levels.",1_SPSP 3-2_OC3-3_OU3.1.3,"Produto 3.1.3: As instituições públicas e privadas a todos os níveis têm capacidades reforçadas para coordenar, desenvolver parcerias e aumentar a mobilização de recursos financeiros e técnicos internos e externos, incluindo da diáspora.",2023-03-01,2023-12-31,1_SPSP 3-2_OC3-3_OU3.1.3-4_SOU4,108978,"Reforço das capacidades da Administração Publica para mobilização financiamentos sustentaveis para o desenvolvimento e gestão transparente com prestação de contas de recursos publicos a nivel nacional e local (UNDP, UNFPA, UNICEF)",UNDP,United Nations Development Programme,The Joint SDG Fund,Multilateral - UN Inter-agency pooled funds,,,80000,,,,80000,true,,false,,false,,false,,,,
1_SPSP 3-2_OC3,"Efeito 3.1: Até 2027, mais pessoas, especialmente mulheres, jovens e grupos vulneráveis, exercerão livremente os seus direitos, participarão e beneficiarão de instituições inclusivas, resilientes, transparentes e responsáveis e de um sistema de governação democrática mais modernizado, transformador e eficaz que defenda o Estado de direito, a nível nacional e local. / Outcome 3: By 2027, more people, especially women, youth and those in vulnerable groups, freely exercise their rights, participate in, and benefit from, inclusive, resilient, transparent, and accountable institutions and a more modernized, transformative and effective system of democratic governance that upholds the rule of law, at national and local levels.",1_SPSP 3-2_OC3-3_OU3.1.3,"Produto 3.1.3: As instituições públicas e privadas a todos os níveis têm capacidades reforçadas para coordenar, desenvolver parcerias e aumentar a mobilização de recursos financeiros e técnicos internos e externos, incluindo da diáspora.",2023-03-01,2023-12-31,1_SPSP 3-2_OC3-3_OU3.1.3-4_SOU4,108978,"Reforço das capacidades da Administração Publica para mobilização financiamentos sustentaveis para o desenvolvimento e gestão transparente com prestação de contas de recursos publicos a nivel nacional e local (UNDP, UNFPA, UNICEF)",UNFPA,United Nations Population Fund,,,,,,,,,,true,,false,,false,,false,25000,,,
1_SPSP 3-2_OC3,"Efeito 3.1: Até 2027, mais pessoas, especialmente mulheres, jovens e grupos vulneráveis, exercerão livremente os seus direitos, participarão e beneficiarão de instituições inclusivas, resilientes, transparentes e responsáveis e de um sistema de governação democrática mais modernizado, transformador e eficaz que defenda o Estado de direito, a nível nacional e local. / Outcome 3: By 2027, more people, especially women, youth and those in vulnerable groups, freely exercise their rights, participate in, and benefit from, inclusive, resilient, transparent, and accountable institutions and a more modernized, transformative and effective system of democratic governance that upholds the rule of law, at national and local levels.",1_SPSP 3-2_OC3-3_OU3.1.3,"Produto 3.1.3: As instituições públicas e privadas a todos os níveis têm capacidades reforçadas para coordenar, desenvolver parcerias e aumentar a mobilização de recursos financeiros e técnicos internos e externos, incluindo da diáspora.",2023-03-01,2023-12-31,1_SPSP 3-2_OC3-3_OU3.1.3-4_SOU4,108978,"Reforço das capacidades da Administração Publica para mobilização financiamentos sustentaveis para o desenvolvimento e gestão transparente com prestação de contas de recursos publicos a nivel nacional e local (UNDP, UNFPA, UNICEF)",UNFPA,United Nations Population Fund,Core Funding,Multilateral - UN organizations excluding pooled funds,,,25000,,,,25000,true,,false,,false,,false,,,,
1_SPSP 3-2_OC3,"Efeito 3.1: Até 2027, mais pessoas, especialmente mulheres, jovens e grupos vulneráveis, exercerão livremente os seus direitos, participarão e beneficiarão de instituições inclusivas, resilientes, transparentes e responsáveis e de um sistema de governação democrática mais modernizado, transformador e eficaz que defenda o Estado de direito, a nível nacional e local. / Outcome 3: By 2027, more people, especially women, youth and those in vulnerable groups, freely exercise their rights, participate in, and benefit from, inclusive, resilient, transparent, and accountable institutions and a more modernized, transformative and effective system of democratic governance that upholds the rule of law, at national and local levels.",1_SPSP 3-2_OC3-3_OU3.1.3,"Produto 3.1.3: As instituições públicas e privadas a todos os níveis têm capacidades reforçadas para coordenar, desenvolver parcerias e aumentar a mobilização de recursos financeiros e técnicos internos e externos, incluindo da diáspora.",2023-03-01,2023-12-31,1_SPSP 3-2_OC3-3_OU3.1.3-4_SOU4,108978,"Reforço das capacidades da Administração Publica para mobilização financiamentos sustentaveis para o desenvolvimento e gestão transparente com prestação de contas de recursos publicos a nivel nacional e local (UNDP, UNFPA, UNICEF)",UNFPA,United Nations Population Fund,The Joint SDG Fund,Multilateral - UN Inter-agency pooled funds,,,,,,,,true,,false,,false,,false,,,,
1_SPSP 3-2_OC3,"Efeito 3.1: Até 2027, mais pessoas, especialmente mulheres, jovens e grupos vulneráveis, exercerão livremente os seus direitos, participarão e beneficiarão de instituições inclusivas, resilientes, transparentes e responsáveis e de um sistema de governação democrática mais modernizado, transformador e eficaz que defenda o Estado de direito, a nível nacional e local. / Outcome 3: By 2027, more people, especially women, youth and those in vulnerable groups, freely exercise their rights, participate in, and benefit from, inclusive, resilient, transparent, and accountable institutions and a more modernized, transformative and effective system of democratic governance that upholds the rule of law, at national and local levels.",1_SPSP 3-2_OC3-3_OU3.1.3,"Produto 3.1.3: As instituições públicas e privadas a todos os níveis têm capacidades reforçadas para coordenar, desenvolver parcerias e aumentar a mobilização de recursos financeiros e técnicos internos e externos, incluindo da diáspora.",2023-03-01,2023-12-31,1_SPSP 3-2_OC3-3_OU3.1.3-4_SOU5,108985,"Reforço das capacidades das instituições nacionais e criação de instrumentos inovadoras em matéria de parcerias para o desenvolvimento e na mobilização de recursos (UNDP, UNICEF)",UNDP,United Nations Development Programme,,,,,,,,,,true,,false,,false,,false,140000,,,
1_SPSP 3-2_OC3,"Efeito 3.1: Até 2027, mais pessoas, especialmente mulheres, jovens e grupos vulneráveis, exercerão livremente os seus direitos, participarão e beneficiarão de instituições inclusivas, resilientes, transparentes e responsáveis e de um sistema de governação democrática mais modernizado, transformador e eficaz que defenda o Estado de direito, a nível nacional e local. / Outcome 3: By 2027, more people, especially women, youth and those in vulnerable groups, freely exercise their rights, participate in, and benefit from, inclusive, resilient, transparent, and accountable institutions and a more modernized, transformative and effective system of democratic governance that upholds the rule of law, at national and local levels.",1_SPSP 3-2_OC3-3_OU3.1.3,"Produto 3.1.3: As instituições públicas e privadas a todos os níveis têm capacidades reforçadas para coordenar, desenvolver parcerias e aumentar a mobilização de recursos financeiros e técnicos internos e externos, incluindo da diáspora.",2023-03-01,2023-12-31,1_SPSP 3-2_OC3-3_OU3.1.3-4_SOU5,108985,"Reforço das capacidades das instituições nacionais e criação de instrumentos inovadoras em matéria de parcerias para o desenvolvimento e na mobilização de recursos (UNDP, UNICEF)",UNDP,United Nations Development Programme,The Joint SDG Fund,Multilateral - UN Inter-agency pooled funds,,,90000,,,,90000,true,,false,,false,,false,,,,
1_SPSP 3-2_OC3,"Efeito 3.1: Até 2027, mais pessoas, especialmente mulheres, jovens e grupos vulneráveis, exercerão livremente os seus direitos, participarão e beneficiarão de instituições inclusivas, resilientes, transparentes e responsáveis e de um sistema de governação democrática mais modernizado, transformador e eficaz que defenda o Estado de direito, a nível nacional e local. / Outcome 3: By 2027, more people, especially women, youth and those in vulnerable groups, freely exercise their rights, participate in, and benefit from, inclusive, resilient, transparent, and accountable institutions and a more modernized, transformative and effective system of democratic governance that upholds the rule of law, at national and local levels.",1_SPSP 3-2_OC3-3_OU3.1.3,"Produto 3.1.3: As instituições públicas e privadas a todos os níveis têm capacidades reforçadas para coordenar, desenvolver parcerias e aumentar a mobilização de recursos financeiros e técnicos internos e externos, incluindo da diáspora.",2023-03-01,2023-12-31,1_SPSP 3-2_OC3-3_OU3.1.3-4_SOU5,108985,"Reforço das capacidades das instituições nacionais e criação de instrumentos inovadoras em matéria de parcerias para o desenvolvimento e na mobilização de recursos (UNDP, UNICEF)",UNDP,United Nations Development Programme,Core Funding,Multilateral - UN organizations excluding pooled funds,,,50000,,,,50000,true,,false,,false,,false,,,,
1_SPSP 3-2_OC3,"Efeito 3.1: Até 2027, mais pessoas, especialmente mulheres, jovens e grupos vulneráveis, exercerão livremente os seus direitos, participarão e beneficiarão de instituições inclusivas, resilientes, transparentes e responsáveis e de um sistema de governação democrática mais modernizado, transformador e eficaz que defenda o Estado de direito, a nível nacional e local. / Outcome 3: By 2027, more people, especially women, youth and those in vulnerable groups, freely exercise their rights, participate in, and benefit from, inclusive, resilient, transparent, and accountable institutions and a more modernized, transformative and effective system of democratic governance that upholds the rule of law, at national and local levels.",1_SPSP 3-2_OC3-3_OU3.1.3,"Produto 3.1.3: As instituições públicas e privadas a todos os níveis têm capacidades reforçadas para coordenar, desenvolver parcerias e aumentar a mobilização de recursos financeiros e técnicos internos e externos, incluindo da diáspora.",2023-03-01,2023-12-31,1_SPSP 3-2_OC3-3_OU3.1.3-4_SOU5,108985,"Reforço das capacidades das instituições nacionais e criação de instrumentos inovadoras em matéria de parcerias para o desenvolvimento e na mobilização de recursos (UNDP, UNICEF)",UNICEF,United Nations Children's Fund,,,,,,,,,,true,,false,,false,,false,10000,,,
1_SPSP 3-2_OC3,"Efeito 3.1: Até 2027, mais pessoas, especialmente mulheres, jovens e grupos vulneráveis, exercerão livremente os seus direitos, participarão e beneficiarão de instituições inclusivas, resilientes, transparentes e responsáveis e de um sistema de governação democrática mais modernizado, transformador e eficaz que defenda o Estado de direito, a nível nacional e local. / Outcome 3: By 2027, more people, especially women, youth and those in vulnerable groups, freely exercise their rights, participate in, and benefit from, inclusive, resilient, transparent, and accountable institutions and a more modernized, transformative and effective system of democratic governance that upholds the rule of law, at national and local levels.",1_SPSP 3-2_OC3-3_OU3.1.3,"Produto 3.1.3: As instituições públicas e privadas a todos os níveis têm capacidades reforçadas para coordenar, desenvolver parcerias e aumentar a mobilização de recursos financeiros e técnicos internos e externos, incluindo da diáspora.",2023-03-01,2023-12-31,1_SPSP 3-2_OC3-3_OU3.1.3-4_SOU5,108985,"Reforço das capacidades das instituições nacionais e criação de instrumentos inovadoras em matéria de parcerias para o desenvolvimento e na mobilização de recursos (UNDP, UNICEF)",UNICEF,United Nations Children's Fund,The Joint SDG Fund,Multilateral - UN Inter-agency pooled funds,,,,,,,,true,,false,,false,,false,,,,
1_SPSP 3-2_OC3,"Efeito 3.1: Até 2027, mais pessoas, especialmente mulheres, jovens e grupos vulneráveis, exercerão livremente os seus direitos, participarão e beneficiarão de instituições inclusivas, resilientes, transparentes e responsáveis e de um sistema de governação democrática mais modernizado, transformador e eficaz que defenda o Estado de direito, a nível nacional e local. / Outcome 3: By 2027, more people, especially women, youth and those in vulnerable groups, freely exercise their rights, participate in, and benefit from, inclusive, resilient, transparent, and accountable institutions and a more modernized, transformative and effective system of democratic governance that upholds the rule of law, at national and local levels.",1_SPSP 3-2_OC3-3_OU3.1.3,"Produto 3.1.3: As instituições públicas e privadas a todos os níveis têm capacidades reforçadas para coordenar, desenvolver parcerias e aumentar a mobilização de recursos financeiros e técnicos internos e externos, incluindo da diáspora.",2023-03-01,2023-12-31,1_SPSP 3-2_OC3-3_OU3.1.3-4_SOU5,108985,"Reforço das capacidades das instituições nacionais e criação de instrumentos inovadoras em matéria de parcerias para o desenvolvimento e na mobilização de recursos (UNDP, UNICEF)",UNICEF,United Nations Children's Fund,Core Funding,Multilateral - UN organizations excluding pooled funds,,,10000,,,,10000,true,,false,,false,,false,,,,
1_SPSP 3-2_OC3,"Efeito 3.1: Até 2027, mais pessoas, especialmente mulheres, jovens e grupos vulneráveis, exercerão livremente os seus direitos, participarão e beneficiarão de instituições inclusivas, resilientes, transparentes e responsáveis e de um sistema de governação democrática mais modernizado, transformador e eficaz que defenda o Estado de direito, a nível nacional e local. / Outcome 3: By 2027, more people, especially women, youth and those in vulnerable groups, freely exercise their rights, participate in, and benefit from, inclusive, resilient, transparent, and accountable institutions and a more modernized, transformative and effective system of democratic governance that upholds the rule of law, at national and local levels.",1_SPSP 3-2_OC3-3_OU3.1.3,"Produto 3.1.3: As instituições públicas e privadas a todos os níveis têm capacidades reforçadas para coordenar, desenvolver parcerias e aumentar a mobilização de recursos financeiros e técnicos internos e externos, incluindo da diáspora.",2023-03-01,2023-12-31,1_SPSP 3-2_OC3-3_OU3.1.3-4_SOU6,108993,Implementação das Estrategia de descentralização em municipios piloto e reforço institutional destes municipios para melhor prestação de serviços publicos a nivel local (UNDP),UNDP,United Nations Development Programme,,,,,,,,,,true,,false,,false,,false,60000,,,
1_SPSP 3-2_OC3,"Efeito 3.1: Até 2027, mais pessoas, especialmente mulheres, jovens e grupos vulneráveis, exercerão livremente os seus direitos, participarão e beneficiarão de instituições inclusivas, resilientes, transparentes e responsáveis e de um sistema de governação democrática mais modernizado, transformador e eficaz que defenda o Estado de direito, a nível nacional e local. / Outcome 3: By 2027, more people, especially women, youth and those in vulnerable groups, freely exercise their rights, participate in, and benefit from, inclusive, resilient, transparent, and accountable institutions and a more modernized, transformative and effective system of democratic governance that upholds the rule of law, at national and local levels.",1_SPSP 3-2_OC3-3_OU3.1.3,"Produto 3.1.3: As instituições públicas e privadas a todos os níveis têm capacidades reforçadas para coordenar, desenvolver parcerias e aumentar a mobilização de recursos financeiros e técnicos internos e externos, incluindo da diáspora.",2023-03-01,2023-12-31,1_SPSP 3-2_OC3-3_OU3.1.3-4_SOU6,108993,Implementação das Estrategia de descentralização em municipios piloto e reforço institutional destes municipios para melhor prestação de serviços publicos a nivel local (UNDP),UNDP,United Nations Development Programme,Core Funding,Multilateral - UN organizations excluding pooled funds,,,60000,,,,60000,true,,false,,false,,false,,,,
1_SPSP 3-2_OC3,"Efeito 3.1: Até 2027, mais pessoas, especialmente mulheres, jovens e grupos vulneráveis, exercerão livremente os seus direitos, participarão e beneficiarão de instituições inclusivas, resilientes, transparentes e responsáveis e de um sistema de governação democrática mais modernizado, transformador e eficaz que defenda o Estado de direito, a nível nacional e local. / Outcome 3: By 2027, more people, especially women, youth and those in vulnerable groups, freely exercise their rights, participate in, and benefit from, inclusive, resilient, transparent, and accountable institutions and a more modernized, transformative and effective system of democratic governance that upholds the rule of law, at national and local levels.",1_SPSP 3-2_OC3-3_OU3.1.3,"Produto 3.1.3: As instituições públicas e privadas a todos os níveis têm capacidades reforçadas para coordenar, desenvolver parcerias e aumentar a mobilização de recursos financeiros e técnicos internos e externos, incluindo da diáspora.",2023-05-01,2023-12-31,1_SPSP 3-2_OC3-3_OU3.1.3-4_SOU7,109001,"Reforço das capacidades institucionais e de gestão dos municipios para impulsionar o desenvolvimento local, aplicando instrumentos de gestão baseada em resultados que reduzem as assimetrias e promovem o desenvolvimento local em Cabo Verde (UNDP)",UNDP,United Nations Development Programme,,,,,,,,,,false,,false,,false,,false,440000,,,
1_SPSP 3-2_OC3,"Efeito 3.1: Até 2027, mais pessoas, especialmente mulheres, jovens e grupos vulneráveis, exercerão livremente os seus direitos, participarão e beneficiarão de instituições inclusivas, resilientes, transparentes e responsáveis e de um sistema de governação democrática mais modernizado, transformador e eficaz que defenda o Estado de direito, a nível nacional e local. / Outcome 3: By 2027, more people, especially women, youth and those in vulnerable groups, freely exercise their rights, participate in, and benefit from, inclusive, resilient, transparent, and accountable institutions and a more modernized, transformative and effective system of democratic governance that upholds the rule of law, at national and local levels.",1_SPSP 3-2_OC3-3_OU3.1.3,"Produto 3.1.3: As instituições públicas e privadas a todos os níveis têm capacidades reforçadas para coordenar, desenvolver parcerias e aumentar a mobilização de recursos financeiros e técnicos internos e externos, incluindo da diáspora.",2023-05-01,2023-12-31,1_SPSP 3-2_OC3-3_OU3.1.3-4_SOU7,109001,"Reforço das capacidades institucionais e de gestão dos municipios para impulsionar o desenvolvimento local, aplicando instrumentos de gestão baseada em resultados que reduzem as assimetrias e promovem o desenvolvimento local em Cabo Verde (UNDP)",UNDP,United Nations Development Programme,Core Funding,Multilateral - UN organizations excluding pooled funds,,,,,,,,false,,false,,false,,false,,,,
1_SPSP 3-2_OC3,"Efeito 3.1: Até 2027, mais pessoas, especialmente mulheres, jovens e grupos vulneráveis, exercerão livremente os seus direitos, participarão e beneficiarão de instituições inclusivas, resilientes, transparentes e responsáveis e de um sistema de governação democrática mais modernizado, transformador e eficaz que defenda o Estado de direito, a nível nacional e local. / Outcome 3: By 2027, more people, especially women, youth and those in vulnerable groups, freely exercise their rights, participate in, and benefit from, inclusive, resilient, transparent, and accountable institutions and a more modernized, transformative and effective system of democratic governance that upholds the rule of law, at national and local levels.",1_SPSP 3-2_OC3-3_OU3.1.3,"Produto 3.1.3: As instituições públicas e privadas a todos os níveis têm capacidades reforçadas para coordenar, desenvolver parcerias e aumentar a mobilização de recursos financeiros e técnicos internos e externos, incluindo da diáspora.",2023-03-01,2023-12-31,1_SPSP 3-2_OC3-3_OU3.1.3-4_SOU8,109011," Reforço da modernização da Administração Publica e que apresenta melhor interoperabilidade de processos e melhor prestação de serviços aos cidadãos e empresas (UNDP)",UNDP,United Nations Development Programme,,,,,,,,,,false,,false,,false,,false,70000,,,
1_SPSP 3-2_OC3,"Efeito 3.1: Até 2027, mais pessoas, especialmente mulheres, jovens e grupos vulneráveis, exercerão livremente os seus direitos, participarão e beneficiarão de instituições inclusivas, resilientes, transparentes e responsáveis e de um sistema de governação democrática mais modernizado, transformador e eficaz que defenda o Estado de direito, a nível nacional e local. / Outcome 3: By 2027, more people, especially women, youth and those in vulnerable groups, freely exercise their rights, participate in, and benefit from, inclusive, resilient, transparent, and accountable institutions and a more modernized, transformative and effective system of democratic governance that upholds the rule of law, at national and local levels.",1_SPSP 3-2_OC3-3_OU3.1.3,"Produto 3.1.3: As instituições públicas e privadas a todos os níveis têm capacidades reforçadas para coordenar, desenvolver parcerias e aumentar a mobilização de recursos financeiros e técnicos internos e externos, incluindo da diáspora.",2023-03-01,2023-12-31,1_SPSP 3-2_OC3-3_OU3.1.3-4_SOU8,109011," Reforço da modernização da Administração Publica e que apresenta melhor interoperabilidade de processos e melhor prestação de serviços aos cidadãos e empresas (UNDP)",UNDP,United Nations Development Programme,Core Funding,Multilateral - UN organizations excluding pooled funds,,,,,,,,false,,false,,false,,false,,,,
1_SPSP 3-2_OC3,"Efeito 3.1: Até 2027, mais pessoas, especialmente mulheres, jovens e grupos vulneráveis, exercerão livremente os seus direitos, participarão e beneficiarão de instituições inclusivas, resilientes, transparentes e responsáveis e de um sistema de governação democrática mais modernizado, transformador e eficaz que defenda o Estado de direito, a nível nacional e local. / Outcome 3: By 2027, more people, especially women, youth and those in vulnerable groups, freely exercise their rights, participate in, and benefit from, inclusive, resilient, transparent, and accountable institutions and a more modernized, transformative and effective system of democratic governance that upholds the rule of law, at national and local levels.",1_SPSP 3-2_OC3-3_OU3.1.3,"Produto 3.1.3: As instituições públicas e privadas a todos os níveis têm capacidades reforçadas para coordenar, desenvolver parcerias e aumentar a mobilização de recursos financeiros e técnicos internos e externos, incluindo da diáspora.",2023-07-01,2024-12-31,1_SPSP 3-2_OC3-3_OU3.1.3-4_SOU9,109012,Reforço da governança dos sistemas alimentares e mecanismos de protecção social para a redução dos riscos relativos à segurança alimentar (FAO),FAO,Food and Agriculture Organization of the United Nations,,,,,,,,,,false,,false,,false,,false,215307,71170,,
1_SPSP 3-2_OC3,"Efeito 3.1: Até 2027, mais pessoas, especialmente mulheres, jovens e grupos vulneráveis, exercerão livremente os seus direitos, participarão e beneficiarão de instituições inclusivas, resilientes, transparentes e responsáveis e de um sistema de governação democrática mais modernizado, transformador e eficaz que defenda o Estado de direito, a nível nacional e local. / Outcome 3: By 2027, more people, especially women, youth and those in vulnerable groups, freely exercise their rights, participate in, and benefit from, inclusive, resilient, transparent, and accountable institutions and a more modernized, transformative and effective system of democratic governance that upholds the rule of law, at national and local levels.",1_SPSP 3-2_OC3-3_OU3.1.3,"Produto 3.1.3: As instituições públicas e privadas a todos os níveis têm capacidades reforçadas para coordenar, desenvolver parcerias e aumentar a mobilização de recursos financeiros e técnicos internos e externos, incluindo da diáspora.",2023-07-01,2024-12-31,1_SPSP 3-2_OC3-3_OU3.1.3-4_SOU9,109012,Reforço da governança dos sistemas alimentares e mecanismos de protecção social para a redução dos riscos relativos à segurança alimentar (FAO),FAO,Food and Agriculture Organization of the United Nations,The Global Environment Facility,Multilateral - Global vertical funds,,,215307,71170,,,215307,false,8616,false,,false,,false,,,,
1_SPSP 3-2_OC3,"Efeito 3.1: Até 2027, mais pessoas, especialmente mulheres, jovens e grupos vulneráveis, exercerão livremente os seus direitos, participarão e beneficiarão de instituições inclusivas, resilientes, transparentes e responsáveis e de um sistema de governação democrática mais modernizado, transformador e eficaz que defenda o Estado de direito, a nível nacional e local. / Outcome 3: By 2027, more people, especially women, youth and those in vulnerable groups, freely exercise their rights, participate in, and benefit from, inclusive, resilient, transparent, and accountable institutions and a more modernized, transformative and effective system of democratic governance that upholds the rule of law, at national and local levels.",1_SPSP 3-2_OC3-3_OU3.1.3,"Produto 3.1.3: As instituições públicas e privadas a todos os níveis têm capacidades reforçadas para coordenar, desenvolver parcerias e aumentar a mobilização de recursos financeiros e técnicos internos e externos, incluindo da diáspora.",2023-01-01,2024-12-31,1_SPSP 3-2_OC3-3_OU3.1.3-4_SOU10,109013,"Reforço dos mecanismos de intercâmbio de conhecimentos, bem como dos esforços de desenvolvimento de capacidades institucionais e individuais para planeamento, construção e implementação de políticas públicas de SAN, incluindo os setores AFOLU e Pescas (FAO)",FAO,Food and Agriculture Organization of the United Nations,,,,,,,,,,false,,false,,false,,false,100000,50000,,
1_SPSP 3-2_OC3,"Efeito 3.1: Até 2027, mais pessoas, especialmente mulheres, jovens e grupos vulneráveis, exercerão livremente os seus direitos, participarão e beneficiarão de instituições inclusivas, resilientes, transparentes e responsáveis e de um sistema de governação democrática mais modernizado, transformador e eficaz que defenda o Estado de direito, a nível nacional e local. / Outcome 3: By 2027, more people, especially women, youth and those in vulnerable groups, freely exercise their rights, participate in, and benefit from, inclusive, resilient, transparent, and accountable institutions and a more modernized, transformative and effective system of democratic governance that upholds the rule of law, at national and local levels.",1_SPSP 3-2_OC3-3_OU3.1.3,"Produto 3.1.3: As instituições públicas e privadas a todos os níveis têm capacidades reforçadas para coordenar, desenvolver parcerias e aumentar a mobilização de recursos financeiros e técnicos internos e externos, incluindo da diáspora.",2023-01-01,2024-12-31,1_SPSP 3-2_OC3-3_OU3.1.3-4_SOU10,109013,"Reforço dos mecanismos de intercâmbio de conhecimentos, bem como dos esforços de desenvolvimento de capacidades institucionais e individuais para planeamento, construção e implementação de políticas públicas de SAN, incluindo os setores AFOLU e Pescas (FAO)",FAO,Food and Agriculture Organization of the United Nations,The Global Environment Facility,Multilateral - Global vertical funds,,,100000,50000,,,87561,false,38548,false,,false,,false,,,,
1_SPSP 3-2_OC3,"Efeito 3.1: Até 2027, mais pessoas, especialmente mulheres, jovens e grupos vulneráveis, exercerão livremente os seus direitos, participarão e beneficiarão de instituições inclusivas, resilientes, transparentes e responsáveis e de um sistema de governação democrática mais modernizado, transformador e eficaz que defenda o Estado de direito, a nível nacional e local. / Outcome 3: By 2027, more people, especially women, youth and those in vulnerable groups, freely exercise their rights, participate in, and benefit from, inclusive, resilient, transparent, and accountable institutions and a more modernized, transformative and effective system of democratic governance that upholds the rule of law, at national and local levels.",1_SPSP 3-2_OC3-3_OU3.1.3,"Produto 3.1.3: As instituições públicas e privadas a todos os níveis têm capacidades reforçadas para coordenar, desenvolver parcerias e aumentar a mobilização de recursos financeiros e técnicos internos e externos, incluindo da diáspora.",2023-03-01,2024-12-31,1_SPSP 3-2_OC3-3_OU3.1.3-4_SOU11,109014,Reforço das capacidades das instituições governamentais a nível central e municipal na identificação de áreas eficazes para o engajamento sustentável e inclusivo da diáspora em Cabo Verde (IOM),IOM,International Organization for Migration,,,,,,,,,,true,,false,,false,,false,58000,52044,,
1_SPSP 3-2_OC3,"Efeito 3.1: Até 2027, mais pessoas, especialmente mulheres, jovens e grupos vulneráveis, exercerão livremente os seus direitos, participarão e beneficiarão de instituições inclusivas, resilientes, transparentes e responsáveis e de um sistema de governação democrática mais modernizado, transformador e eficaz que defenda o Estado de direito, a nível nacional e local. / Outcome 3: By 2027, more people, especially women, youth and those in vulnerable groups, freely exercise their rights, participate in, and benefit from, inclusive, resilient, transparent, and accountable institutions and a more modernized, transformative and effective system of democratic governance that upholds the rule of law, at national and local levels.",1_SPSP 3-2_OC3-3_OU3.1.3,"Produto 3.1.3: As instituições públicas e privadas a todos os níveis têm capacidades reforçadas para coordenar, desenvolver parcerias e aumentar a mobilização de recursos financeiros e técnicos internos e externos, incluindo da diáspora.",2023-03-01,2024-12-31,1_SPSP 3-2_OC3-3_OU3.1.3-4_SOU11,109014,Reforço das capacidades das instituições governamentais a nível central e municipal na identificação de áreas eficazes para o engajamento sustentável e inclusivo da diáspora em Cabo Verde (IOM),IOM,International Organization for Migration,IOM Development Fund,Multilateral - UN organizations excluding pooled funds,International Organization for Migration,Multilateral - UN organizations excluding pooled funds,58000,52044,,,20957,true,20859,false,,false,,false,,,,
1_SPSP 3-2_OC3,"Efeito 3.1: Até 2027, mais pessoas, especialmente mulheres, jovens e grupos vulneráveis, exercerão livremente os seus direitos, participarão e beneficiarão de instituições inclusivas, resilientes, transparentes e responsáveis e de um sistema de governação democrática mais modernizado, transformador e eficaz que defenda o Estado de direito, a nível nacional e local. / Outcome 3: By 2027, more people, especially women, youth and those in vulnerable groups, freely exercise their rights, participate in, and benefit from, inclusive, resilient, transparent, and accountable institutions and a more modernized, transformative and effective system of democratic governance that upholds the rule of law, at national and local levels.",1_SPSP 3-2_OC3-3_OU3.1.3,"Produto 3.1.3: As instituições públicas e privadas a todos os níveis têm capacidades reforçadas para coordenar, desenvolver parcerias e aumentar a mobilização de recursos financeiros e técnicos internos e externos, incluindo da diáspora.",2024-01-01,2024-12-31,1_SPSP 3-2_OC3-3_OU3.1.3-4_SOU224,173955,"Conta de Desenvolvimento da UNCTAD para promover um desenvolvimento mais verde, igualitário e sustentável nos PEID (incluindo Cabo Verde)/ UNCTAD Development Account Project to develop greener, equal and sustainable development in SIDS (including Cabo Verde) ",UNCTAD,United Nations Conference on Trade and Development,,,,,,,,,,false,,false,,false,,false,,80000,,
1_SPSP 3-2_OC3,"Efeito 3.1: Até 2027, mais pessoas, especialmente mulheres, jovens e grupos vulneráveis, exercerão livremente os seus direitos, participarão e beneficiarão de instituições inclusivas, resilientes, transparentes e responsáveis e de um sistema de governação democrática mais modernizado, transformador e eficaz que defenda o Estado de direito, a nível nacional e local. / Outcome 3: By 2027, more people, especially women, youth and those in vulnerable groups, freely exercise their rights, participate in, and benefit from, inclusive, resilient, transparent, and accountable institutions and a more modernized, transformative and effective system of democratic governance that upholds the rule of law, at national and local levels.",1_SPSP 3-2_OC3-3_OU3.1.3,"Produto 3.1.3: As instituições públicas e privadas a todos os níveis têm capacidades reforçadas para coordenar, desenvolver parcerias e aumentar a mobilização de recursos financeiros e técnicos internos e externos, incluindo da diáspora.",2024-01-01,2024-12-31,1_SPSP 3-2_OC3-3_OU3.1.3-4_SOU224,173955,"Conta de Desenvolvimento da UNCTAD para promover um desenvolvimento mais verde, igualitário e sustentável nos PEID (incluindo Cabo Verde)/ UNCTAD Development Account Project to develop greener, equal and sustainable development in SIDS (including Cabo Verde) ",UNCTAD,United Nations Conference on Trade and Development,United Nations Development Account,Multilateral - UN organizations excluding pooled funds,,,,80000,,,,false,58000,false,,false,,false,,,,
1_SPSP 3-2_OC3,"Efeito 3.1: Até 2027, mais pessoas, especialmente mulheres, jovens e grupos vulneráveis, exercerão livremente os seus direitos, participarão e beneficiarão de instituições inclusivas, resilientes, transparentes e responsáveis e de um sistema de governação democrática mais modernizado, transformador e eficaz que defenda o Estado de direito, a nível nacional e local. / Outcome 3: By 2027, more people, especially women, youth and those in vulnerable groups, freely exercise their rights, participate in, and benefit from, inclusive, resilient, transparent, and accountable institutions and a more modernized, transformative and effective system of democratic governance that upholds the rule of law, at national and local levels.",1_SPSP 3-2_OC3-3_OU3.1.3,"Produto 3.1.3: As instituições públicas e privadas a todos os níveis têm capacidades reforçadas para coordenar, desenvolver parcerias e aumentar a mobilização de recursos financeiros e técnicos internos e externos, incluindo da diáspora.",2025-01-01,2026-12-31,1_SPSP 3-2_OC3-3_OU3.1.3-4_SOU232,179061,"Implementação do mecanismo de coordenação para o reforço da sensibilização e disponibilidade dos diferentes stakeholders em se engajarem em parcerias no âmbito do Country Programme, para apoiar as prioridades do País para um desenvolvimento industrial inclusivo e sustentável (UNIDO)",UNIDO,United Nations Industrial Development Organization,,,,,,,,,,false,,false,,false,,false,,,50000,65000
1_SPSP 3-2_OC3,"Efeito 3.1: Até 2027, mais pessoas, especialmente mulheres, jovens e grupos vulneráveis, exercerão livremente os seus direitos, participarão e beneficiarão de instituições inclusivas, resilientes, transparentes e responsáveis e de um sistema de governação democrática mais modernizado, transformador e eficaz que defenda o Estado de direito, a nível nacional e local. / Outcome 3: By 2027, more people, especially women, youth and those in vulnerable groups, freely exercise their rights, participate in, and benefit from, inclusive, resilient, transparent, and accountable institutions and a more modernized, transformative and effective system of democratic governance that upholds the rule of law, at national and local levels.",1_SPSP 3-2_OC3-3_OU3.1.3,"Produto 3.1.3: As instituições públicas e privadas a todos os níveis têm capacidades reforçadas para coordenar, desenvolver parcerias e aumentar a mobilização de recursos financeiros e técnicos internos e externos, incluindo da diáspora.",2025-01-01,2026-12-31,1_SPSP 3-2_OC3-3_OU3.1.3-4_SOU232,179061,"Implementação do mecanismo de coordenação para o reforço da sensibilização e disponibilidade dos diferentes stakeholders em se engajarem em parcerias no âmbito do Country Programme, para apoiar as prioridades do País para um desenvolvimento industrial inclusivo e sustentável (UNIDO)",UNIDO,United Nations Industrial Development Organization,Core Funding,Multilateral - UN organizations excluding pooled funds,,,,,50000,65000,,false,,false,50000,false,32658,false,,,,
1_SPSP 3-2_OC3,"Efeito 3.1: Até 2027, mais pessoas, especialmente mulheres, jovens e grupos vulneráveis, exercerão livremente os seus direitos, participarão e beneficiarão de instituições inclusivas, resilientes, transparentes e responsáveis e de um sistema de governação democrática mais modernizado, transformador e eficaz que defenda o Estado de direito, a nível nacional e local. / Outcome 3: By 2027, more people, especially women, youth and those in vulnerable groups, freely exercise their rights, participate in, and benefit from, inclusive, resilient, transparent, and accountable institutions and a more modernized, transformative and effective system of democratic governance that upholds the rule of law, at national and local levels.",1_SPSP 3-2_OC3-3_OU3.1.3,"Produto 3.1.3: As instituições públicas e privadas a todos os níveis têm capacidades reforçadas para coordenar, desenvolver parcerias e aumentar a mobilização de recursos financeiros e técnicos internos e externos, incluindo da diáspora.",2025-01-01,2026-12-31,1_SPSP 3-2_OC3-3_OU3.1.3-4_SOU243,179417,"Programa Conjunto de Promoção do Desenvolvimento Local (Outcome 1/2025): Implementação das recomendações e incentivos a nível local, resultantes do processo de localização, para aumentar o desempenho da OSR (Own-Source Revenues) (UN HABITAT)",UN-HABITAT,United Nations Human Settlement Programme,,,,,,,,,,false,,false,,false,,false,,,250000,410000
1_SPSP 3-2_OC3,"Efeito 3.1: Até 2027, mais pessoas, especialmente mulheres, jovens e grupos vulneráveis, exercerão livremente os seus direitos, participarão e beneficiarão de instituições inclusivas, resilientes, transparentes e responsáveis e de um sistema de governação democrática mais modernizado, transformador e eficaz que defenda o Estado de direito, a nível nacional e local. / Outcome 3: By 2027, more people, especially women, youth and those in vulnerable groups, freely exercise their rights, participate in, and benefit from, inclusive, resilient, transparent, and accountable institutions and a more modernized, transformative and effective system of democratic governance that upholds the rule of law, at national and local levels.",1_SPSP 3-2_OC3-3_OU3.1.3,"Produto 3.1.3: As instituições públicas e privadas a todos os níveis têm capacidades reforçadas para coordenar, desenvolver parcerias e aumentar a mobilização de recursos financeiros e técnicos internos e externos, incluindo da diáspora.",2025-01-01,2026-12-31,1_SPSP 3-2_OC3-3_OU3.1.3-4_SOU243,179417,"Programa Conjunto de Promoção do Desenvolvimento Local (Outcome 1/2025): Implementação das recomendações e incentivos a nível local, resultantes do processo de localização, para aumentar o desempenho da OSR (Own-Source Revenues) (UN HABITAT)",UN-HABITAT,United Nations Human Settlement Programme,Luxembourg Grand Duchy,Government,Luxembourg,Government,,,250000,410000,,false,,false,147639,false,168745,false,,,,
1_SPSP 3-2_OC3,"Efeito 3.1: Até 2027, mais pessoas, especialmente mulheres, jovens e grupos vulneráveis, exercerão livremente os seus direitos, participarão e beneficiarão de instituições inclusivas, resilientes, transparentes e responsáveis e de um sistema de governação democrática mais modernizado, transformador e eficaz que defenda o Estado de direito, a nível nacional e local. / Outcome 3: By 2027, more people, especially women, youth and those in vulnerable groups, freely exercise their rights, participate in, and benefit from, inclusive, resilient, transparent, and accountable institutions and a more modernized, transformative and effective system of democratic governance that upholds the rule of law, at national and local levels.",1_SPSP 3-2_OC3-3_OU3.1.3,"Produto 3.1.3: As instituições públicas e privadas a todos os níveis têm capacidades reforçadas para coordenar, desenvolver parcerias e aumentar a mobilização de recursos financeiros e técnicos internos e externos, incluindo da diáspora.",2025-03-01,2026-12-31,1_SPSP 3-2_OC3-3_OU3.1.3-4_SOU244,179603,Unidade  Nacional de Coordenação SIDS,UNDP,United Nations Development Programme,,,,,,,,,,false,,false,,true,,false,,,30000,20000
1_SPSP 3-2_OC3,"Efeito 3.1: Até 2027, mais pessoas, especialmente mulheres, jovens e grupos vulneráveis, exercerão livremente os seus direitos, participarão e beneficiarão de instituições inclusivas, resilientes, transparentes e responsáveis e de um sistema de governação democrática mais modernizado, transformador e eficaz que defenda o Estado de direito, a nível nacional e local. / Outcome 3: By 2027, more people, especially women, youth and those in vulnerable groups, freely exercise their rights, participate in, and benefit from, inclusive, resilient, transparent, and accountable institutions and a more modernized, transformative and effective system of democratic governance that upholds the rule of law, at national and local levels.",1_SPSP 3-2_OC3-3_OU3.1.3,"Produto 3.1.3: As instituições públicas e privadas a todos os níveis têm capacidades reforçadas para coordenar, desenvolver parcerias e aumentar a mobilização de recursos financeiros e técnicos internos e externos, incluindo da diáspora.",2025-03-01,2026-12-31,1_SPSP 3-2_OC3-3_OU3.1.3-4_SOU244,179603,Unidade  Nacional de Coordenação SIDS,UNDP,United Nations Development Programme,Core Funding,Multilateral - UN organizations excluding pooled funds,,,,,30000,15000,,false,,false,30000,true,3234,false,,,,
1_SPSP 3-2_OC3,"Efeito 3.1: Até 2027, mais pessoas, especialmente mulheres, jovens e grupos vulneráveis, exercerão livremente os seus direitos, participarão e beneficiarão de instituições inclusivas, resilientes, transparentes e responsáveis e de um sistema de governação democrática mais modernizado, transformador e eficaz que defenda o Estado de direito, a nível nacional e local. / Outcome 3: By 2027, more people, especially women, youth and those in vulnerable groups, freely exercise their rights, participate in, and benefit from, inclusive, resilient, transparent, and accountable institutions and a more modernized, transformative and effective system of democratic governance that upholds the rule of law, at national and local levels.",1_SPSP 3-2_OC3-3_OU3.1.3,"Produto 3.1.3: As instituições públicas e privadas a todos os níveis têm capacidades reforçadas para coordenar, desenvolver parcerias e aumentar a mobilização de recursos financeiros e técnicos internos e externos, incluindo da diáspora.",2025-03-01,2026-12-31,1_SPSP 3-2_OC3-3_OU3.1.3-4_SOU244,179603,Unidade  Nacional de Coordenação SIDS,UNICEF,United Nations Children's Fund,,,,,,,,,,,,,,,,,,,,
1_SPSP 3-2_OC3,"Efeito 3.1: Até 2027, mais pessoas, especialmente mulheres, jovens e grupos vulneráveis, exercerão livremente os seus direitos, participarão e beneficiarão de instituições inclusivas, resilientes, transparentes e responsáveis e de um sistema de governação democrática mais modernizado, transformador e eficaz que defenda o Estado de direito, a nível nacional e local. / Outcome 3: By 2027, more people, especially women, youth and those in vulnerable groups, freely exercise their rights, participate in, and benefit from, inclusive, resilient, transparent, and accountable institutions and a more modernized, transformative and effective system of democratic governance that upholds the rule of law, at national and local levels.",1_SPSP 3-2_OC3-3_OU3.1.3,"Produto 3.1.3: As instituições públicas e privadas a todos os níveis têm capacidades reforçadas para coordenar, desenvolver parcerias e aumentar a mobilização de recursos financeiros e técnicos internos e externos, incluindo da diáspora.",2025-03-01,2026-12-31,1_SPSP 3-2_OC3-3_OU3.1.3-4_SOU244,179603,Unidade  Nacional de Coordenação SIDS,UNFPA,United Nations Population Fund,,,,,,,,,,,,,,,,,,,,
1_SPSP 3-2_OC3,"Efeito 3.1: Até 2027, mais pessoas, especialmente mulheres, jovens e grupos vulneráveis, exercerão livremente os seus direitos, participarão e beneficiarão de instituições inclusivas, resilientes, transparentes e responsáveis e de um sistema de governação democrática mais modernizado, transformador e eficaz que defenda o Estado de direito, a nível nacional e local. / Outcome 3: By 2027, more people, especially women, youth and those in vulnerable groups, freely exercise their rights, participate in, and benefit from, inclusive, resilient, transparent, and accountable institutions and a more modernized, transformative and effective system of democratic governance that upholds the rule of law, at national and local levels.",1_SPSP 3-2_OC3-3_OU3.1.4,"Produto 3.1.4: Os sistemas de justiça e segurança são reforçados para melhorar o acesso, ser responsável, eficaz e eficiente, prevenir a violência, lutar contra o tráfico ilícito e os crimes, especialmente os crimes contra mulheres e crianças, e proporcionar uma solução eficaz.",2023-01-01,2024-12-31,1_SPSP 3-2_OC3-3_OU3.1.4-4_SOU1,109015,Vítimas de tráfico de pessoas são assistidas e apoiadas no retorno seguro e reintegração nos seus países de origem (IOM),IOM,International Organization for Migration,,,,,,,,,,true,,false,,false,,false,20000,20000,,
1_SPSP 3-2_OC3,"Efeito 3.1: Até 2027, mais pessoas, especialmente mulheres, jovens e grupos vulneráveis, exercerão livremente os seus direitos, participarão e beneficiarão de instituições inclusivas, resilientes, transparentes e responsáveis e de um sistema de governação democrática mais modernizado, transformador e eficaz que defenda o Estado de direito, a nível nacional e local. / Outcome 3: By 2027, more people, especially women, youth and those in vulnerable groups, freely exercise their rights, participate in, and benefit from, inclusive, resilient, transparent, and accountable institutions and a more modernized, transformative and effective system of democratic governance that upholds the rule of law, at national and local levels.",1_SPSP 3-2_OC3-3_OU3.1.4,"Produto 3.1.4: Os sistemas de justiça e segurança são reforçados para melhorar o acesso, ser responsável, eficaz e eficiente, prevenir a violência, lutar contra o tráfico ilícito e os crimes, especialmente os crimes contra mulheres e crianças, e proporcionar uma solução eficaz.",2023-01-01,2024-12-31,1_SPSP 3-2_OC3-3_OU3.1.4-4_SOU1,109015,Vítimas de tráfico de pessoas são assistidas e apoiadas no retorno seguro e reintegração nos seus países de origem (IOM),IOM,International Organization for Migration,Spain,Government,,,20000,20000,,,7923,true,,false,,false,,false,,,,
1_SPSP 3-2_OC3,"Efeito 3.1: Até 2027, mais pessoas, especialmente mulheres, jovens e grupos vulneráveis, exercerão livremente os seus direitos, participarão e beneficiarão de instituições inclusivas, resilientes, transparentes e responsáveis e de um sistema de governação democrática mais modernizado, transformador e eficaz que defenda o Estado de direito, a nível nacional e local. / Outcome 3: By 2027, more people, especially women, youth and those in vulnerable groups, freely exercise their rights, participate in, and benefit from, inclusive, resilient, transparent, and accountable institutions and a more modernized, transformative and effective system of democratic governance that upholds the rule of law, at national and local levels.",1_SPSP 3-2_OC3-3_OU3.1.4,"Produto 3.1.4: Os sistemas de justiça e segurança são reforçados para melhorar o acesso, ser responsável, eficaz e eficiente, prevenir a violência, lutar contra o tráfico ilícito e os crimes, especialmente os crimes contra mulheres e crianças, e proporcionar uma solução eficaz.",2023-01-01,2024-12-31,1_SPSP 3-2_OC3-3_OU3.1.4-4_SOU2,109017,É concebido um Manual/SOP de Procedimentos Operacionais contra o Tráfico de Pessoas e o seu respetivo Guia Prático e Fluxograma e são realizadas sessões de sensibilização a nível nacional sobre o seu uso correto (IOM),IOM,International Organization for Migration,,,,,,,,,,false,,false,,false,,false,23000,52298,,
1_SPSP 3-2_OC3,"Efeito 3.1: Até 2027, mais pessoas, especialmente mulheres, jovens e grupos vulneráveis, exercerão livremente os seus direitos, participarão e beneficiarão de instituições inclusivas, resilientes, transparentes e responsáveis e de um sistema de governação democrática mais modernizado, transformador e eficaz que defenda o Estado de direito, a nível nacional e local. / Outcome 3: By 2027, more people, especially women, youth and those in vulnerable groups, freely exercise their rights, participate in, and benefit from, inclusive, resilient, transparent, and accountable institutions and a more modernized, transformative and effective system of democratic governance that upholds the rule of law, at national and local levels.",1_SPSP 3-2_OC3-3_OU3.1.4,"Produto 3.1.4: Os sistemas de justiça e segurança são reforçados para melhorar o acesso, ser responsável, eficaz e eficiente, prevenir a violência, lutar contra o tráfico ilícito e os crimes, especialmente os crimes contra mulheres e crianças, e proporcionar uma solução eficaz.",2023-01-01,2024-12-31,1_SPSP 3-2_OC3-3_OU3.1.4-4_SOU2,109017,É concebido um Manual/SOP de Procedimentos Operacionais contra o Tráfico de Pessoas e o seu respetivo Guia Prático e Fluxograma e são realizadas sessões de sensibilização a nível nacional sobre o seu uso correto (IOM),IOM,International Organization for Migration,The United States of America,Government,,,23000,52298,,,4565,false,52298,false,,false,,false,,,,
1_SPSP 3-2_OC3,"Efeito 3.1: Até 2027, mais pessoas, especialmente mulheres, jovens e grupos vulneráveis, exercerão livremente os seus direitos, participarão e beneficiarão de instituições inclusivas, resilientes, transparentes e responsáveis e de um sistema de governação democrática mais modernizado, transformador e eficaz que defenda o Estado de direito, a nível nacional e local. / Outcome 3: By 2027, more people, especially women, youth and those in vulnerable groups, freely exercise their rights, participate in, and benefit from, inclusive, resilient, transparent, and accountable institutions and a more modernized, transformative and effective system of democratic governance that upholds the rule of law, at national and local levels.",1_SPSP 3-2_OC3-3_OU3.1.4,"Produto 3.1.4: Os sistemas de justiça e segurança são reforçados para melhorar o acesso, ser responsável, eficaz e eficiente, prevenir a violência, lutar contra o tráfico ilícito e os crimes, especialmente os crimes contra mulheres e crianças, e proporcionar uma solução eficaz.",2023-01-01,2024-12-31,1_SPSP 3-2_OC3-3_OU3.1.4-4_SOU3,109023,"Reforço das capacidades dos serviços de aplicação da lei e organizações da sociedade civil em matéria de prevenção, investigação e acusação do tráfico de pessoas, com enfoque na proteção das vítimas (UNODC)",UNODC,United Nations Office on Drugs and Crime,,,,,,,,,,false,,false,,false,,false,50000,5000,,
1_SPSP 3-2_OC3,"Efeito 3.1: Até 2027, mais pessoas, especialmente mulheres, jovens e grupos vulneráveis, exercerão livremente os seus direitos, participarão e beneficiarão de instituições inclusivas, resilientes, transparentes e responsáveis e de um sistema de governação democrática mais modernizado, transformador e eficaz que defenda o Estado de direito, a nível nacional e local. / Outcome 3: By 2027, more people, especially women, youth and those in vulnerable groups, freely exercise their rights, participate in, and benefit from, inclusive, resilient, transparent, and accountable institutions and a more modernized, transformative and effective system of democratic governance that upholds the rule of law, at national and local levels.",1_SPSP 3-2_OC3-3_OU3.1.4,"Produto 3.1.4: Os sistemas de justiça e segurança são reforçados para melhorar o acesso, ser responsável, eficaz e eficiente, prevenir a violência, lutar contra o tráfico ilícito e os crimes, especialmente os crimes contra mulheres e crianças, e proporcionar uma solução eficaz.",2023-01-01,2024-12-31,1_SPSP 3-2_OC3-3_OU3.1.4-4_SOU3,109023,"Reforço das capacidades dos serviços de aplicação da lei e organizações da sociedade civil em matéria de prevenção, investigação e acusação do tráfico de pessoas, com enfoque na proteção das vítimas (UNODC)",UNODC,United Nations Office on Drugs and Crime,German Agency for International Cooperation,Government,Germany,Government,50000,3000,,,50000,false,3000,false,,false,,false,,,,
1_SPSP 3-2_OC3,"Efeito 3.1: Até 2027, mais pessoas, especialmente mulheres, jovens e grupos vulneráveis, exercerão livremente os seus direitos, participarão e beneficiarão de instituições inclusivas, resilientes, transparentes e responsáveis e de um sistema de governação democrática mais modernizado, transformador e eficaz que defenda o Estado de direito, a nível nacional e local. / Outcome 3: By 2027, more people, especially women, youth and those in vulnerable groups, freely exercise their rights, participate in, and benefit from, inclusive, resilient, transparent, and accountable institutions and a more modernized, transformative and effective system of democratic governance that upholds the rule of law, at national and local levels.",1_SPSP 3-2_OC3-3_OU3.1.4,"Produto 3.1.4: Os sistemas de justiça e segurança são reforçados para melhorar o acesso, ser responsável, eficaz e eficiente, prevenir a violência, lutar contra o tráfico ilícito e os crimes, especialmente os crimes contra mulheres e crianças, e proporcionar uma solução eficaz.",2023-03-01,2026-12-31,1_SPSP 3-2_OC3-3_OU3.1.4-4_SOU4,109030,Reforço do controlo do tráfico ilicito nos aeroportos (CAAT) e nos portos (UNODC),UNODC,United Nations Office on Drugs and Crime,,,,,,,,,,true,,false,,false,,false,30000,15000,8500,8500
1_SPSP 3-2_OC3,"Efeito 3.1: Até 2027, mais pessoas, especialmente mulheres, jovens e grupos vulneráveis, exercerão livremente os seus direitos, participarão e beneficiarão de instituições inclusivas, resilientes, transparentes e responsáveis e de um sistema de governação democrática mais modernizado, transformador e eficaz que defenda o Estado de direito, a nível nacional e local. / Outcome 3: By 2027, more people, especially women, youth and those in vulnerable groups, freely exercise their rights, participate in, and benefit from, inclusive, resilient, transparent, and accountable institutions and a more modernized, transformative and effective system of democratic governance that upholds the rule of law, at national and local levels.",1_SPSP 3-2_OC3-3_OU3.1.4,"Produto 3.1.4: Os sistemas de justiça e segurança são reforçados para melhorar o acesso, ser responsável, eficaz e eficiente, prevenir a violência, lutar contra o tráfico ilícito e os crimes, especialmente os crimes contra mulheres e crianças, e proporcionar uma solução eficaz.",2023-03-01,2026-12-31,1_SPSP 3-2_OC3-3_OU3.1.4-4_SOU4,109030,Reforço do controlo do tráfico ilicito nos aeroportos (CAAT) e nos portos (UNODC),UNODC,United Nations Office on Drugs and Crime,European Union,EU Institutions,,,30000,8000,8500,8500,30000,true,8000,false,8500,false,,false,,,,
1_SPSP 3-2_OC3,"Efeito 3.1: Até 2027, mais pessoas, especialmente mulheres, jovens e grupos vulneráveis, exercerão livremente os seus direitos, participarão e beneficiarão de instituições inclusivas, resilientes, transparentes e responsáveis e de um sistema de governação democrática mais modernizado, transformador e eficaz que defenda o Estado de direito, a nível nacional e local. / Outcome 3: By 2027, more people, especially women, youth and those in vulnerable groups, freely exercise their rights, participate in, and benefit from, inclusive, resilient, transparent, and accountable institutions and a more modernized, transformative and effective system of democratic governance that upholds the rule of law, at national and local levels.",1_SPSP 3-2_OC3-3_OU3.1.4,"Produto 3.1.4: Os sistemas de justiça e segurança são reforçados para melhorar o acesso, ser responsável, eficaz e eficiente, prevenir a violência, lutar contra o tráfico ilícito e os crimes, especialmente os crimes contra mulheres e crianças, e proporcionar uma solução eficaz.",2023-01-01,2026-12-31,1_SPSP 3-2_OC3-3_OU3.1.4-4_SOU5,109031,Reforço do sistema de justiça penal no combate aos tráficos ilícitos e criminalidade incluindo o apoio a reforma do sistema prisional (UNODC),UNODC,United Nations Office on Drugs and Crime,,,,,,,,,,false,,false,,false,,false,140000,195000,40000,40000
1_SPSP 3-2_OC3,"Efeito 3.1: Até 2027, mais pessoas, especialmente mulheres, jovens e grupos vulneráveis, exercerão livremente os seus direitos, participarão e beneficiarão de instituições inclusivas, resilientes, transparentes e responsáveis e de um sistema de governação democrática mais modernizado, transformador e eficaz que defenda o Estado de direito, a nível nacional e local. / Outcome 3: By 2027, more people, especially women, youth and those in vulnerable groups, freely exercise their rights, participate in, and benefit from, inclusive, resilient, transparent, and accountable institutions and a more modernized, transformative and effective system of democratic governance that upholds the rule of law, at national and local levels.",1_SPSP 3-2_OC3-3_OU3.1.4,"Produto 3.1.4: Os sistemas de justiça e segurança são reforçados para melhorar o acesso, ser responsável, eficaz e eficiente, prevenir a violência, lutar contra o tráfico ilícito e os crimes, especialmente os crimes contra mulheres e crianças, e proporcionar uma solução eficaz.",2023-01-01,2026-12-31,1_SPSP 3-2_OC3-3_OU3.1.4-4_SOU5,109031,Reforço do sistema de justiça penal no combate aos tráficos ilícitos e criminalidade incluindo o apoio a reforma do sistema prisional (UNODC),UNODC,United Nations Office on Drugs and Crime,European Union,EU Institutions,,,35000,100000,,40000,31957,false,100000,false,,false,,false,,,,
1_SPSP 3-2_OC3,"Efeito 3.1: Até 2027, mais pessoas, especialmente mulheres, jovens e grupos vulneráveis, exercerão livremente os seus direitos, participarão e beneficiarão de instituições inclusivas, resilientes, transparentes e responsáveis e de um sistema de governação democrática mais modernizado, transformador e eficaz que defenda o Estado de direito, a nível nacional e local. / Outcome 3: By 2027, more people, especially women, youth and those in vulnerable groups, freely exercise their rights, participate in, and benefit from, inclusive, resilient, transparent, and accountable institutions and a more modernized, transformative and effective system of democratic governance that upholds the rule of law, at national and local levels.",1_SPSP 3-2_OC3-3_OU3.1.4,"Produto 3.1.4: Os sistemas de justiça e segurança são reforçados para melhorar o acesso, ser responsável, eficaz e eficiente, prevenir a violência, lutar contra o tráfico ilícito e os crimes, especialmente os crimes contra mulheres e crianças, e proporcionar uma solução eficaz.",2023-01-01,2026-12-31,1_SPSP 3-2_OC3-3_OU3.1.4-4_SOU5,109031,Reforço do sistema de justiça penal no combate aos tráficos ilícitos e criminalidade incluindo o apoio a reforma do sistema prisional (UNODC),UNODC,United Nations Office on Drugs and Crime,The US Government Department of State's Bureau of International Narcotics and Law Enforcement Affairs,Government,The United States of America,Government,80000,55000,,,73043,false,55000,false,,false,,false,,,,
1_SPSP 3-2_OC3,"Efeito 3.1: Até 2027, mais pessoas, especialmente mulheres, jovens e grupos vulneráveis, exercerão livremente os seus direitos, participarão e beneficiarão de instituições inclusivas, resilientes, transparentes e responsáveis e de um sistema de governação democrática mais modernizado, transformador e eficaz que defenda o Estado de direito, a nível nacional e local. / Outcome 3: By 2027, more people, especially women, youth and those in vulnerable groups, freely exercise their rights, participate in, and benefit from, inclusive, resilient, transparent, and accountable institutions and a more modernized, transformative and effective system of democratic governance that upholds the rule of law, at national and local levels.",1_SPSP 3-2_OC3-3_OU3.1.4,"Produto 3.1.4: Os sistemas de justiça e segurança são reforçados para melhorar o acesso, ser responsável, eficaz e eficiente, prevenir a violência, lutar contra o tráfico ilícito e os crimes, especialmente os crimes contra mulheres e crianças, e proporcionar uma solução eficaz.",2023-01-01,2026-12-31,1_SPSP 3-2_OC3-3_OU3.1.4-4_SOU5,109031,Reforço do sistema de justiça penal no combate aos tráficos ilícitos e criminalidade incluindo o apoio a reforma do sistema prisional (UNODC),UNODC,United Nations Office on Drugs and Crime,Regular Programme Of Technical Cooperation,Multilateral - Other,,,,,40000,,,false,,false,40000,false,,false,,,,
1_SPSP 3-2_OC3,"Efeito 3.1: Até 2027, mais pessoas, especialmente mulheres, jovens e grupos vulneráveis, exercerão livremente os seus direitos, participarão e beneficiarão de instituições inclusivas, resilientes, transparentes e responsáveis e de um sistema de governação democrática mais modernizado, transformador e eficaz que defenda o Estado de direito, a nível nacional e local. / Outcome 3: By 2027, more people, especially women, youth and those in vulnerable groups, freely exercise their rights, participate in, and benefit from, inclusive, resilient, transparent, and accountable institutions and a more modernized, transformative and effective system of democratic governance that upholds the rule of law, at national and local levels.",1_SPSP 3-2_OC3-3_OU3.1.4,"Produto 3.1.4: Os sistemas de justiça e segurança são reforçados para melhorar o acesso, ser responsável, eficaz e eficiente, prevenir a violência, lutar contra o tráfico ilícito e os crimes, especialmente os crimes contra mulheres e crianças, e proporcionar uma solução eficaz.",2023-03-01,2023-12-31,1_SPSP 3-2_OC3-3_OU3.1.4-4_SOU6,109033,Apoio à reforma do Sistema Prisional em conformidade com as regras de Mandela (UNODC),UNODC,United Nations Office on Drugs and Crime,,,,,,,,,,false,,false,,false,,false,30000,,,
1_SPSP 3-2_OC3,"Efeito 3.1: Até 2027, mais pessoas, especialmente mulheres, jovens e grupos vulneráveis, exercerão livremente os seus direitos, participarão e beneficiarão de instituições inclusivas, resilientes, transparentes e responsáveis e de um sistema de governação democrática mais modernizado, transformador e eficaz que defenda o Estado de direito, a nível nacional e local. / Outcome 3: By 2027, more people, especially women, youth and those in vulnerable groups, freely exercise their rights, participate in, and benefit from, inclusive, resilient, transparent, and accountable institutions and a more modernized, transformative and effective system of democratic governance that upholds the rule of law, at national and local levels.",1_SPSP 3-2_OC3-3_OU3.1.4,"Produto 3.1.4: Os sistemas de justiça e segurança são reforçados para melhorar o acesso, ser responsável, eficaz e eficiente, prevenir a violência, lutar contra o tráfico ilícito e os crimes, especialmente os crimes contra mulheres e crianças, e proporcionar uma solução eficaz.",2023-03-01,2023-12-31,1_SPSP 3-2_OC3-3_OU3.1.4-4_SOU6,109033,Apoio à reforma do Sistema Prisional em conformidade com as regras de Mandela (UNODC),UNODC,United Nations Office on Drugs and Crime,The US Government Department of State's Bureau of International Narcotics and Law Enforcement Affairs,Government,The United States of America,Government,15000,,,,5000,false,,false,,false,,false,,,,
1_SPSP 3-2_OC3,"Efeito 3.1: Até 2027, mais pessoas, especialmente mulheres, jovens e grupos vulneráveis, exercerão livremente os seus direitos, participarão e beneficiarão de instituições inclusivas, resilientes, transparentes e responsáveis e de um sistema de governação democrática mais modernizado, transformador e eficaz que defenda o Estado de direito, a nível nacional e local. / Outcome 3: By 2027, more people, especially women, youth and those in vulnerable groups, freely exercise their rights, participate in, and benefit from, inclusive, resilient, transparent, and accountable institutions and a more modernized, transformative and effective system of democratic governance that upholds the rule of law, at national and local levels.",1_SPSP 3-2_OC3-3_OU3.1.4,"Produto 3.1.4: Os sistemas de justiça e segurança são reforçados para melhorar o acesso, ser responsável, eficaz e eficiente, prevenir a violência, lutar contra o tráfico ilícito e os crimes, especialmente os crimes contra mulheres e crianças, e proporcionar uma solução eficaz.",2023-03-01,2026-12-31,1_SPSP 3-2_OC3-3_OU3.1.4-4_SOU7,109034,"Reforço das capacidades dos serviços de prevenção e de aplicação da lei no combate ao cybercrime, corrupção, lavagem de capitais e financiamento do terrorismo (UNODC)",UNODC,United Nations Office on Drugs and Crime,,,,,,,,,,false,,false,,false,,false,270000,265000,2000,2000
1_SPSP 3-2_OC3,"Efeito 3.1: Até 2027, mais pessoas, especialmente mulheres, jovens e grupos vulneráveis, exercerão livremente os seus direitos, participarão e beneficiarão de instituições inclusivas, resilientes, transparentes e responsáveis e de um sistema de governação democrática mais modernizado, transformador e eficaz que defenda o Estado de direito, a nível nacional e local. / Outcome 3: By 2027, more people, especially women, youth and those in vulnerable groups, freely exercise their rights, participate in, and benefit from, inclusive, resilient, transparent, and accountable institutions and a more modernized, transformative and effective system of democratic governance that upholds the rule of law, at national and local levels.",1_SPSP 3-2_OC3-3_OU3.1.4,"Produto 3.1.4: Os sistemas de justiça e segurança são reforçados para melhorar o acesso, ser responsável, eficaz e eficiente, prevenir a violência, lutar contra o tráfico ilícito e os crimes, especialmente os crimes contra mulheres e crianças, e proporcionar uma solução eficaz.",2023-03-01,2026-12-31,1_SPSP 3-2_OC3-3_OU3.1.4-4_SOU7,109034,"Reforço das capacidades dos serviços de prevenção e de aplicação da lei no combate ao cybercrime, corrupção, lavagem de capitais e financiamento do terrorismo (UNODC)",UNODC,United Nations Office on Drugs and Crime,The Joint SDG Fund,Multilateral - UN Inter-agency pooled funds,,,40000,,,,40000,false,,false,,false,,false,,,,
1_SPSP 3-2_OC3,"Efeito 3.1: Até 2027, mais pessoas, especialmente mulheres, jovens e grupos vulneráveis, exercerão livremente os seus direitos, participarão e beneficiarão de instituições inclusivas, resilientes, transparentes e responsáveis e de um sistema de governação democrática mais modernizado, transformador e eficaz que defenda o Estado de direito, a nível nacional e local. / Outcome 3: By 2027, more people, especially women, youth and those in vulnerable groups, freely exercise their rights, participate in, and benefit from, inclusive, resilient, transparent, and accountable institutions and a more modernized, transformative and effective system of democratic governance that upholds the rule of law, at national and local levels.",1_SPSP 3-2_OC3-3_OU3.1.4,"Produto 3.1.4: Os sistemas de justiça e segurança são reforçados para melhorar o acesso, ser responsável, eficaz e eficiente, prevenir a violência, lutar contra o tráfico ilícito e os crimes, especialmente os crimes contra mulheres e crianças, e proporcionar uma solução eficaz.",2023-03-01,2026-12-31,1_SPSP 3-2_OC3-3_OU3.1.4-4_SOU7,109034,"Reforço das capacidades dos serviços de prevenção e de aplicação da lei no combate ao cybercrime, corrupção, lavagem de capitais e financiamento do terrorismo (UNODC)",UNODC,United Nations Office on Drugs and Crime,European Union,EU Institutions,,,60000,10000,2000,2000,60000,false,10000,false,2000,false,,false,,,,
1_SPSP 3-2_OC3,"Efeito 3.1: Até 2027, mais pessoas, especialmente mulheres, jovens e grupos vulneráveis, exercerão livremente os seus direitos, participarão e beneficiarão de instituições inclusivas, resilientes, transparentes e responsáveis e de um sistema de governação democrática mais modernizado, transformador e eficaz que defenda o Estado de direito, a nível nacional e local. / Outcome 3: By 2027, more people, especially women, youth and those in vulnerable groups, freely exercise their rights, participate in, and benefit from, inclusive, resilient, transparent, and accountable institutions and a more modernized, transformative and effective system of democratic governance that upholds the rule of law, at national and local levels.",1_SPSP 3-2_OC3-3_OU3.1.4,"Produto 3.1.4: Os sistemas de justiça e segurança são reforçados para melhorar o acesso, ser responsável, eficaz e eficiente, prevenir a violência, lutar contra o tráfico ilícito e os crimes, especialmente os crimes contra mulheres e crianças, e proporcionar uma solução eficaz.",2023-03-01,2026-12-31,1_SPSP 3-2_OC3-3_OU3.1.4-4_SOU7,109034,"Reforço das capacidades dos serviços de prevenção e de aplicação da lei no combate ao cybercrime, corrupção, lavagem de capitais e financiamento do terrorismo (UNODC)",UNODC,United Nations Office on Drugs and Crime,The US Government Department of State's Bureau of International Narcotics and Law Enforcement Affairs,Government,The United States of America,Government,270000,135000,,,240000,false,135000,false,,false,,false,,,,
1_SPSP 3-2_OC3,"Efeito 3.1: Até 2027, mais pessoas, especialmente mulheres, jovens e grupos vulneráveis, exercerão livremente os seus direitos, participarão e beneficiarão de instituições inclusivas, resilientes, transparentes e responsáveis e de um sistema de governação democrática mais modernizado, transformador e eficaz que defenda o Estado de direito, a nível nacional e local. / Outcome 3: By 2027, more people, especially women, youth and those in vulnerable groups, freely exercise their rights, participate in, and benefit from, inclusive, resilient, transparent, and accountable institutions and a more modernized, transformative and effective system of democratic governance that upholds the rule of law, at national and local levels.",1_SPSP 3-2_OC3-3_OU3.1.4,"Produto 3.1.4: Os sistemas de justiça e segurança são reforçados para melhorar o acesso, ser responsável, eficaz e eficiente, prevenir a violência, lutar contra o tráfico ilícito e os crimes, especialmente os crimes contra mulheres e crianças, e proporcionar uma solução eficaz.",2023-01-01,2023-12-31,1_SPSP 3-2_OC3-3_OU3.1.4-4_SOU8,109036,Prestação de assistência no ambito da prevenção da corrupção e promoção da cultura de integridade no setor público e privado (UNODC),UNODC,United Nations Office on Drugs and Crime,,,,,,,,,,true,,false,,false,,false,100000,,,
1_SPSP 3-2_OC3,"Efeito 3.1: Até 2027, mais pessoas, especialmente mulheres, jovens e grupos vulneráveis, exercerão livremente os seus direitos, participarão e beneficiarão de instituições inclusivas, resilientes, transparentes e responsáveis e de um sistema de governação democrática mais modernizado, transformador e eficaz que defenda o Estado de direito, a nível nacional e local. / Outcome 3: By 2027, more people, especially women, youth and those in vulnerable groups, freely exercise their rights, participate in, and benefit from, inclusive, resilient, transparent, and accountable institutions and a more modernized, transformative and effective system of democratic governance that upholds the rule of law, at national and local levels.",1_SPSP 3-2_OC3-3_OU3.1.4,"Produto 3.1.4: Os sistemas de justiça e segurança são reforçados para melhorar o acesso, ser responsável, eficaz e eficiente, prevenir a violência, lutar contra o tráfico ilícito e os crimes, especialmente os crimes contra mulheres e crianças, e proporcionar uma solução eficaz.",2023-01-01,2023-12-31,1_SPSP 3-2_OC3-3_OU3.1.4-4_SOU8,109036,Prestação de assistência no ambito da prevenção da corrupção e promoção da cultura de integridade no setor público e privado (UNODC),UNODC,United Nations Office on Drugs and Crime,The Joint SDG Fund,Multilateral - UN Inter-agency pooled funds,,,40000,,,,40000,true,,false,,false,,false,,,,
1_SPSP 3-2_OC3,"Efeito 3.1: Até 2027, mais pessoas, especialmente mulheres, jovens e grupos vulneráveis, exercerão livremente os seus direitos, participarão e beneficiarão de instituições inclusivas, resilientes, transparentes e responsáveis e de um sistema de governação democrática mais modernizado, transformador e eficaz que defenda o Estado de direito, a nível nacional e local. / Outcome 3: By 2027, more people, especially women, youth and those in vulnerable groups, freely exercise their rights, participate in, and benefit from, inclusive, resilient, transparent, and accountable institutions and a more modernized, transformative and effective system of democratic governance that upholds the rule of law, at national and local levels.",1_SPSP 3-2_OC3-3_OU3.1.4,"Produto 3.1.4: Os sistemas de justiça e segurança são reforçados para melhorar o acesso, ser responsável, eficaz e eficiente, prevenir a violência, lutar contra o tráfico ilícito e os crimes, especialmente os crimes contra mulheres e crianças, e proporcionar uma solução eficaz.",2023-01-01,2023-12-31,1_SPSP 3-2_OC3-3_OU3.1.4-4_SOU8,109036,Prestação de assistência no ambito da prevenção da corrupção e promoção da cultura de integridade no setor público e privado (UNODC),UNODC,United Nations Office on Drugs and Crime,European Union,EU Institutions,,,60000,,,,60000,true,,false,,false,,false,,,,
1_SPSP 3-2_OC3,"Efeito 3.1: Até 2027, mais pessoas, especialmente mulheres, jovens e grupos vulneráveis, exercerão livremente os seus direitos, participarão e beneficiarão de instituições inclusivas, resilientes, transparentes e responsáveis e de um sistema de governação democrática mais modernizado, transformador e eficaz que defenda o Estado de direito, a nível nacional e local. / Outcome 3: By 2027, more people, especially women, youth and those in vulnerable groups, freely exercise their rights, participate in, and benefit from, inclusive, resilient, transparent, and accountable institutions and a more modernized, transformative and effective system of democratic governance that upholds the rule of law, at national and local levels.",1_SPSP 3-2_OC3-3_OU3.1.4,"Produto 3.1.4: Os sistemas de justiça e segurança são reforçados para melhorar o acesso, ser responsável, eficaz e eficiente, prevenir a violência, lutar contra o tráfico ilícito e os crimes, especialmente os crimes contra mulheres e crianças, e proporcionar uma solução eficaz.",2023-01-01,2023-12-31,1_SPSP 3-2_OC3-3_OU3.1.4-4_SOU9,109037,Reforço das capacidades dos serviços de aplicação da lei na prevenção e luta contra a lavagem de capitais e financiamento do terrorismo (UNODC),UNODC,United Nations Office on Drugs and Crime,,,,,,,,,,false,,false,,false,,false,80000,,,
1_SPSP 3-2_OC3,"Efeito 3.1: Até 2027, mais pessoas, especialmente mulheres, jovens e grupos vulneráveis, exercerão livremente os seus direitos, participarão e beneficiarão de instituições inclusivas, resilientes, transparentes e responsáveis e de um sistema de governação democrática mais modernizado, transformador e eficaz que defenda o Estado de direito, a nível nacional e local. / Outcome 3: By 2027, more people, especially women, youth and those in vulnerable groups, freely exercise their rights, participate in, and benefit from, inclusive, resilient, transparent, and accountable institutions and a more modernized, transformative and effective system of democratic governance that upholds the rule of law, at national and local levels.",1_SPSP 3-2_OC3-3_OU3.1.4,"Produto 3.1.4: Os sistemas de justiça e segurança são reforçados para melhorar o acesso, ser responsável, eficaz e eficiente, prevenir a violência, lutar contra o tráfico ilícito e os crimes, especialmente os crimes contra mulheres e crianças, e proporcionar uma solução eficaz.",2023-01-01,2023-12-31,1_SPSP 3-2_OC3-3_OU3.1.4-4_SOU9,109037,Reforço das capacidades dos serviços de aplicação da lei na prevenção e luta contra a lavagem de capitais e financiamento do terrorismo (UNODC),UNODC,United Nations Office on Drugs and Crime,The US Government Department of State's Bureau of International Narcotics and Law Enforcement Affairs,Government,The United States of America,Government,70000,,,,70000,false,,false,,false,,false,,,,
1_SPSP 3-2_OC3,"Efeito 3.1: Até 2027, mais pessoas, especialmente mulheres, jovens e grupos vulneráveis, exercerão livremente os seus direitos, participarão e beneficiarão de instituições inclusivas, resilientes, transparentes e responsáveis e de um sistema de governação democrática mais modernizado, transformador e eficaz que defenda o Estado de direito, a nível nacional e local. / Outcome 3: By 2027, more people, especially women, youth and those in vulnerable groups, freely exercise their rights, participate in, and benefit from, inclusive, resilient, transparent, and accountable institutions and a more modernized, transformative and effective system of democratic governance that upholds the rule of law, at national and local levels.",1_SPSP 3-2_OC3-3_OU3.1.4,"Produto 3.1.4: Os sistemas de justiça e segurança são reforçados para melhorar o acesso, ser responsável, eficaz e eficiente, prevenir a violência, lutar contra o tráfico ilícito e os crimes, especialmente os crimes contra mulheres e crianças, e proporcionar uma solução eficaz.",2023-01-01,2024-12-31,1_SPSP 3-2_OC3-3_OU3.1.4-4_SOU10,109039,"Reforço da Cooperação Judiciaria Internacional (assistência jurídica mutua, extradição) (UNODC)",UNODC,United Nations Office on Drugs and Crime,,,,,,,,,,false,,false,,false,,false,70000,50000,,
1_SPSP 3-2_OC3,"Efeito 3.1: Até 2027, mais pessoas, especialmente mulheres, jovens e grupos vulneráveis, exercerão livremente os seus direitos, participarão e beneficiarão de instituições inclusivas, resilientes, transparentes e responsáveis e de um sistema de governação democrática mais modernizado, transformador e eficaz que defenda o Estado de direito, a nível nacional e local. / Outcome 3: By 2027, more people, especially women, youth and those in vulnerable groups, freely exercise their rights, participate in, and benefit from, inclusive, resilient, transparent, and accountable institutions and a more modernized, transformative and effective system of democratic governance that upholds the rule of law, at national and local levels.",1_SPSP 3-2_OC3-3_OU3.1.4,"Produto 3.1.4: Os sistemas de justiça e segurança são reforçados para melhorar o acesso, ser responsável, eficaz e eficiente, prevenir a violência, lutar contra o tráfico ilícito e os crimes, especialmente os crimes contra mulheres e crianças, e proporcionar uma solução eficaz.",2023-01-01,2024-12-31,1_SPSP 3-2_OC3-3_OU3.1.4-4_SOU10,109039,"Reforço da Cooperação Judiciaria Internacional (assistência jurídica mutua, extradição) (UNODC)",UNODC,United Nations Office on Drugs and Crime,Germany,Government,,,30000,,,,30000,false,,false,,false,,false,,,,
1_SPSP 3-2_OC3,"Efeito 3.1: Até 2027, mais pessoas, especialmente mulheres, jovens e grupos vulneráveis, exercerão livremente os seus direitos, participarão e beneficiarão de instituições inclusivas, resilientes, transparentes e responsáveis e de um sistema de governação democrática mais modernizado, transformador e eficaz que defenda o Estado de direito, a nível nacional e local. / Outcome 3: By 2027, more people, especially women, youth and those in vulnerable groups, freely exercise their rights, participate in, and benefit from, inclusive, resilient, transparent, and accountable institutions and a more modernized, transformative and effective system of democratic governance that upholds the rule of law, at national and local levels.",1_SPSP 3-2_OC3-3_OU3.1.4,"Produto 3.1.4: Os sistemas de justiça e segurança são reforçados para melhorar o acesso, ser responsável, eficaz e eficiente, prevenir a violência, lutar contra o tráfico ilícito e os crimes, especialmente os crimes contra mulheres e crianças, e proporcionar uma solução eficaz.",2023-01-01,2024-12-31,1_SPSP 3-2_OC3-3_OU3.1.4-4_SOU10,109039,"Reforço da Cooperação Judiciaria Internacional (assistência jurídica mutua, extradição) (UNODC)",UNODC,United Nations Office on Drugs and Crime,The US Government Department of State's Bureau of International Narcotics and Law Enforcement Affairs,Government,The United States of America,Government,30000,30000,,,30000,false,30000,false,,false,,false,,,,
1_SPSP 3-2_OC3,"Efeito 3.1: Até 2027, mais pessoas, especialmente mulheres, jovens e grupos vulneráveis, exercerão livremente os seus direitos, participarão e beneficiarão de instituições inclusivas, resilientes, transparentes e responsáveis e de um sistema de governação democrática mais modernizado, transformador e eficaz que defenda o Estado de direito, a nível nacional e local. / Outcome 3: By 2027, more people, especially women, youth and those in vulnerable groups, freely exercise their rights, participate in, and benefit from, inclusive, resilient, transparent, and accountable institutions and a more modernized, transformative and effective system of democratic governance that upholds the rule of law, at national and local levels.",1_SPSP 3-2_OC3-3_OU3.1.4,"Produto 3.1.4: Os sistemas de justiça e segurança são reforçados para melhorar o acesso, ser responsável, eficaz e eficiente, prevenir a violência, lutar contra o tráfico ilícito e os crimes, especialmente os crimes contra mulheres e crianças, e proporcionar uma solução eficaz.",2023-04-01,2023-12-31,1_SPSP 3-2_OC3-3_OU3.1.4-4_SOU11,109040,Reforço das capacidades dos serviços de aplicação da Lei e setores de prevenção em matéria de luta contra o cibercrime (UNODC),UNODC,United Nations Office on Drugs and Crime,,,,,,,,,,false,,false,,false,,false,40000,,,
1_SPSP 3-2_OC3,"Efeito 3.1: Até 2027, mais pessoas, especialmente mulheres, jovens e grupos vulneráveis, exercerão livremente os seus direitos, participarão e beneficiarão de instituições inclusivas, resilientes, transparentes e responsáveis e de um sistema de governação democrática mais modernizado, transformador e eficaz que defenda o Estado de direito, a nível nacional e local. / Outcome 3: By 2027, more people, especially women, youth and those in vulnerable groups, freely exercise their rights, participate in, and benefit from, inclusive, resilient, transparent, and accountable institutions and a more modernized, transformative and effective system of democratic governance that upholds the rule of law, at national and local levels.",1_SPSP 3-2_OC3-3_OU3.1.4,"Produto 3.1.4: Os sistemas de justiça e segurança são reforçados para melhorar o acesso, ser responsável, eficaz e eficiente, prevenir a violência, lutar contra o tráfico ilícito e os crimes, especialmente os crimes contra mulheres e crianças, e proporcionar uma solução eficaz.",2023-04-01,2023-12-31,1_SPSP 3-2_OC3-3_OU3.1.4-4_SOU11,109040,Reforço das capacidades dos serviços de aplicação da Lei e setores de prevenção em matéria de luta contra o cibercrime (UNODC),UNODC,United Nations Office on Drugs and Crime,The US Government Department of State's Bureau of International Narcotics and Law Enforcement Affairs,Government,The United States of America,Government,40000,,,,40000,false,,false,,false,,false,,,,
1_SPSP 3-2_OC3,"Efeito 3.1: Até 2027, mais pessoas, especialmente mulheres, jovens e grupos vulneráveis, exercerão livremente os seus direitos, participarão e beneficiarão de instituições inclusivas, resilientes, transparentes e responsáveis e de um sistema de governação democrática mais modernizado, transformador e eficaz que defenda o Estado de direito, a nível nacional e local. / Outcome 3: By 2027, more people, especially women, youth and those in vulnerable groups, freely exercise their rights, participate in, and benefit from, inclusive, resilient, transparent, and accountable institutions and a more modernized, transformative and effective system of democratic governance that upholds the rule of law, at national and local levels.",1_SPSP 3-2_OC3-3_OU3.1.4,"Produto 3.1.4: Os sistemas de justiça e segurança são reforçados para melhorar o acesso, ser responsável, eficaz e eficiente, prevenir a violência, lutar contra o tráfico ilícito e os crimes, especialmente os crimes contra mulheres e crianças, e proporcionar uma solução eficaz.",2023-03-01,2023-12-31,1_SPSP 3-2_OC3-3_OU3.1.4-4_SOU12,109043,"Reforço das capacidades do sistema judicial na utilização de soluções inovadoras para a prestação da justiça, particularmente às mulheres (UNDP, UNICEF)",UNDP,United Nations Development Programme,,,,,,,,,,true,,false,,false,,false,115000,,,
1_SPSP 3-2_OC3,"Efeito 3.1: Até 2027, mais pessoas, especialmente mulheres, jovens e grupos vulneráveis, exercerão livremente os seus direitos, participarão e beneficiarão de instituições inclusivas, resilientes, transparentes e responsáveis e de um sistema de governação democrática mais modernizado, transformador e eficaz que defenda o Estado de direito, a nível nacional e local. / Outcome 3: By 2027, more people, especially women, youth and those in vulnerable groups, freely exercise their rights, participate in, and benefit from, inclusive, resilient, transparent, and accountable institutions and a more modernized, transformative and effective system of democratic governance that upholds the rule of law, at national and local levels.",1_SPSP 3-2_OC3-3_OU3.1.4,"Produto 3.1.4: Os sistemas de justiça e segurança são reforçados para melhorar o acesso, ser responsável, eficaz e eficiente, prevenir a violência, lutar contra o tráfico ilícito e os crimes, especialmente os crimes contra mulheres e crianças, e proporcionar uma solução eficaz.",2023-03-01,2023-12-31,1_SPSP 3-2_OC3-3_OU3.1.4-4_SOU12,109043,"Reforço das capacidades do sistema judicial na utilização de soluções inovadoras para a prestação da justiça, particularmente às mulheres (UNDP, UNICEF)",UNDP,United Nations Development Programme,Core Funding,Multilateral - UN organizations excluding pooled funds,,,60000,,,,60000,true,,false,,false,,false,,,,
1_SPSP 3-2_OC3,"Efeito 3.1: Até 2027, mais pessoas, especialmente mulheres, jovens e grupos vulneráveis, exercerão livremente os seus direitos, participarão e beneficiarão de instituições inclusivas, resilientes, transparentes e responsáveis e de um sistema de governação democrática mais modernizado, transformador e eficaz que defenda o Estado de direito, a nível nacional e local. / Outcome 3: By 2027, more people, especially women, youth and those in vulnerable groups, freely exercise their rights, participate in, and benefit from, inclusive, resilient, transparent, and accountable institutions and a more modernized, transformative and effective system of democratic governance that upholds the rule of law, at national and local levels.",1_SPSP 3-2_OC3-3_OU3.1.4,"Produto 3.1.4: Os sistemas de justiça e segurança são reforçados para melhorar o acesso, ser responsável, eficaz e eficiente, prevenir a violência, lutar contra o tráfico ilícito e os crimes, especialmente os crimes contra mulheres e crianças, e proporcionar uma solução eficaz.",2023-03-01,2023-12-31,1_SPSP 3-2_OC3-3_OU3.1.4-4_SOU12,109043,"Reforço das capacidades do sistema judicial na utilização de soluções inovadoras para a prestação da justiça, particularmente às mulheres (UNDP, UNICEF)",UNICEF,United Nations Children's Fund,,,,,,,,,,true,,false,,false,,false,20000,,,
1_SPSP 3-2_OC3,"Efeito 3.1: Até 2027, mais pessoas, especialmente mulheres, jovens e grupos vulneráveis, exercerão livremente os seus direitos, participarão e beneficiarão de instituições inclusivas, resilientes, transparentes e responsáveis e de um sistema de governação democrática mais modernizado, transformador e eficaz que defenda o Estado de direito, a nível nacional e local. / Outcome 3: By 2027, more people, especially women, youth and those in vulnerable groups, freely exercise their rights, participate in, and benefit from, inclusive, resilient, transparent, and accountable institutions and a more modernized, transformative and effective system of democratic governance that upholds the rule of law, at national and local levels.",1_SPSP 3-2_OC3-3_OU3.1.4,"Produto 3.1.4: Os sistemas de justiça e segurança são reforçados para melhorar o acesso, ser responsável, eficaz e eficiente, prevenir a violência, lutar contra o tráfico ilícito e os crimes, especialmente os crimes contra mulheres e crianças, e proporcionar uma solução eficaz.",2023-03-01,2023-12-31,1_SPSP 3-2_OC3-3_OU3.1.4-4_SOU12,109043,"Reforço das capacidades do sistema judicial na utilização de soluções inovadoras para a prestação da justiça, particularmente às mulheres (UNDP, UNICEF)",UNICEF,United Nations Children's Fund,Core Funding,Multilateral - UN organizations excluding pooled funds,,,20000,,,,20000,true,,false,,false,,false,,,,
1_SPSP 3-2_OC3,"Efeito 3.1: Até 2027, mais pessoas, especialmente mulheres, jovens e grupos vulneráveis, exercerão livremente os seus direitos, participarão e beneficiarão de instituições inclusivas, resilientes, transparentes e responsáveis e de um sistema de governação democrática mais modernizado, transformador e eficaz que defenda o Estado de direito, a nível nacional e local. / Outcome 3: By 2027, more people, especially women, youth and those in vulnerable groups, freely exercise their rights, participate in, and benefit from, inclusive, resilient, transparent, and accountable institutions and a more modernized, transformative and effective system of democratic governance that upholds the rule of law, at national and local levels.",1_SPSP 3-2_OC3-3_OU3.1.4,"Produto 3.1.4: Os sistemas de justiça e segurança são reforçados para melhorar o acesso, ser responsável, eficaz e eficiente, prevenir a violência, lutar contra o tráfico ilícito e os crimes, especialmente os crimes contra mulheres e crianças, e proporcionar uma solução eficaz.",2023-03-01,2023-12-31,1_SPSP 3-2_OC3-3_OU3.1.4-4_SOU13,109044,"Desenvolvimento de uma plataforma digital para a denuncia de casos de violencia contra a criança, a nivel nacional (UNDP)",UNDP,United Nations Development Programme,,,,,,,,,,false,,false,,false,,false,30000,,,
1_SPSP 3-2_OC3,"Efeito 3.1: Até 2027, mais pessoas, especialmente mulheres, jovens e grupos vulneráveis, exercerão livremente os seus direitos, participarão e beneficiarão de instituições inclusivas, resilientes, transparentes e responsáveis e de um sistema de governação democrática mais modernizado, transformador e eficaz que defenda o Estado de direito, a nível nacional e local. / Outcome 3: By 2027, more people, especially women, youth and those in vulnerable groups, freely exercise their rights, participate in, and benefit from, inclusive, resilient, transparent, and accountable institutions and a more modernized, transformative and effective system of democratic governance that upholds the rule of law, at national and local levels.",1_SPSP 3-2_OC3-3_OU3.1.4,"Produto 3.1.4: Os sistemas de justiça e segurança são reforçados para melhorar o acesso, ser responsável, eficaz e eficiente, prevenir a violência, lutar contra o tráfico ilícito e os crimes, especialmente os crimes contra mulheres e crianças, e proporcionar uma solução eficaz.",2023-03-01,2023-12-31,1_SPSP 3-2_OC3-3_OU3.1.4-4_SOU13,109044,"Desenvolvimento de uma plataforma digital para a denuncia de casos de violencia contra a criança, a nivel nacional (UNDP)",UNDP,United Nations Development Programme,Core Funding,Multilateral - UN organizations excluding pooled funds,,,,,,,,false,,false,,false,,false,,,,
1_SPSP 3-2_OC3,"Efeito 3.1: Até 2027, mais pessoas, especialmente mulheres, jovens e grupos vulneráveis, exercerão livremente os seus direitos, participarão e beneficiarão de instituições inclusivas, resilientes, transparentes e responsáveis e de um sistema de governação democrática mais modernizado, transformador e eficaz que defenda o Estado de direito, a nível nacional e local. / Outcome 3: By 2027, more people, especially women, youth and those in vulnerable groups, freely exercise their rights, participate in, and benefit from, inclusive, resilient, transparent, and accountable institutions and a more modernized, transformative and effective system of democratic governance that upholds the rule of law, at national and local levels.",1_SPSP 3-2_OC3-3_OU3.1.4,"Produto 3.1.4: Os sistemas de justiça e segurança são reforçados para melhorar o acesso, ser responsável, eficaz e eficiente, prevenir a violência, lutar contra o tráfico ilícito e os crimes, especialmente os crimes contra mulheres e crianças, e proporcionar uma solução eficaz.",2023-01-01,2026-12-31,1_SPSP 3-2_OC3-3_OU3.1.4-4_SOU14,109046,Reforço das capacidades do sistema de justiça penal e de segurança na prevenção e repressão do crime marítimo (UNODC),UNODC,United Nations Office on Drugs and Crime,,,,,,,,,,true,,false,,false,,false,133000,155000,102000,18000
1_SPSP 3-2_OC3,"Efeito 3.1: Até 2027, mais pessoas, especialmente mulheres, jovens e grupos vulneráveis, exercerão livremente os seus direitos, participarão e beneficiarão de instituições inclusivas, resilientes, transparentes e responsáveis e de um sistema de governação democrática mais modernizado, transformador e eficaz que defenda o Estado de direito, a nível nacional e local. / Outcome 3: By 2027, more people, especially women, youth and those in vulnerable groups, freely exercise their rights, participate in, and benefit from, inclusive, resilient, transparent, and accountable institutions and a more modernized, transformative and effective system of democratic governance that upholds the rule of law, at national and local levels.",1_SPSP 3-2_OC3-3_OU3.1.4,"Produto 3.1.4: Os sistemas de justiça e segurança são reforçados para melhorar o acesso, ser responsável, eficaz e eficiente, prevenir a violência, lutar contra o tráfico ilícito e os crimes, especialmente os crimes contra mulheres e crianças, e proporcionar uma solução eficaz.",2023-01-01,2026-12-31,1_SPSP 3-2_OC3-3_OU3.1.4-4_SOU14,109046,Reforço das capacidades do sistema de justiça penal e de segurança na prevenção e repressão do crime marítimo (UNODC),UNODC,United Nations Office on Drugs and Crime,European Union,EU Institutions,,,120000,120000,93000,18000,120000,true,120000,false,93000,false,,false,,,,
1_SPSP 3-2_OC3,"Efeito 3.1: Até 2027, mais pessoas, especialmente mulheres, jovens e grupos vulneráveis, exercerão livremente os seus direitos, participarão e beneficiarão de instituições inclusivas, resilientes, transparentes e responsáveis e de um sistema de governação democrática mais modernizado, transformador e eficaz que defenda o Estado de direito, a nível nacional e local. / Outcome 3: By 2027, more people, especially women, youth and those in vulnerable groups, freely exercise their rights, participate in, and benefit from, inclusive, resilient, transparent, and accountable institutions and a more modernized, transformative and effective system of democratic governance that upholds the rule of law, at national and local levels.",1_SPSP 3-2_OC3-3_OU3.1.4,"Produto 3.1.4: Os sistemas de justiça e segurança são reforçados para melhorar o acesso, ser responsável, eficaz e eficiente, prevenir a violência, lutar contra o tráfico ilícito e os crimes, especialmente os crimes contra mulheres e crianças, e proporcionar uma solução eficaz.",2023-01-01,2026-12-31,1_SPSP 3-2_OC3-3_OU3.1.4-4_SOU14,109046,Reforço das capacidades do sistema de justiça penal e de segurança na prevenção e repressão do crime marítimo (UNODC),UNODC,United Nations Office on Drugs and Crime,Bureau of International Narcotics and Law Enforcement Affairs,International NGO,,,,,9000,,,true,,false,9000,false,,false,,,,
1_SPSP 3-2_OC3,"Efeito 3.1: Até 2027, mais pessoas, especialmente mulheres, jovens e grupos vulneráveis, exercerão livremente os seus direitos, participarão e beneficiarão de instituições inclusivas, resilientes, transparentes e responsáveis e de um sistema de governação democrática mais modernizado, transformador e eficaz que defenda o Estado de direito, a nível nacional e local. / Outcome 3: By 2027, more people, especially women, youth and those in vulnerable groups, freely exercise their rights, participate in, and benefit from, inclusive, resilient, transparent, and accountable institutions and a more modernized, transformative and effective system of democratic governance that upholds the rule of law, at national and local levels.",1_SPSP 3-2_OC3-3_OU3.1.4,"Produto 3.1.4: Os sistemas de justiça e segurança são reforçados para melhorar o acesso, ser responsável, eficaz e eficiente, prevenir a violência, lutar contra o tráfico ilícito e os crimes, especialmente os crimes contra mulheres e crianças, e proporcionar uma solução eficaz.",2023-01-01,2026-12-31,1_SPSP 3-2_OC3-3_OU3.1.4-4_SOU14,109046,Reforço das capacidades do sistema de justiça penal e de segurança na prevenção e repressão do crime marítimo (UNODC),UNODC,United Nations Office on Drugs and Crime,Germany,Government,,,13000,35000,,,13000,true,35000,false,,false,,false,,,,
1_SPSP 3-2_OC3,"Efeito 3.1: Até 2027, mais pessoas, especialmente mulheres, jovens e grupos vulneráveis, exercerão livremente os seus direitos, participarão e beneficiarão de instituições inclusivas, resilientes, transparentes e responsáveis e de um sistema de governação democrática mais modernizado, transformador e eficaz que defenda o Estado de direito, a nível nacional e local. / Outcome 3: By 2027, more people, especially women, youth and those in vulnerable groups, freely exercise their rights, participate in, and benefit from, inclusive, resilient, transparent, and accountable institutions and a more modernized, transformative and effective system of democratic governance that upholds the rule of law, at national and local levels.",1_SPSP 3-2_OC3-3_OU3.1.4,"Produto 3.1.4: Os sistemas de justiça e segurança são reforçados para melhorar o acesso, ser responsável, eficaz e eficiente, prevenir a violência, lutar contra o tráfico ilícito e os crimes, especialmente os crimes contra mulheres e crianças, e proporcionar uma solução eficaz.",2025-01-01,2026-12-31,1_SPSP 3-2_OC3-3_OU3.1.4-4_SOU247,179558,Reforço da capacidade do sistema da justiça penal na prevenção e combate do Crime Marítimo para o ano de 2025,UNODC,United Nations Office on Drugs and Crime,,,,,,,,,,false,,false,,false,,false,,,100000,30000
1_SPSP 3-2_OC3,"Efeito 3.1: Até 2027, mais pessoas, especialmente mulheres, jovens e grupos vulneráveis, exercerão livremente os seus direitos, participarão e beneficiarão de instituições inclusivas, resilientes, transparentes e responsáveis e de um sistema de governação democrática mais modernizado, transformador e eficaz que defenda o Estado de direito, a nível nacional e local. / Outcome 3: By 2027, more people, especially women, youth and those in vulnerable groups, freely exercise their rights, participate in, and benefit from, inclusive, resilient, transparent, and accountable institutions and a more modernized, transformative and effective system of democratic governance that upholds the rule of law, at national and local levels.",1_SPSP 3-2_OC3-3_OU3.1.4,"Produto 3.1.4: Os sistemas de justiça e segurança são reforçados para melhorar o acesso, ser responsável, eficaz e eficiente, prevenir a violência, lutar contra o tráfico ilícito e os crimes, especialmente os crimes contra mulheres e crianças, e proporcionar uma solução eficaz.",2025-01-01,2026-12-31,1_SPSP 3-2_OC3-3_OU3.1.4-4_SOU247,179558,Reforço da capacidade do sistema da justiça penal na prevenção e combate do Crime Marítimo para o ano de 2025,UNODC,United Nations Office on Drugs and Crime,European Union,EU Institutions,,,,,100000,10000,,false,,false,30073,false,,false,,,,
1_SPSP 3-2_OC3,"Efeito 3.1: Até 2027, mais pessoas, especialmente mulheres, jovens e grupos vulneráveis, exercerão livremente os seus direitos, participarão e beneficiarão de instituições inclusivas, resilientes, transparentes e responsáveis e de um sistema de governação democrática mais modernizado, transformador e eficaz que defenda o Estado de direito, a nível nacional e local. / Outcome 3: By 2027, more people, especially women, youth and those in vulnerable groups, freely exercise their rights, participate in, and benefit from, inclusive, resilient, transparent, and accountable institutions and a more modernized, transformative and effective system of democratic governance that upholds the rule of law, at national and local levels.",1_SPSP 3-2_OC3-3_OU3.1.4,"Produto 3.1.4: Os sistemas de justiça e segurança são reforçados para melhorar o acesso, ser responsável, eficaz e eficiente, prevenir a violência, lutar contra o tráfico ilícito e os crimes, especialmente os crimes contra mulheres e crianças, e proporcionar uma solução eficaz.",2025-01-01,2026-12-31,1_SPSP 3-2_OC3-3_OU3.1.4-4_SOU253,179637,"Apoio à formulação do novo Programa Nacional Integrado sobre Drogas e Crime ",UNODC,United Nations Office on Drugs and Crime,,,,,,,,,,false,,false,,false,,false,,,5000,5000
1_SPSP 3-2_OC3,"Efeito 3.1: Até 2027, mais pessoas, especialmente mulheres, jovens e grupos vulneráveis, exercerão livremente os seus direitos, participarão e beneficiarão de instituições inclusivas, resilientes, transparentes e responsáveis e de um sistema de governação democrática mais modernizado, transformador e eficaz que defenda o Estado de direito, a nível nacional e local. / Outcome 3: By 2027, more people, especially women, youth and those in vulnerable groups, freely exercise their rights, participate in, and benefit from, inclusive, resilient, transparent, and accountable institutions and a more modernized, transformative and effective system of democratic governance that upholds the rule of law, at national and local levels.",1_SPSP 3-2_OC3-3_OU3.1.4,"Produto 3.1.4: Os sistemas de justiça e segurança são reforçados para melhorar o acesso, ser responsável, eficaz e eficiente, prevenir a violência, lutar contra o tráfico ilícito e os crimes, especialmente os crimes contra mulheres e crianças, e proporcionar uma solução eficaz.",2025-01-01,2026-12-31,1_SPSP 3-2_OC3-3_OU3.1.4-4_SOU253,179637,"Apoio à formulação do novo Programa Nacional Integrado sobre Drogas e Crime ",UNODC,United Nations Office on Drugs and Crime,Core Funding,Multilateral - UN organizations excluding pooled funds,,,,,3000,3000,,false,,false,3000,false,,false,,,,
1_SPSP 3-2_OC3,"Efeito 3.1: Até 2027, mais pessoas, especialmente mulheres, jovens e grupos vulneráveis, exercerão livremente os seus direitos, participarão e beneficiarão de instituições inclusivas, resilientes, transparentes e responsáveis e de um sistema de governação democrática mais modernizado, transformador e eficaz que defenda o Estado de direito, a nível nacional e local. / Outcome 3: By 2027, more people, especially women, youth and those in vulnerable groups, freely exercise their rights, participate in, and benefit from, inclusive, resilient, transparent, and accountable institutions and a more modernized, transformative and effective system of democratic governance that upholds the rule of law, at national and local levels.",1_SPSP 3-2_OC3-3_OU3.1.4,"Produto 3.1.4: Os sistemas de justiça e segurança são reforçados para melhorar o acesso, ser responsável, eficaz e eficiente, prevenir a violência, lutar contra o tráfico ilícito e os crimes, especialmente os crimes contra mulheres e crianças, e proporcionar uma solução eficaz.",2025-01-01,2026-12-31,1_SPSP 3-2_OC3-3_OU3.1.4-4_SOU263,179758,Reforço do controlo do tráfico ilícito nos Portos e Aeroportos - 2025,UNODC,United Nations Office on Drugs and Crime,,,,,,,,,,false,,false,,false,,false,,,5000,5000
1_SPSP 3-2_OC3,"Efeito 3.1: Até 2027, mais pessoas, especialmente mulheres, jovens e grupos vulneráveis, exercerão livremente os seus direitos, participarão e beneficiarão de instituições inclusivas, resilientes, transparentes e responsáveis e de um sistema de governação democrática mais modernizado, transformador e eficaz que defenda o Estado de direito, a nível nacional e local. / Outcome 3: By 2027, more people, especially women, youth and those in vulnerable groups, freely exercise their rights, participate in, and benefit from, inclusive, resilient, transparent, and accountable institutions and a more modernized, transformative and effective system of democratic governance that upholds the rule of law, at national and local levels.",1_SPSP 3-2_OC3-3_OU3.1.4,"Produto 3.1.4: Os sistemas de justiça e segurança são reforçados para melhorar o acesso, ser responsável, eficaz e eficiente, prevenir a violência, lutar contra o tráfico ilícito e os crimes, especialmente os crimes contra mulheres e crianças, e proporcionar uma solução eficaz.",2025-01-01,2026-12-31,1_SPSP 3-2_OC3-3_OU3.1.4-4_SOU263,179758,Reforço do controlo do tráfico ilícito nos Portos e Aeroportos - 2025,UNODC,United Nations Office on Drugs and Crime,Core Funding,Multilateral - UN organizations excluding pooled funds,,,,,5000,5000,,false,,false,5000,false,,false,,,,
1_SPSP 3-2_OC3,"Efeito 3.1: Até 2027, mais pessoas, especialmente mulheres, jovens e grupos vulneráveis, exercerão livremente os seus direitos, participarão e beneficiarão de instituições inclusivas, resilientes, transparentes e responsáveis e de um sistema de governação democrática mais modernizado, transformador e eficaz que defenda o Estado de direito, a nível nacional e local. / Outcome 3: By 2027, more people, especially women, youth and those in vulnerable groups, freely exercise their rights, participate in, and benefit from, inclusive, resilient, transparent, and accountable institutions and a more modernized, transformative and effective system of democratic governance that upholds the rule of law, at national and local levels.",1_SPSP 3-2_OC3-3_OU3.1.4,"Produto 3.1.4: Os sistemas de justiça e segurança são reforçados para melhorar o acesso, ser responsável, eficaz e eficiente, prevenir a violência, lutar contra o tráfico ilícito e os crimes, especialmente os crimes contra mulheres e crianças, e proporcionar uma solução eficaz.",2025-01-01,2026-12-31,1_SPSP 3-2_OC3-3_OU3.1.4-4_SOU268,180549,Reforço da capacidade de investigação forense-criminal,UNODC,United Nations Office on Drugs and Crime,,,,,,,,,,false,,false,,false,,false,,,70000,30000
1_SPSP 3-2_OC3,"Efeito 3.1: Até 2027, mais pessoas, especialmente mulheres, jovens e grupos vulneráveis, exercerão livremente os seus direitos, participarão e beneficiarão de instituições inclusivas, resilientes, transparentes e responsáveis e de um sistema de governação democrática mais modernizado, transformador e eficaz que defenda o Estado de direito, a nível nacional e local. / Outcome 3: By 2027, more people, especially women, youth and those in vulnerable groups, freely exercise their rights, participate in, and benefit from, inclusive, resilient, transparent, and accountable institutions and a more modernized, transformative and effective system of democratic governance that upholds the rule of law, at national and local levels.",1_SPSP 3-2_OC3-3_OU3.1.4,"Produto 3.1.4: Os sistemas de justiça e segurança são reforçados para melhorar o acesso, ser responsável, eficaz e eficiente, prevenir a violência, lutar contra o tráfico ilícito e os crimes, especialmente os crimes contra mulheres e crianças, e proporcionar uma solução eficaz.",2025-01-01,2026-12-31,1_SPSP 3-2_OC3-3_OU3.1.4-4_SOU268,180549,Reforço da capacidade de investigação forense-criminal,UNODC,United Nations Office on Drugs and Crime,the Netherlands,Government,,,,,65000,5000,,false,,false,62738,false,,false,,,,