"outcome","output","indicators","description","start date","end date","unit","baseline","target 2023","reached 2023","narrative 2023","target 2024","reached 2024","narrative 2024","target 2025","reached 2025","narrative 2025","target 2026","reached 2026","narrative 2026","target 2027","reached 2027","narrative 2027","Means of Verification","sdg","agency abbreviations","agencies"
"Efeito 3.1: Até 2027, mais pessoas, especialmente mulheres, jovens e grupos vulneráveis, exercerão livremente os seus direitos, participarão e beneficiarão de instituições inclusivas, resilientes, transparentes e responsáveis e de um sistema de governação democrática mais modernizado, transformador e eficaz que defenda o Estado de direito, a nível nacional e local. / Outcome 3: By 2027, more people, especially women, youth and those in vulnerable groups, freely exercise their rights, participate in, and benefit from, inclusive, resilient, transparent, and accountable institutions and a more modernized, transformative and effective system of democratic governance that upholds the rule of law, at national and local levels.",,"3.1.1 Se existem ou não quadros legais para promover, aplicar e monitorizar a igualdade e a não discriminação baseada no género (OHCHR, UNICEF, ILO)","LINHA DE BASE: 
• Proposta de projeto de lei especial anti-discriminação elaborado
• Plano Nacional de Combate à Violência Baseada no Género (2015-2018) existente
• Plano de Acção Nacional de Prevenção e Combate à Violência sexual de Crianças e Adolescentes (2021-2023) existente
• Lei Especial sobre Violência Baseada no Género existente
• Lei da Paridade existente
• Lei sobre crimes de Agressão, Abuso e Exploração Sexual de Crianças e Adolescente existente
• Decreto-lei com medidas de apoio social e escolar às mães no sistema de ensino existente
• Lei de Bases do Emprego Público (LBEP) existente
• Inexistência de um quadro legal promotor do princípio de igual remuneração por trabalho de igual valor
(2022)
META 2027:
• Lei especial anti-discriminação, aprovada
• Plano nacional de combate à violência sexual contra crianças e adolescentes é alargado para além de 2023
• Lei promotora do princípio ""Salário igual para trabalho de igual valor"" aprovada
AGÊNCIA RESPONSÁVEL: OHCHR: Yayé Ba; UNICEF: Jairson Gomes; OIT: Mónica Rodrigues Ramos
FONTE / MEIOS DE VERIFICAÇÃO:
Relatório do Instituto Cabo Verde para a Igualdade e Equidade de Género (ICIEG) - relatório de implementação do PNIG
Instituto Cabo-Verdiano da Criança e do Adolescente (ICCA)
Boletim Oficial
Government Report to UN Human Rights Mechanism and the Universal Human rights Index","2023-01-01","2027-12-31","Binary","Yes","-","YES","-","-","YES","The Child Protection Program contributed for the Revision of the Statute of Child and Adolescents - ECA.  ","-","YES","-","-","-","-","Yes","-","-","Relatório do Instituto Cabo Verde para a Igualdade e Equidade de Género (ICIEG) - relatório de implementação do PNIG Instituto Cabo-Verdiano da Criança e do Adolescente (ICCA) Boletim Oficial Government Report to UN Human Rights Mechanism and the Universal Human rights Index","Whether or not legal frameworks are in place to promote, enforce and monitor equality and non‑discrimination on the basis of sex",,
"Efeito 2.2: Até 2027, os principais ecossistemas marinhos e terrestres e a biodiversidade estarão melhor protegidos, restaurados e geridos de forma mais sustentável, e a resiliência aos choques e impactos das alterações climáticas será melhorada e mais sensíveis às questões do género. / Outcome 2.2: By 2027, key marine and land ecosystems and biodiversity are better protected, restored, and more sustainably managed and the resilience to shocks and climate change are improved and gender responsive.",,"2.2.1 Participação das energias renováveis no consumo total final de energia (UNIDO, UNDP)","LINHA DE BASE: 18.3% (2020)
META 2027: 35%
AGÊNCIA RESPONSÁVEL: UNIDO: Edson Fernandes; UNDP: Ricardo Monteiro
FONTE / MEIOS DE VERIFICAÇÃO: Direção Nacional de Indústria, Comércio e Energia (portal de energia - www.portalenergia.cv)","2023-01-01","2027-12-31","%","18.3","-","17.8","Valores referentes a 2022. Segundo DNICE, os dados de 2023 por publicar nesta data irão demonstrar um aumento.17.8% (2022)","-","18.4","Fonte: CCA 2024. Data reported by National Directorate of Industry, Trade and Energy, 202418.4% (2023) ","-","0","-","-","-","-","35","-","-","Direção Nacional de Indústria, Comércio e Energia (portal de energia - www.portalenergia.cv)","Renewable energy share in the total final energy consumption",,
"Efeito 2.1: Até 2027, uma economia mais sustentável, inclusiva, diversificada e integrada gerará empregos decentes, segurança alimentar e nutrição para os mais vulneráveis, especialmente as mulheres, os jovens e os mais pobres. / Outcome 2.1: By 2027, a more sustainable, inclusive, diversified and integrated economy generates decent jobs, food security and nutrition for the most vulnerable, especially women, youth and the extreme poor.",,"2.1.1 Proporção da população que vive abaixo do limiar nacional de pobreza, por sexo e urbano/rural (UNDP, ILO)","LINHA DE BASE: 31.7% (32.1% F; 31.3% M; Urbano 25.8%; Rural 44.9%) (2020, estimativa)
META 2027: 26% (32.1% F; 31.3% M; Urbano 25.8%; Rural 44.9%)
AGÊNCIA RESPONSÁVEL: UNDP: Adelaide Ribeiro; ILO: Fernando Sousa Jr.
FONTE / MEIOS DE VERIFICAÇÃO: INE - Estimativa de pobreza","2023-01-01","2027-12-31","Proportion","31.7","-","-","-","-","-","Com base nos dados apresentados em outubro de 2024 , referente aos resultados da estimativa da pobreza 2023 utilizando a metodologia SWIFT :A Pobreza Absoluta passou de 35,5% em 2015, para 24,75% em 2023, o que representa uma redução de 10,75 pontos percentuais. A Pobreza Extrema teve uma redução para metade, passando de 4,56% em 2015 para 2,28% em 2023, segundo o limiar internacional de 2,15 dólares1 por dia e por pessoa.&nbsp;Através da metodologia SWIFT, utilizando os dados do III e IV IDRF , a taxa de pobreza absoluta estimada em 2023 foi de 21,31 por cento (21,31%) nas zonas urbanas (28,08% em 2015) e de 35,23 por cento (35,23%) nas zonas rurais (48,87% em 2015). A nível nacional, em 2023, a taxa de pobreza absoluta foi de 24,75 por cento (24,75%), contra 35,5 por cento (35,5%) em 2015.&nbsp;A taxa média nacional da pobreza extrema para 2023, segundo o limiar internacional, foi de 2,28 por cento (2,28%), o que representa uma queda de 50% relativamente a 2015, período em que a taxa de pobreza extrema rondava os 4,56 por cento (4,56%).Relativamente à análise por meio de residência, em 2023, nas zonas urbanas, o valor rondava os 1,4 por cento (1,4%) (2,05% em 2015), enquanto que nas zonas rurais foi de 4,97 por cento ( 4,97%) (9,09% em 2015).&nbsp;&nbsp;Foram consideradas as seguintes linhas de pobreza:-Linha de Pobreza Global Aboluta ajustada através de deflatores espaciaisLinha Urbana: 95.908 CVELinha Rural: 82.602 CVE.-Linha de Pobreza Extrema: Linha de Pobreza Internacional de 2,15 dólares por dia por pessoa, PPC 2017, estimada pela equipa de Pobreza do Banco Mundial.Estimativas SWIFT:-Rendimento per capita anual utilizando a linha de pobreza global absoluta de 2015 e a linha de pobreza internacional PPP de 2017 (convertida em CVE per capita anual)-Taxas de pobreza absoluta e extrema para os níveis urbano, rural e nacional","-","24.75","-","-","-","-","26","-","-","INE - Estimativa de pobreza","Proportion of population living below the national poverty line, by sex and age",,
"Efeito 1: Até 2027, mais pessoas, especialmente as que vivem em situações de mais vulnerabilidade ou marginalização e as que vivem com deficiências, terão acesso equitativo e utilização de serviços sociais essenciais e de proteção de alta qualidade, resilientes, sensíveis ao género e modernos. / Outcome 1: By 2027, more people, especially those living in the most vulnerable and marginalized situations and those living with disabilities, have equitable access to and use of high-quality, resilient, gender-responsive, and modern essential social services and protection.",,"1.1.1 Proporção da população coberta por níveis/sistemas de protecção social, por sexo (OIT, UNFPA)","LINHA DE BASE: A receber pelo menos uma prestação social: 51,4% (48,4% M; 54,6% F) (2020)
META 2027: 63.2% Estimativa (66.4% F; 60.2% M)
AGÊNCIA RESPONSÁVEL: OIT: Fernando Sousa Jr.; UNFPA: Adelaide Ribeiro
FONTE / MEIOS DE VERIFICAÇÃO: Grupo de Trabalho Inter-institucional sobre Estatísticas de Protecção Social - GITEPS (inclui as seguintes entidades: MF/ INPS / CNPS / BCV / INE) e OIT, Boletim Estatístico do Sistema de Protecção Social de Cabo Verde","2023-01-01","2027-12-31","%","51.4","60.3","60.3","Os dados publicados no Boletim Estatístico sobre Proteção Social em Cabo Verde, respeitantes ao período de 2021-2023, indicam que em 2023 a proporção da população coberta por pelo menos uma prestação de proteção social (i.e. o indicador do ODS 1.3.1) atingiu 60,3% (62,2% - Mulheres; 58,5% - Homens).Fonte: https://actionportugal.org/2024/12/03/boletim-estatistico-sobre-protecao-social-em-cabo-verde-2021-2023/","Os dados referentes a 2024 deverão estar disponíveis aquando da publicação do 3º Boletim Estatístico sobre o Sistema de Proteção Social em Cabo Verde ","-","Informação ainda não disponível.","-","-","","-","-","-","63.2","-","-","Grupo de Trabalho Inter-institucional sobre Estatísticas de Protecção Social - GITEPS (inclui as seguintes entidades: MF/ INPS / CNPS / BCV / INE) e OIT, Boletim Estatístico do Sistema de Protecção Social de Cabo Verde","Proportion of population covered by social protection floors/systems, by sex, distinguishing children, unemployed persons, older persons, persons with disabilities, pregnant women, newborns, work-injury victims and the poor and the vulnerable",,
"Efeito 3.1: Até 2027, mais pessoas, especialmente mulheres, jovens e grupos vulneráveis, exercerão livremente os seus direitos, participarão e beneficiarão de instituições inclusivas, resilientes, transparentes e responsáveis e de um sistema de governação democrática mais modernizado, transformador e eficaz que defenda o Estado de direito, a nível nacional e local. / Outcome 3: By 2027, more people, especially women, youth and those in vulnerable groups, freely exercise their rights, participate in, and benefit from, inclusive, resilient, transparent, and accountable institutions and a more modernized, transformative and effective system of democratic governance that upholds the rule of law, at national and local levels.",,"3.1.10 Indicador de capacidade estatística para  monitorização dos Objectivos de Desenvolvimento  Sustentável (UNDP)","LINHA DE BASE:  74% (68 dos 92 indicadores) dos indicadores dos ODS produzidos pelo Sistema Nacional de Estatística (2020) 
META 2027: 100% (92/92) dos indicadores produzidos pelos Sistemas Estatísticos Nacionais
AGÊNCIA RESPONSÁVEL: UNDP - Frederic Mbassa
FONTE / MEIOS DE VERIFICAÇÃO: Melatório estatístico elaborado pelo INE","2023-01-01","2027-12-31","-","74","-","42","-","-","42","-","-","42","-","-","-","-","100","-","-","Relatório estatístico elaborado pelo INE","Amounts provided and mobilized in United States dollars per year in relation to the continued existing collective mobilization goal of the $100 billion commitment through to 2025",,
"Efeito 2.1: Até 2027, uma economia mais sustentável, inclusiva, diversificada e integrada gerará empregos decentes, segurança alimentar e nutrição para os mais vulneráveis, especialmente as mulheres, os jovens e os mais pobres. / Outcome 2.1: By 2027, a more sustainable, inclusive, diversified and integrated economy generates decent jobs, food security and nutrition for the most vulnerable, especially women, youth and the extreme poor.",,"2.1.10 Proporção de reservas de pescado dentro de níveis biologicamente sustentáveis (FAO, UNDP)","LINHA DE BASE: Proxy: Nível de exploração de espécies chave:• Decapterus macarellus: Biomassa: 240 toneladas por ano, maturidade 20 cm• Spicara melanurus: biomassa 516 Toneladas por ano, maturidade 17 cm(Proxy 2019)
META 2027: Nível de exploração de espécies chave:• Decapterus macarellus: Biomassa: 240 toneladas por ano, maturidade 20 cm • Spicara melanurus: biomassa 516 Toneladas por ano, maturidade 17 cm
AGÊNCIA RESPONSÁVEL: FAO: Katya Mascarenhas UNDP: Celeste Benchimol
FONTE / MEIOS DE VERIFICAÇÃO: Relatório do IMAR (Instituto do Mar)","2023-01-01","2027-12-31","Proportion","-","-","-","Aguarda-se os dados das estatísticas de pesca do IMAR para 2023.Entre 2022 e 2023, a FAO em parceria com o IMAR realizou campanhas participativas com vista à aplicação do instrumento FPAT na atividade de pesca da garoupa e da lagosta. Os dados estão a ser consolidados para apresentação em 2024.Sem projetos activos em 2023 neste dominio (PNUD)&nbsp;","-","-","Sem projetos activos em 2024 neste dominio (PNUD)&nbsp;","-","-","-","-","-","-","-","-","-","Relatório do IMAR (Instituto do Mar)","Proportion of fish stocks within biologically sustainable levels",,
"Efeito 2.1: Até 2027, uma economia mais sustentável, inclusiva, diversificada e integrada gerará empregos decentes, segurança alimentar e nutrição para os mais vulneráveis, especialmente as mulheres, os jovens e os mais pobres. / Outcome 2.1: By 2027, a more sustainable, inclusive, diversified and integrated economy generates decent jobs, food security and nutrition for the most vulnerable, especially women, youth and the extreme poor.","Produto 2.1.1: As estruturas institucionais são reforçadas e mais inclusivas, e os responsáveis ​​têm capacidades fortalecidas para um melhor ambiente de negócios, sistemas nacionais de qualidade, integração regional, uma maior contribuição da diáspora para a economia e a proteção dos direitos dos trabalhadores.","Number of new or revised development or sectoral policies that integrate migration and recognize migrants as contributors to sustainable development with UN's support
a.) New or revised
b.) Developmental or sectoral policy
c.) Bilateral, national or local","REF. # INDICADOR MENU DE PRODUTO: OI 10.2
LINHA DE BASE: NÃO: Tipo de política: - Alcance da política: • nacional (Não); • local (Não); • setorial (Não) (2022)
META: SIM: Tipo de política: - Alcance da política: • nacional (Sim); • local (Sim); • setorial (Sim); (2023)
AGÊNCIA RESPONSÁVEL: OIM
FONTE / MEIOS DE VERIFICAÇÃO: Relatórios anuais do projeto “Apoiar o Governo Local e Nacional de Cabo Verde para um Engajamento Sustentável e Inclusivo da Diáspora”;
 Comunicação formal escrita da validação e do Plano Estratégico Nacional de Engajamento da Diáspora e seu Plano de Ação","2023-01-01","2027-12-31","Number","-","-","-","O Plano Estratégico Nacional de Engajamento da Diáspora e seu Plano de Ação encontram-se na fase de finalização, mas ainda não foram aprovados.","-",2,"","-","-","-","-","-","-",1,"-","-","-",,"IOM","International Organization for Migration"
"Efeito 1: Até 2027, mais pessoas, especialmente as que vivem em situações de mais vulnerabilidade ou marginalização e as que vivem com deficiências, terão acesso equitativo e utilização de serviços sociais essenciais e de proteção de alta qualidade, resilientes, sensíveis ao género e modernos. / Outcome 1: By 2027, more people, especially those living in the most vulnerable and marginalized situations and those living with disabilities, have equitable access to and use of high-quality, resilient, gender-responsive, and modern essential social services and protection.","Produto 1.1.2: Mais pessoas em situação de vulnerabilidade e marginalizadas têm acesso e são empoderadas através da educação, cuidados de saúde de qualidade e ferramentas para exercer os seus direitos.","Number of people who are internally displaced, migrants, refugees or part of the host communities, or communities left or affected populations, benefiting from integrated and targeted interventions, including on strengthening social cohesion, with UN's support","REF. # INDICADOR MENU DE PRODUTO: OI 10.3
LINHA DE BASE: Mulheres [18-35; 36-62; 63-89] (0), Homens [18-35; 36-62; 63-89] (0), Raparigas [0-8; 9-17] (0) Rapazes [0-8; 9-17] (0), Deficiência (0)Tipo de beneficiário directo:• Deslocados internos: N/A• Migrantes: 0 (0 F; 0 M)• Refugiados: 0 (0 F; 0 M)• Indivíduos de comunidades de acolhimento ou comunidades deixadas para trás: N/A (2022)
META: Mulheres [18-35; 36-62; 63-89] (30), Homens [18-35; 36-62; 63-89] (55), Raparigas [0-8; 9-17] (10) Rapazes [[0-8; 9-17] (10), Deficiência (5)Tipo de beneficiário directo:• Deslocados internos: N/A• Migrantes: 100 (XX F; XX M)• Refugiados: 5 (XX F; XX M)• Indivíduos de comunidades de acolhimento ou comunidades deixadas para trás: N/A (2027)
AGÊNCIA RESPONSÁVEL: IOM
FONTE / MEIOS DE VERIFICAÇÃO: Relatório Anual sobre o número de migrantes e vítimas de tráfico assistidos no retorno e reintegração no âmbito do Programa Regional e Global de Retorno Voluntário e Reintegração.","2023-01-01","2027-12-31","People","0",21,"135","Em Janeiro de 2023, a OIM Cabo Verde apoiou o retorno de 90 migrantes, sendo que deste total, 88 eram do sexo masculino e 2 do sexo feminino. No que respeita ao país de origem dos migrantes, 56 eram originários do Senegal, 26 da Gambia, 5 da Guiné-Bissau, 1 da Guiné-Conacri, 1 do Mali e 1 da Serra Leoa. Deste grupo, 11 eram menores, todos do sexo masculino - 7 de nacionalidade Senegalesa (todos com 17 anos) e 4 de nacionalidade Gambiana (1 com 14 anos, 1 com 16 anos e 2 com 17 anos).Em Agosto de 2023, a OIM Cabo Verde apoiou (com aquisição de bens de primeira necessidade) 38 migrantes sobreviventes, todos do sexo masculino, de uma embracação que se encontrava à deriva e que veio a desembarcar na ilha do Sal. 37 dos quais de nacionalidade sengalesa e 1 oriundo da Guiné-Bissau.Igualmente durante 2023 a OIM apoiou a reintegração de 1 caboverdiano do sexo masculino, 1 caboverdiana do sexo feminino, após o seu regresso a Cabo Verde, bem como o retorno de uma familia a São Tomé, composta por 1 mulher, 1 homem e 3 crianças (2 rapazes e 1 menina).",21,30,"",21,"-","-",21,"-","-",21,"-","-","UNECA: Documento de Estratégia Nacional AfCFTA e NDP; UNIDO: relatório do Programa Nacional Anual da UNIDO; relatório do projeto GCF; FAO: Relatórios de Monitoramento do Projeto (1. Rumo à Neutralidade da Degradação da Terra para Maior Equidade, Sustentabilidade e Resiliência; 2. Aumentar a resiliência das comunidades locais às mudanças climáticas através de uma melhor gestão das bacias hidrográficas e restauração da terra; 3. Aumentar as capacidades de Cabo Verde em lidar com os efeitos da mudanças climáticas em setores-chave da Economia Azul: 4. Iniciativa de Pesca Costeira / África Ocidental) Novos Planos e instrumentos de Política produzidos",,"IOM","International Organization for Migration"
"Efeito 1: Até 2027, mais pessoas, especialmente as que vivem em situações de mais vulnerabilidade ou marginalização e as que vivem com deficiências, terão acesso equitativo e utilização de serviços sociais essenciais e de proteção de alta qualidade, resilientes, sensíveis ao género e modernos. / Outcome 1: By 2027, more people, especially those living in the most vulnerable and marginalized situations and those living with disabilities, have equitable access to and use of high-quality, resilient, gender-responsive, and modern essential social services and protection.","Produto 1.1.3: As políticas e os quadros regulamentares permitem melhor acesso, utilização e modernização de serviços sociais e de protecção inclusivos, digitais, sensíveis ao género e resilientes, incluindo para os assentamentos informais.","Number of new or revised national social protection policies to extend coverage, enhance comprehensiveness and/or increase adequacy of benefits, with UN's support","REF. # INDICADOR MENU DE PRODUTO: OI 1.1
LINHA DE BASE: 0 (zero) 2022
META: 4 (quatro); 1 - Diagnóstico da extensão da segurança social a trabalhadores/as de difícil cobertura em Cabo Verde; 2 - Revisão da Lei relativa à Pensão Social; 3 - Revisão de legislação relacionada com cobrança de dívidas pelo INPS; 4 - Revisão do processo relativo a Evacuações para Portugal (2025)
AGÊNCIA RESPONSÁVEL: OIT: Fernando Sousa
FONTE / MEIOS DE VERIFICAÇÃO: Boletim Oficial, Relatórios do MFIDS e documentos relevantes de outros organismos envolvidos nesta actividade","2023-01-01","2027-12-31","Number","0","-","-","-","1","-","-","2","-","Em Maio de 2024 foi concluído o Diagnóstico da extensão da segurança social a trabalhadores/as de difícil cobertura em Cabo Verde, que incluiu o Plano de Comunicação para a extensão; A 3 de Fevereiro foi concluído o trabalho de revisão da Lei relativa à Pensão Social. Através da aprovação e publicação do Decreto-Lei n.º 3/2025, procedeu-se à primeira alteração à Lei n.º 38/VIII/2013, de 7 de Agosto, que desenvolve o regime geral da proteção social ao Nível da rede de segurança, previsto na Lei n.º 131/V/2001, de 22 de janeiro.","0","-","-","0","-","-",,,"ILO","International Labour Organisation"
"Efeito 2.2: Até 2027, os principais ecossistemas marinhos e terrestres e a biodiversidade estarão melhor protegidos, restaurados e geridos de forma mais sustentável, e a resiliência aos choques e impactos das alterações climáticas será melhorada e mais sensíveis às questões do género. / Outcome 2.2: By 2027, key marine and land ecosystems and biodiversity are better protected, restored, and more sustainably managed and the resilience to shocks and climate change are improved and gender responsive.","Produto 2.2.4: Os atores têm melhor acesso ao conhecimento, técnicas e tecnologias inovadoras para um planeamento territorial integrado sensível ao género, incluindo a tomada de decisões sobre o uso da terra e do mar, o funcionamento saudável dos ecossistemas e o aumento sustentável dos serviços prestados.","National urban policies (NUP) to support sustainable cities and communities and in accordance with international standards formulated, resourced, and implemented by the Government, with UN's support","REF. # INDICADOR MENU DE PRODUTO: OI 11.1
LINHA DE BASE: SIM - Política Urbana Nacional (PNU)1-Formulado e 2-Com Recursos Disponíveis(2020)
META: SIM - Polícia Nacional Urbana (NUP)3-Implementado através da elaboração de 6 PLAMUH (Plano Municipal de Habitação) a ser elaborado para outros seis Municípios (será determinado mais à frente através de uma consulta com o MIOTH)(2024)
AGÊNCIA RESPONSÁVEL: UN HABITAT: Jeiza Barbosa
FONTE / MEIOS DE VERIFICAÇÃO: Relatório Anual do MIOTH sobre a implementação do Plano Nacional de Habitação; Relatório anual do projeto ONU HABITAT","2023-01-01","2027-12-31","Scale","1. Yes, Diagnosis, Feasibility or Formulation Phase","1. Yes, Diagnosis, Feasibility or Formulation Phase","2. Yes, Implementation Phase","-","2. Yes, Implementation Phase","-","","2. Yes, Implementation Phase","-","-","3. Yes, Monitoring and Evaluation Phase","-","-","3. Yes, Monitoring and Evaluation Phase","-","-","Relatório Anual do MIOTH sobre a implementação do Plano Nacional de Habitação; Relatório anual do projeto ONU HABITAT",,"UN-HABITAT","United Nations Human Settlement Programme"
"Efeito 1: Até 2027, mais pessoas, especialmente as que vivem em situações de mais vulnerabilidade ou marginalização e as que vivem com deficiências, terão acesso equitativo e utilização de serviços sociais essenciais e de proteção de alta qualidade, resilientes, sensíveis ao género e modernos. / Outcome 1: By 2027, more people, especially those living in the most vulnerable and marginalized situations and those living with disabilities, have equitable access to and use of high-quality, resilient, gender-responsive, and modern essential social services and protection.","Produto 1.1.2: Mais pessoas em situação de vulnerabilidade e marginalizadas têm acesso e são empoderadas através da educação, cuidados de saúde de qualidade e ferramentas para exercer os seus direitos.","Number of people with access to adequate housing, in accordance with international human rights standards, with UN’s support","REF. # INDICADOR MENU DE PRODUTO: OI 11.3
LINHA DE BASE: a) 206.318 (urbano) (42%) b) 179.504 (49,3%) (2021) Desagregação chave: a) Localização (intra-urbana): XX b) Grupo de rendimento: XX
META: a) 750 habitações Urbanas (corresponde a 0,56% das necessidades urbanas); b) 750 habitações(2027) Desagregação chave: a) Localização (intra-urbana): cidade da Praia; b) Grupo de rendimento: Grupo 1 e 2 do Cadastro Social Único
AGÊNCIA RESPONSÁVEL: ONU HABITAT: Jeiza Barbosa
FONTE / MEIOS DE VERIFICAÇÃO: Relatório MIOTH sobre a implementação do Plano Nacional de Habitação; Relatório de Implementação do Plano de Regeneração Urbana;","2023-01-01","2027-12-31","People",355822,"-",236,"-","-","-","-","-","-","-","-","-","-","-","-","-","Relatório MIOTH sobre a implementação do Plano Nacional de Habitação; Relatório de Implementação do Plano de Regeneração Urbana;",,"UN-HABITAT","United Nations Human Settlement Programme"
"Efeito 2.1: Até 2027, uma economia mais sustentável, inclusiva, diversificada e integrada gerará empregos decentes, segurança alimentar e nutrição para os mais vulneráveis, especialmente as mulheres, os jovens e os mais pobres. / Outcome 2.1: By 2027, a more sustainable, inclusive, diversified and integrated economy generates decent jobs, food security and nutrition for the most vulnerable, especially women, youth and the extreme poor.","Produto 2.1.1: As estruturas institucionais são reforçadas e mais inclusivas, e os responsáveis ​​têm capacidades fortalecidas para um melhor ambiente de negócios, sistemas nacionais de qualidade, integração regional, uma maior contribuição da diáspora para a economia e a proteção dos direitos dos trabalhadores.","Number of national policy instruments (including plans, strategies, legislation, partnerships) aimed at supporting the shift to sustainable consumption and production, developed with UN's support","REF. # INDICADOR MENU DE PRODUTO: OI 12.1
LINHA DE BASE: 0 (zero); Planos: 0; Estratégias: 0; Legislação: 0; Parcerias: 0; (2022)
META: Total: 16; (Planos: 1; Estratégias: 4; Legislação: 1; Parcerias: 10; (2027) - (Para a UNECA: 2 Estratégia - Apoio ao desenvolvimento da estratégia nacional NDP e AfCFTA; Para a UNIDO: 2 Legislação - Política e ambiente regulatório aprimorados para promover o turismo circular e sustentável de maneira inclusiva - projeto GCF; Estratégia Nacional de Metrologia; Para FAO: 12 - 1 Plano; 1 Estratégia; 10 Parcerias - vários projetos incluem o desenvolvimento de planos e instrumentos de política em colaboração com entidades nacionais)
AGÊNCIA RESPONSÁVEL: UNECA (co-lidera); UNIDO (co-lidera); FAO (co-lidera)
FONTE / MEIOS DE VERIFICAÇÃO:  UNECA: Documento de Estratégia Nacional AfCFTA e NDP; UNIDO: relatório do Programa Nacional Anual da UNIDO; relatório do projeto GCF; FAO: Relatórios de Monitoramento do Projeto (1. Rumo à Neutralidade da Degradação da Terra para Maior Equidade, Sustentabilidade e Resiliência; 2. Aumentar a resiliência das comunidades locais às mudanças climáticas através de uma melhor gestão das bacias hidrográficas e restauração da terra; 3. Aumentar as capacidades de Cabo Verde em lidar com os efeitos da mudanças climáticas em setores-chave da Economia Azul: 4. Iniciativa de Pesca Costeira / África Ocidental) Novos Planos e instrumentos de Política produzidos","2023-01-01","2027-12-31","Number","0","3",3,"For UNECA, activities in phase of mobilization of resources with output planned for 2027.","3",3,"UNIDO: Roadmap para turismo sustentávelUNECA: Estratégia nacional para implementação da Zona de Comércio Livre Continental Africana (ZCLCA) formulada e validada","4",2,"-","4","-","-","2","-","-","UNECA: Documento de Estratégia Nacional AfCFTA e NDP; UNIDO: relatório do Programa Nacional Anual da UNIDO; relatório do projeto GCF; FAO: Relatórios de Monitoramento do Projeto (1. Rumo à Neutralidade da Degradação da Terra para Maior Equidade, Sustentabilidade e Resiliência; 2. Aumentar a resiliência das comunidades locais às mudanças climáticas através de uma melhor gestão das bacias hidrográficas e restauração da terra; 3. Aumentar as capacidades de Cabo Verde em lidar com os efeitos da mudanças climáticas em setores-chave da Economia Azul: 4. Iniciativa de Pesca Costeira / África Ocidental) Novos Planos e instrumentos de Política produzidos",,"FAO; UN ECA; UNIDO","Food and Agriculture Organization of the United Nations; United Nations Economic Commission for Africa; United Nations Industrial Development Organization"
"Efeito 2.2: Até 2027, os principais ecossistemas marinhos e terrestres e a biodiversidade estarão melhor protegidos, restaurados e geridos de forma mais sustentável, e a resiliência aos choques e impactos das alterações climáticas será melhorada e mais sensíveis às questões do género. / Outcome 2.2: By 2027, key marine and land ecosystems and biodiversity are better protected, restored, and more sustainably managed and the resilience to shocks and climate change are improved and gender responsive.","Produto 2.2.3: Os quadros jurídicos e de planeamento são melhorados e melhor implementados com abordagens participativas na gestão do ambiente e dos recursos naturais, incluindo energia limpa acessível e preparação e resposta a choques.","Number of people directly benefitting from initiatives, with UN's support, to protect nature and  promote sustainable use of resources","REF. # INDICADOR MENU DE PRODUTO: OI 12.3
LINHA DE BASE: 0 (0 F; 0 M)(2022)
META: Total: 100 (50 F; 50 M) UNESCO: 50 (25 F; 25 M) PNUD: 50 (25 F; 25 M) (os dados da faixa etária não estão disponíveis porque a seleção ainda não foi feita)(2027)
AGÊNCIA RESPONSÁVEL: UNESCO: Adele Nibona; PNUD: Maria Benchimol
FONTE / MEIOS DE VERIFICAÇÃO: Relatórios de auditoria dos projetos de investimento sustentáveis do Nexus Energia-Água implementados","2023-01-01","2027-12-31","People","0","-","0","UNDP: o Projeto Quarta Comunicação Nacional e primeiro Relatório Bianual e o Projecto “Gestão de ameaças sectoriais múltiplas nos ecossistemas marinhos para alcançar um crescimento Azul Sustentável” contribuem para este indicador e estão ainda em curso.","-",12407,"Em 2024, 6292 homens e 6115 mulheres beneficiaram de projectos na área da gestão de recursos naturais implementados pelo PNUD.","-",19258,"Em 2025,  11006 homens e 8252 mulheres beneficiaram de projectos na área da gestão de recursos  naturais implementados pelo PNUD. ","-","-","-","100","-","-",,,"UNDP; UNESCO","United Nations Development Programme; United Nations Educational, Scientific and Cultural Organisation"
"Efeito 2.2: Até 2027, os principais ecossistemas marinhos e terrestres e a biodiversidade estarão melhor protegidos, restaurados e geridos de forma mais sustentável, e a resiliência aos choques e impactos das alterações climáticas será melhorada e mais sensíveis às questões do género. / Outcome 2.2: By 2027, key marine and land ecosystems and biodiversity are better protected, restored, and more sustainably managed and the resilience to shocks and climate change are improved and gender responsive.","Produto 2.2.2: As instituições nacionais reforçam as capacidades para a conservação, restauração e valorização dos ecossistemas e da biodiversidade, incluindo com sistemas de monitorização, informação, protecção e gestão dos recursos naturais, acesso ao financiamento climático, e relatórios sobre os compromissos globais.","Extent that policy measures are in place to enable the enhancement and/or implementation of Nationally Determined Contributions (NDCs) under the Paris Agreement with UN's support","REF. # INDICADOR MENU DE PRODUTO: OI 13.1
LINHA DE BASE: Escala 2 (Trabalho em curso)(2022)
META: Escala 4 (Em vigor/Trabalho Concluído)(2027)
AGÊNCIA RESPONSÁVEL: UNDP: Maria Benchimol
FONTE / MEIOS DE VERIFICAÇÃO: Relatório Anual de DNA Relatório de Implementação de NDCs","2023-01-01","2027-12-31","Range",2,2,2,"Em 2023 atraves do UNDP, O Projecto Quarta Comunicacao Nacional e primeiro Relatorio Bianual e do ""Use of Renewable Energy to Promote Sustainable Environmental Development in Remote Communities""&nbsp;contribuiram para a implmentacao do NDC ( Contribuiçoes Nacionalmente determimadas) para as metas do Acordo de Paris, UNFCCC.Foram realizados varios estudos de base, preparacao do Inventario Nacional dos Gazes com efeito de Estufa, formaçãoes, Campanhas de informação e sensibilização. Encontram-se em fase avancada de preparacao o Quarto Relatorio Nacional de Mudanças Climaticas e o Relatorio Bianual a ser apresentado ao Secretariado da Convenção Quadro das Mudancas climáticas para as Mudanças Climaticas (UNFCCC)",2,3,"Em 2024 através do UNDP, o Projeto Quarta Comunicação Nacional e Primeiro Relatório de actualização Bienal&nbsp;através de um decreto multiministerial, estabeleceu um Quadro de concertação entre os diversos sectores que contribuem para o inventário Nacional de gazes com efeito de Estufa a saber ANAS, DGASP, INMG , DNICE, ITCV, Ministerio das Financas., INE, Ministerio de educação, ICIEG, ONGS: Ecofimimismo, TAOLA.&nbsp;Primeira Lei do Clima de Cabo Verde fui submetido para aprovacao em 2024. O Primeiro Relatório de Actualizacao beanual foi foi apresentado ao Secretariado da Convenção Quadro das Nações Unidas para as Mudanças climáticas (UNFCCC). A Quarta Comunicacao Nacional foi elaborada&nbsp;encontra-se em fase de finalização e design.&nbsp;",2,4,"Relativamente ao NDC 2 preparado em 2021 foi feita a avaliação da implementação. Através do projecto Climate promise, foi elaborado e submetido à Convenção UNFCCC o NDC3.0.",3,"-","-",4,"-","-",,,"UNDP","United Nations Development Programme"
"Efeito 2.2: Até 2027, os principais ecossistemas marinhos e terrestres e a biodiversidade estarão melhor protegidos, restaurados e geridos de forma mais sustentável, e a resiliência aos choques e impactos das alterações climáticas será melhorada e mais sensíveis às questões do género. / Outcome 2.2: By 2027, key marine and land ecosystems and biodiversity are better protected, restored, and more sustainably managed and the resilience to shocks and climate change are improved and gender responsive.","Produto 2.2.3: Os quadros jurídicos e de planeamento são melhorados e melhor implementados com abordagens participativas na gestão do ambiente e dos recursos naturais, incluindo energia limpa acessível e preparação e resposta a choques.","Reduction of 𝐶𝑂2𝑒𝑞 emissions, with UN's support","REF. # INDICADOR MENU DE PRODUTO: OI 13.2
LINHA DE BASE: 0 (zero) tCO2 (2022)
META: 490 tCO2 (2023)
AGÊNCIA RESPONSÁVEL: UNIDO: Edson Fernandes
FONTE / MEIOS DE VERIFICAÇÃO: Relatório anual do Projecto Nexus Água-Energia","2023-01-01","2027-12-31","tCO2e","0","-",300,"UNIDO: Total emissão de GHG evitada dos projetos demonstrativos do projeto Nexo Energia-Água em 2023 é: 300.35 tCO2e. Fonte: UNIDO CP Annual Report 2023","-",1168,"UNIDO: Total emissão de GHG evitada dos projetos demonstrativos do projeto Nexo Energia-Água até 2024. fonte: https://www.portalenergia.cv/nexoenergiaagua&nbsp;","-","-","-","-","-","-","490","-","-",,,"UNIDO","United Nations Industrial Development Organization"
"Efeito 2.2: Até 2027, os principais ecossistemas marinhos e terrestres e a biodiversidade estarão melhor protegidos, restaurados e geridos de forma mais sustentável, e a resiliência aos choques e impactos das alterações climáticas será melhorada e mais sensíveis às questões do género. / Outcome 2.2: By 2027, key marine and land ecosystems and biodiversity are better protected, restored, and more sustainably managed and the resilience to shocks and climate change are improved and gender responsive.","Produto 2.2.4: Os atores têm melhor acesso ao conhecimento, técnicas e tecnologias inovadoras para um planeamento territorial integrado sensível ao género, incluindo a tomada de decisões sobre o uso da terra e do mar, o funcionamento saudável dos ecossistemas e o aumento sustentável dos serviços prestados.","Level of implementation of ecosystem-based approaches to managing marine areas, with UN's support","REF. # INDICADOR MENU DE PRODUTO: OI 14.2
LINHA DE BASE: Escala 0 (Sem preparação do plano inicial)(2022)
META: Escala 4 (Implementação e gestão adaptativa)(2027)
AGÊNCIA RESPONSÁVEL: FAO: Katya Mascarenhas; UNDP: Maria Benchimol
FONTE / MEIOS DE VERIFICAÇÃO: Base de dados de projectos do Fundo Climático VerdeRelatórios de Projecto (1. Reforçar as capacidades de Cabo Verde na abordagem dos efeitos das alterações climáticas em sectores-chave da Economia Azul: 2. Iniciativa de Pesca Costeira / África Ocidental)Relatório Anual do PNUD GEF-6","2023-01-01","2027-12-31","Range","-","-","-","O projeto “Gestão de ameaças sectoriais múltiplas nos ecossistemas marinhos para alcançar um crescimento Azul Sustentavel” arrancou em 2023. Projecto de execucao totalmente do Governo, com financiamento PNUD-GEF",1,1,"O projeto “Gestão de ameaças sectoriais múltiplas nos ecossistemas marinhos para alcançar um crescimento Azul Sustentavel” arrancou em 2025. Projecto de execucao totalmente do Governo, com financiamento PNUD-GEF",2,3,"Em 2025 o Projecto Gestão em Ameacas contribuiu para a criação do Portal do Mar. Através de formações regionais nas ilhas de Santo Antão, São Vicente e São Nicolau, o PNUD reforçou as capacidades de mais de 22.000 atores locais (com 52% de mulheres) na gestão dos recursos marinhos e na conservação da biodiversidade, apoiando o avanço da Economia Azul em Cabo Verde. As comunidades receberam conhecimentos práticos e ferramentas que promovem meios de subsistência sustentáveis e fortalecem a adaptação às mudanças ambientais, especialmente nas 70.291 hectares de áreas terrestres e marinhas protegidas sob nova ou melhorada gestão. Além disso, o lançamento do Projeto Demonstrativo da Economia Azul no Parque Natural da Baía do Inferno e Monte Angra reforçou práticas participativas de pesca sustentável e empreendedorismo, impulsionando o desenvolvimento local e a proteção dos ecossistemas. ",3,"-","-",4,"-","-",,,"FAO; UNDP","Food and Agriculture Organization of the United Nations; United Nations Development Programme"
"Efeito 2.1: Até 2027, uma economia mais sustentável, inclusiva, diversificada e integrada gerará empregos decentes, segurança alimentar e nutrição para os mais vulneráveis, especialmente as mulheres, os jovens e os mais pobres. / Outcome 2.1: By 2027, a more sustainable, inclusive, diversified and integrated economy generates decent jobs, food security and nutrition for the most vulnerable, especially women, youth and the extreme poor.","Produto 2.1.2: As pequenas e médias empresas são integradas nas cadeias verde, azul e de valor, suas capacidades produtivas e acesso a serviços financeiros e não financeiros são fortalecidos e soluções de mercado, baseadas na natureza e com eficiência energética (no setor privado) são promovidos.","Number of people benefiting from income generating activities with UN's support","REF. # INDICADOR MENU DE PRODUTO: OI 1.5
LINHA DE BASE: 1.750 (F: 1.137, M: 613)(2022) - UNIDO, 0 (zero); FAO: 0 (zero); PNUD: 1.750 (1.137 F; 613 M); OIM: 0 (zero)
META: Total: 24.065 (12.032 F; 12.033 M)(2027) - (UNIDO: 45 - (14 F; 31 M); FAO: 20.000 - (10.000 F; 10.000 M) 2023 - 500 (250 F; 250 M) 2024 - 4.500 (2.250 F; 2.250 M) 2025 - 6.000 (3.000 F; 3.000 M) 2026 - 6.000 (3.000 F; 3000 M) 2027 - 3.000 (1.500 F; 1.500 M); PNUD: 4.000 (2.400 F; 1.600 M); OIM: 20 (10 F; 10 M)
AGÊNCIA RESPONSÁVEL: UNIDO: Edson Fernandes; FAO: Katya Mascarenhas; PNUD: Adelaide Ribeiro; OIM: Fátima Falua
FONTE / MEIOS DE VERIFICAÇÃO: UNIDO - relatório anual do projeto do fundo SDG; FAO (líder) - Relatórios anuais do Programa Conjunto; Relatórios de Monitoramento do Projeto (1. Rumo à Neutralidade da Degradação da Terra para Maior Equidade, Sustentabilidade e Resiliência; 2. Aumentar a resiliência das comunidades locais às mudanças climáticas através de uma melhor gestão das bacias hidrográficas e restauração da terra; 3. Aumentar as capacidades de Cabo Verde em lidar com os efeitos da mudanças climáticas em setores-chave da Economia Azul); PNUD (líder) - PROEMPRESA, Youthconnekt Relatorio Anual; OIM: Relatório anual do projeto “Reforço da capacidade do Município da Praia para apoiar a recuperação económica dos trabalhadores migrantes afetados pela pandemia de COVID-19 em Cabo Verde”; Revisão do relatório de resultados do desafio de start-up e relatório de monitoramento de negócios, incluindo fotos.","2023-01-01","2027-12-31","People",1750,4813,1350,"OIM - Em 2023 os imigrantes passaram pela fase de formação, porém em 2024 é que beneficiarão de atividades geradoras de renda com o apoio da OIM.UNIDO - Incubação no IDEA APP no âmbito do SDG Blue Economy JP. Fonte: Project annual reportUNDP - Com apoio técnico e financeiro do PNUD , foram beneficiadas 121 pessoas ( 97 mulheres e 24 homens) nos  Municipios da Praia, São Domingos e Ribeira Grande de Santiago,o que permitiu a implementação  de 121 Unidades de negócio gerando 200 empregos direto.",4813,191,"-",4813,15,"-",4813,"-","-",4813,"-","-",,,"FAO; IOM; UNDP; UNIDO","Food and Agriculture Organization of the United Nations; International Organization for Migration; United Nations Development Programme; United Nations Industrial Development Organization"
"Efeito 2.2: Até 2027, os principais ecossistemas marinhos e terrestres e a biodiversidade estarão melhor protegidos, restaurados e geridos de forma mais sustentável, e a resiliência aos choques e impactos das alterações climáticas será melhorada e mais sensíveis às questões do género. / Outcome 2.2: By 2027, key marine and land ecosystems and biodiversity are better protected, restored, and more sustainably managed and the resilience to shocks and climate change are improved and gender responsive.","Produto 2.2.2: As instituições nacionais reforçam as capacidades para a conservação, restauração e valorização dos ecossistemas e da biodiversidade, incluindo com sistemas de monitorização, informação, protecção e gestão dos recursos naturais, acesso ao financiamento climático, e relatórios sobre os compromissos globais.","Number of entities at the national level that have developed integrated approaches and tools for enhanced coordination, cooperation, and synergies for the coherent implementation of multilateral environmental agreements, supported by the UN","REF. # INDICADOR MENU DE PRODUTO: OI 15.1
LINHA DE BASE: 7 (Direção Nacional do Ambiente (DNA), Instituto do Turismo de Cabo Verde (ITCV), Direção Nacional de Industria, Comércio e Energia (DNICE), Instituto Nacional de Meteorologia e Geofisica (INMG)(2022)
META: 11(DNA, ITCV, DNICE, INMG, Direção Nacional Administração Pública (DNPA), Direção Geral de Agricultura, Silvicultura e Pequária (DGASP), Agência Nacional de Água e Saneamento (ANAS), CM Boavista, CM Ribeira Grande de Santo Antão, CM Paúl, e CM Porto Novo)(2027)
AGÊNCIA RESPONSÁVEL: UNDP: Maria Benchimol
FONTE / MEIOS DE VERIFICAÇÃO: Relatório Anual da DNA; Quarta Comunicação Nacional e Primeiro Relatório Bienal de Atualização para a República de Cabo Verde no âmbito do Relatório Anual do projeto UNFCCC; Fortalecimento do sistema nacional de governança da Biodiversidade para a gestão sustentável dos recursos naturais vivos em Cabo Verde;","2023-01-01","2027-12-31","Number","7",7,4,"Em 2023 através do UNDP, o Projeto Quarta Comunicação Nacional e primeiro Relatório Bianual através de um decreto multiministerial, estabeleceu um Quadro de concertação entre os diversos sectores que contribuem para o inventário Nacional de gazes com efeito de Estufa. Para além disso o UNDP trabalhou na preparação da Primeira Lei do Clima de Cabo Verde a ser aprovado em 2024.Encontram-se em fase avançada de preparação o Quarto Relatório Nacional de Mudanças Climáticas e o Relatório Bianual a ser apresentado ao Secretariado da Convenção Quadro das Nações Unidas para as Mudanças climáticas (UNFCCC)&nbsp;",8,12,"Em 2024 através do UNDP, o Projeto Quarta Comunicação Nacional e Primeiro Relatório de actualização Bienal&nbsp;através de um decreto multiministerial, estabeleceu um Quadro de concertação entre os diversos sectores que contribuem para o inventário Nacional de gazes com efeito de Estufa a saber ANAS, DGASP, INMG , DNICE, ITCV, Ministerio das Financas., INE, Ministerio de educação, ICIEG, ONGS: Ecofimimismo, TAOLA.&nbsp;Primeira Lei do Clima de Cabo Verde fui submetido para aprovacao em 2024. O Primeiro Relatório de Actualizacao beanual foi foi apresentado ao Secretariado da Convenção Quadro das Nações Unidas para as Mudanças climáticas (UNFCCC). A Quarta Comunicacao Nacional foi elaborada&nbsp;encontra-se em fase de finalização e design.&nbsp;",9,1,"OBS: O Projecto encerrou em 2024",11,"-","-","0","-","-",,,"UNDP","United Nations Development Programme"
"Efeito 2.2: Até 2027, os principais ecossistemas marinhos e terrestres e a biodiversidade estarão melhor protegidos, restaurados e geridos de forma mais sustentável, e a resiliência aos choques e impactos das alterações climáticas será melhorada e mais sensíveis às questões do género. / Outcome 2.2: By 2027, key marine and land ecosystems and biodiversity are better protected, restored, and more sustainably managed and the resilience to shocks and climate change are improved and gender responsive.","Produto 2.2.4: Os atores têm melhor acesso ao conhecimento, técnicas e tecnologias inovadoras para um planeamento territorial integrado sensível ao género, incluindo a tomada de decisões sobre o uso da terra e do mar, o funcionamento saudável dos ecossistemas e o aumento sustentável dos serviços prestados.","Area of terrestrial and marine protected areas created or under improved management practices (hectares), supported by the UN  ","REF. # INDICADOR MENU DE PRODUTO: OI 15.2
LINHA DE BASE: Área de áreas protegidas terrestres: 71.855 Km2; Área de áreas marinhas protegidas: 136.520 Km2(2022)
META: Área de áreas protegidas terrestres: 778,44 Km2; Área de áreas marinhas protegidas: 1.321,28 km2(2027)
AGÊNCIA RESPONSÁVEL: UNDP: Maria Benchimol; FAO: Katya Mascarenhas
FONTE / MEIOS DE VERIFICAÇÃO: PNUD: Gestão de múltiplas ameaças sectoriais nos ecossistemas marinhos para alcançar o relatório anual do projecto de crescimento azul sustentável / Reforço do sistema nacional de governação da Biodiversidade para a gestão sustentável dos recursos naturais vivos em Cabo Verde; Relatório anual do projecto; FAO: Pesquisas de campoRelatórios de Monitorização do Projecto (1. Rumo à neutralidade da degradação do solo para maior equidade, sustentabilidade e resiliência; 2. Aumento da resiliência das comunidades locais às mudanças climáticas por meio de melhor gestão de bacias hidrográficas e restauração de terra; 3. Reforçar as capacidades de Cabo Verde na abordagem dos efeitos das alterações climáticas em setores-chave da Economia Azul)","2023-01-01","2027-12-31","Sq km",208375,"-",68071,"UNDP:O projeto “Gestão de ameaças sectoriais múltiplas nos ecossistemas marinhos para alcançar um crescimento Azul Sustentavel” arrancou em 2023. Projecto de execucao totalmente do Governo, com financiamento PNUD-GEFEste indicador será atingido até 2026 , pois é o resultado de um processo participativo que exige concertação e envolvimento dos varios actores e resulta tambem de varios estudos de base ",68071,68132,"O projeto ""Gestão de&nbsp;ameaças de múltiplos setores em ecossistemas marinhos para alcançar um crescimento azul sustentável"" inclui a preparação de instrumentos de&nbsp;gestão de Áreas Protegidas e encontra-se na fase inicial de implementação.",70291,70291,"O projeto ""Gestão de&nbsp;ameaças de múltiplos setores em ecossistemas marinhos para alcançar um crescimento azul sustentável"" inclui a preparação de instrumentos de&nbsp;gestão de Áreas Protegidas e encontra-se na fase inicial de implementação.Em 2025,  70.291 hectares de áreas terrestres e marinhas protegidas  obtiveram melhorias em termos de  instrumentos de gestão sustentável. ","-","-","-",209972,"-","-",,,"FAO; UNDP","Food and Agriculture Organization of the United Nations; United Nations Development Programme"
"Efeito 2.2: Até 2027, os principais ecossistemas marinhos e terrestres e a biodiversidade estarão melhor protegidos, restaurados e geridos de forma mais sustentável, e a resiliência aos choques e impactos das alterações climáticas será melhorada e mais sensíveis às questões do género. / Outcome 2.2: By 2027, key marine and land ecosystems and biodiversity are better protected, restored, and more sustainably managed and the resilience to shocks and climate change are improved and gender responsive.","Produto 2.2.2: As instituições nacionais reforçam as capacidades para a conservação, restauração e valorização dos ecossistemas e da biodiversidade, incluindo com sistemas de monitorização, informação, protecção e gestão dos recursos naturais, acesso ao financiamento climático, e relatórios sobre os compromissos globais.","Number of degraded forest under habitation and restoration, supported by the UN","REF. # INDICADOR MENU DE PRODUTO: OI 15.3
LINHA DE BASE: a) 583 ha; b) 469 ha (2022)
META: a) 3.020 ha; b) 2.600 ha - (2023 - a) 0 b) 0; 2024 - a) 280 b) 240; 2025 - a) 540 b) 480; 2026 - a) 1.200 b) 980; 2027 - a) 1.000 b) 900) (2027)
AGÊNCIA RESPONSÁVEL: FAO: Katya Mascarenhas
FONTE / MEIOS DE VERIFICAÇÃO: Base de dados do Sistema de Informação Geográfica (SIG)Registros DGASP e plataforma digitalRelatórios de Monitorização do Projecto (1. Rumo à neutralidade da degradação do solo para maior equidade, sustentabilidade e resiliência; 2. Aumento da resiliência das comunidades locais às mudanças climáticas por meio de melhor gestão de bacias hidrográficas e restauração de terras)","2023-01-01","2027-12-31","Hectares",1052,"-","0","Este indicador  deverá ser alcançado através do projecto “Gestão de ameaças sectoriais múltiplas nos ecossistemas marinhos para alcançar um crescimento Azul Sustentavel” que teve o seu arranque  apenas em 2023 e encontra-se assim numa fase iniciacl de execução. Trata-se deum projecto PNUD-GEF/MAA  executado totalmente pelo Governo ( Direcção Nacional do Ambiente, Ministerio da Agricultura e Ambiente)",520,30,"-",1020,"-","-",2180,"-","-",1900,"-","-",,,"FAO","Food and Agriculture Organization of the United Nations"
"Efeito 1: Até 2027, mais pessoas, especialmente as que vivem em situações de mais vulnerabilidade ou marginalização e as que vivem com deficiências, terão acesso equitativo e utilização de serviços sociais essenciais e de proteção de alta qualidade, resilientes, sensíveis ao género e modernos. / Outcome 1: By 2027, more people, especially those living in the most vulnerable and marginalized situations and those living with disabilities, have equitable access to and use of high-quality, resilient, gender-responsive, and modern essential social services and protection.","Produto 1.1.1: As instituições nacionais, os parceiros sociais e as organizações da sociedade civil, têm maiores e melhores capacidades para fornecer, inovar e fazer parcerias para a protecção social e a proteção das crianças e adolescentes, os serviços essenciais, e sistemas de dados, monitorização e informação.","Quality of free and universal birth registration service within civil registration and vital statistics, in accordance with international standards and best practices, supported by the UN","REF. # INDICADOR MENU DE PRODUTO: OI 16.1
LINHA DE BASE: Média (Cabo Verde tem 5 dos 6 critérios para um serviço de registo de nascimento gratuito e universal)(2022)
META: Alta (Cabo Verde cumpre um serviço de registo de nascimento de alta qualidade, gratuito e universal, cumprindo todos os 6 critérios)(2027). Seis critérios para um serviço de registo de nascimento gratuito e universal: 1. O registo de nascimento é gratuito para todas as crianças (0-17 anos); 2. A primeira cópia da certidão de nascimento é emitida gratuitamente para todas as crianças (0-17 anos); se não for assim, especificar o período/grupo de idade para o qual é fornecida gratuitamente; 3. O registo de nascimento é exigido por lei para todos os nascimentos; 4. Os nascimentos são registados sem discriminação; 5. O sistema de registo civil está implementado para chegar a todos os ilhas/municípios; 6. Os registos de registo civil são mantidos permanentemente e recuperáveis a partir de uma fonte secundária/back-up e segura.
AGÊNCIA RESPONSÁVEL: UNICEF: Jairson Gomes","2023-01-01","2027-12-31","Scale","Medium","Medium","Medium","-","Medium","Medium","","Medium","Medium","Cabo Verde has a formal civil registration system governed by its Civil Registry Code (Law No. 75/VIII/2014). According to UNICEF reporting, Cabo Verde has achieved high coverage — with about 98.5 % of children registered before age five — signaling strong progress toward universal birth registration. Despite progress, some parents may lack awareness about the importance or procedures for timely birth registration. Families in remote and rural areas may have difficulty reaching registration offices.","Medium","-","-","High","-","-"," Base de dados do sistema de registo de nascimento do Ministério da Justiça; Relatório Anual (Alternativa disponível / Plataforma online para emissão de todos os documentos de identificação / registos vitais)",,"UNICEF","United Nations Children's Fund"
"Efeito 3.1: Até 2027, mais pessoas, especialmente mulheres, jovens e grupos vulneráveis, exercerão livremente os seus direitos, participarão e beneficiarão de instituições inclusivas, resilientes, transparentes e responsáveis e de um sistema de governação democrática mais modernizado, transformador e eficaz que defenda o Estado de direito, a nível nacional e local. / Outcome 3: By 2027, more people, especially women, youth and those in vulnerable groups, freely exercise their rights, participate in, and benefit from, inclusive, resilient, transparent, and accountable institutions and a more modernized, transformative and effective system of democratic governance that upholds the rule of law, at national and local levels.","Produto 3.1.2: As instituições estatais reforçaram as capacidades para um desenho e implementação de políticas e estratégias mais coerentes, transparentes, responsáveis, baseadas em provas e resultados, participativas e inovadoras a todos os níveis, a fim de abordar barreiras estruturais, aumentar o crescimento económico, reduzir as disparidades territoriais e sociais e fazer avançar a igualdade de género e os direitos humanos.","Extent to which UN-supported oversight, accountability, or protection mechanisms, especially on civic space, that conform to international human rights standards are in place","REF. # INDICADOR MENU DE PRODUTO: OI 16.2
LINHA DE BASE: Escala: Parcial (2022)
META: Escala: Total/Pleno (2027)
AGÊNCIA RESPONSÁVEL: UNDP: Elisabete Mendes OHCHR: Yabé Ba
FONTE / MEIOS DE VERIFICAÇÃO: PNUD: Relatórios dos países signatários das Convenções dos Direitos Humanos; comissão interministerial para relatórios aos relatórios da Convenção dos Direitos do HomemOHCHR: O mandato da Comissão Nacional dos Direitos Humanos está alinhado com os Princípios de Paris","2023-01-01","2027-12-31","Scale","Partial (mechanism is in place but overall there is little or no alignment with HRs)","Partial (mechanism is in place but overall there is little or no alignment with HRs)","Partial (mechanism is in place but overall there is little or no alignment with HRs)","UNDP: Supported the MoJ and Government in preparing the UPR2023 that were presented in November 2023 where Cabo Verde did well. Subsequent to the UPR 2023, Cabo Verde have 205 Recommendation for the next cycle and UNDP is supporting the MoJ, CNDHC and the Interministerial Commission that uphold the recommendations. Several capacity building sessions is set to be made and the continuous support on the implementation of the Human Rights Observatory in Cabo Verde. The NHRI is yet to be in accordance with Paris Principle - the major challenge is on the independence side of the NHRI (institutional and financial).&nbsp;","Partial (mechanism is in place but overall there is little or no alignment with HRs)","Partial (mechanism is in place but overall there is little or no alignment with HRs)","UNDP: Supported the MoJ and Government in preparing the UPR2023 that were presented in November 2023 where Cabo Verde did well. Subsequent to the UPR 2023, Cabo Verde have 205 Recommendation for the next cycle and UNDP is supporting the MoJ, CNDHC and the Interministerial Commission that uphold the recommendations. Several capacity building sessions is set to be made and the continuous support on the implementation of the Human Rights Observatory in Cabo Verde. The NHRI is yet to be in accordance with Paris Principle - the major challenge is on the independence side of the NHRI (institutional and financial).&nbsp;","Substantial (mechanism is in place and substantially aligned with HRs, but there are some areas where alignment is needed)","Partial (mechanism is in place but overall there is little or no alignment with HRs)","UNDP: Supported the MoJ and Government in preparing the UPR2023 that were presented in November 2023 where Cabo Verde did well. Subsequent to the UPR 2023, Cabo Verde have 205 Recommendation for the next cycle and UNDP is supporting the MoJ, CNDHC and the Interministerial Commission that uphold the recommendations. Capacity building sessions were upheld, in close articulation with UNDP and OHCHR, UPR action Plan is approved and in implementation by CNDHC and Ministry of Justice, with support from Ombudsman's Office and ICIEGMajor challenge continues - Existence and independence of a NHRI (institutional and financial).&nbsp;","Substantial (mechanism is in place and substantially aligned with HRs, but there are some areas where alignment is needed)","-","-","Full (mechanism is in place and fully aligned with HRs)","-","-",,,"OHCHR; UNDP","United Nations High Commissioner for Human Rights; United Nations Development Programme"
"Efeito 3.1: Até 2027, mais pessoas, especialmente mulheres, jovens e grupos vulneráveis, exercerão livremente os seus direitos, participarão e beneficiarão de instituições inclusivas, resilientes, transparentes e responsáveis e de um sistema de governação democrática mais modernizado, transformador e eficaz que defenda o Estado de direito, a nível nacional e local. / Outcome 3: By 2027, more people, especially women, youth and those in vulnerable groups, freely exercise their rights, participate in, and benefit from, inclusive, resilient, transparent, and accountable institutions and a more modernized, transformative and effective system of democratic governance that upholds the rule of law, at national and local levels.","Produto 3.1.1: Mais pessoas, particularmente mulheres, jovens e pessoas que vivem em situações vulneráveis, estão empoderadas para exercer os seus direitos, individualmente ou através de organizações da sociedade civil mais fortes e mais eficazes.","Level of meaningful participation of right-holders, especially women and discriminated groups, in selected public processes, supported by the UN","REF. # INDICADOR MENU DE PRODUTO: OI 16.4
LINHA DE BASE: 2 - Não houve alterações significativass(2022)
META: 4 - Progressos significativos alcançados(2027)
AGÊNCIA RESPONSÁVEL: PNUD/UNFPA: Elisabete Mendes; UNESCO: Adele Nibona
FONTE / MEIOS DE VERIFICAÇÃO: PNUD; UNFPA: Relatórios produzidos por organizações da sociedade civil com a participação dos titulares de direitos, particularmente os grupos discriminados; UNESCO: Sensibilização das Escolas MOST, relatórios de pedidos e sessões de formação (Programa de Gestão de Transformações Sociais (MOST) da UNESCO) - alvo: jovens mulheres, jovens líderes activistas e parlamentares; as Escolas MOST são actividades de capacitação centradas no reforço das competências para a tomada de decisões informadas em matéria de provas nos Estados Membros. Ajudam a desenvolver a capacidade dos investigadores e decisores de traduzir o conhecimento em acção.","2023-01-01","2027-12-31","Range",2,2,2,"The process of approving the Anti Discrimination law is ongoing.The Diploma is at Parliament for due appreciation.",2,2,"The process of approving the Anti Discrimination law is ongoing.The Diploma is at Parliament for due appreciation.",3,2,"The process of approving the Anti Discrimination law is ongoing.The Diploma is at Parliament for due appreciation.",3,"-","-",4,"-","-",,,"UNDP; UNESCO; UNFPA","United Nations Development Programme; United Nations Educational, Scientific and Cultural Organisation; United Nations Population Fund"
"Efeito 3.1: Até 2027, mais pessoas, especialmente mulheres, jovens e grupos vulneráveis, exercerão livremente os seus direitos, participarão e beneficiarão de instituições inclusivas, resilientes, transparentes e responsáveis e de um sistema de governação democrática mais modernizado, transformador e eficaz que defenda o Estado de direito, a nível nacional e local. / Outcome 3: By 2027, more people, especially women, youth and those in vulnerable groups, freely exercise their rights, participate in, and benefit from, inclusive, resilient, transparent, and accountable institutions and a more modernized, transformative and effective system of democratic governance that upholds the rule of law, at national and local levels.","Produto 3.1.1: Mais pessoas, particularmente mulheres, jovens e pessoas que vivem em situações vulneráveis, estão empoderadas para exercer os seus direitos, individualmente ou através de organizações da sociedade civil mais fortes e mais eficazes.","Number of new people registered with legal identity, with UN's support","REF. # INDICADOR MENU DE PRODUTO: OI 16.5
LINHA DE BASE: Por Tipo de Identidade Jurídica: • Certidão de nascimento: 0; • Certidão de casamento: 0; • Certidão de divórcio: 0; • Certidão de Óbito: 0; • Bilhete de identidade: 0; • Passaporte: 0; • Autorização de residência: 0 (2022)
META: Por Tipo de Identidade Jurídica: • Certidão de nascimento: 1000 (F 500; M 500); • Certidão de casamento: 1000 (F 500; M 500); • Certidão de divórcio: 1000 ((F 500; M 500); • Certidão de óbito: 1000 (F 500; M 500); • Bilhete de identidade: 1000 (F 500; M 500); • Passaporte: 1000 (F 500; M 500); • Autorização de residência: 1000 (F 500; M 500) (2023)
AGÊNCIA RESPONSÁVEL: OIM: Fátima Falua
FONTE / MEIOS DE VERIFICAÇÃO: Relatórios anuais do projeto “Programa Global: Melhorar a Readmissão e a Capacidade de Identidade Legal (Relica)”; Comunicação formal por escrito do lançamento das plataformas de pedido online de emissão de certidão de nascimento, certidão de casamento, certidão de divórcio, certidão de óbito, bilhete de identidade, passaporte e título de residência, bem como o relatório do dashboard da plataforma sobre o número de pedidos efetuados por tipo de documento informado pelo DGRNI DEF, e SNIAC.","2023-01-01","2027-12-31","People","0","-","0","",1750,1335,"As of now, the only way to collect such data would've been from OACV and even then the data is not official one as this is a project to be implemented between OACV and MoJ with a platform that monitors this performance. The Judiciary Superior Council does not measure ""people access"" but of processed cases - 2022/2023 period during which 24,442 cases were processed (of which 12,454 are civil and 11,988 are criminal cases), 717 more than in the previous judicial year.",1750,"-","-",1750,"-","-",1750,"-","-",,,"IOM","International Organization for Migration"
"Efeito 3.1: Até 2027, mais pessoas, especialmente mulheres, jovens e grupos vulneráveis, exercerão livremente os seus direitos, participarão e beneficiarão de instituições inclusivas, resilientes, transparentes e responsáveis e de um sistema de governação democrática mais modernizado, transformador e eficaz que defenda o Estado de direito, a nível nacional e local. / Outcome 3: By 2027, more people, especially women, youth and those in vulnerable groups, freely exercise their rights, participate in, and benefit from, inclusive, resilient, transparent, and accountable institutions and a more modernized, transformative and effective system of democratic governance that upholds the rule of law, at national and local levels.","Produto 3.1.4: Os sistemas de justiça e segurança são reforçados para melhorar o acesso, ser responsável, eficaz e eficiente, prevenir a violência, lutar contra o tráfico ilícito e os crimes, especialmente os crimes contra mulheres e crianças, e proporcionar uma solução eficaz.","Number of people, who have access to justice, with UN's support","REF. # INDICADOR MENU DE PRODUTO: OI 16.6
LINHA DE BASE: 5.000 (Para o baseline, os dados disponíveis não estão desagregados por sexo e idade.) (2022)
META: 28.000 (XX F; XX M) Acrescentar idade/faixa etária; Prever a desagregação (2027)
AGÊNCIA RESPONSÁVEL: UNDP: Elisabete Mendes
FONTE / MEIOS DE VERIFICAÇÃO: Actas e registos oficiais anuais do Ministério da Justiça/DGPJ, relatório anual da Ordem dos Advogados","2023-01-01","2027-12-31","People",5000,4600,"-","UNDP:&nbsp;As of now, the only way to collect such data would've been from OACV and even then the data is not official one as this is a project to be implemented between OACV and MoJ with a platform that monitors this performance. The Judiciary Superior Council (2022/2023 Official Report) does not measure ""people's access"" but processed cases - 2022/2023 period during which 24,442 cases were processed (of which 12,454 are civil and 11,988 are criminal cases), 717 more than in the previous judicial year.",4600,"-","-",4600,"-","The Judiciary Superior Council (2024/2025 Official Report) does not measure ""people's access"" but processed cases. During the 2024/25 judicial year (August 1, 2024 to July 31, 2025), 25,515 cases were processed (of which 11,629 are civil and 13,886 are criminal cases), 520 more than in the previous judicial year.",4600,"-","-",4600,"-","-",,,"UNDP","United Nations Development Programme"
"Efeito 2.1: Até 2027, uma economia mais sustentável, inclusiva, diversificada e integrada gerará empregos decentes, segurança alimentar e nutrição para os mais vulneráveis, especialmente as mulheres, os jovens e os mais pobres. / Outcome 2.1: By 2027, a more sustainable, inclusive, diversified and integrated economy generates decent jobs, food security and nutrition for the most vulnerable, especially women, youth and the extreme poor.","Produto 2.1.2: As pequenas e médias empresas são integradas nas cadeias verde, azul e de valor, suas capacidades produtivas e acesso a serviços financeiros e não financeiros são fortalecidos e soluções de mercado, baseadas na natureza e com eficiência energética (no setor privado) são promovidos.","Number of policies developed or improved for the benefit of micro, small and medium-sized enterprises (MSMEs) with business sector input and promulgated or implemented by the Government, with UN's support","REF. # INDICADOR MENU DE PRODUTO: OI 17.1
LINHA DE BASE: UNESCO: 0 (2022)
META: UNESCO: 1 (2027)
AGÊNCIA RESPONSÁVEL: UNESCO: Adele Nibona
FONTE / MEIOS DE VERIFICAÇÃO: Novo Estatuto da Lei do Artista de Cabo Verde (apoiado pela UNESCO) Publicação no Boletim Oficial","2023-01-01","2027-12-31","Number","0","0","-","-","0","-","-","0","-","-","0","-","-","1","-","-",,,"UNESCO","United Nations Educational, Scientific and Cultural Organisation"
"Efeito 3.1: Até 2027, mais pessoas, especialmente mulheres, jovens e grupos vulneráveis, exercerão livremente os seus direitos, participarão e beneficiarão de instituições inclusivas, resilientes, transparentes e responsáveis e de um sistema de governação democrática mais modernizado, transformador e eficaz que defenda o Estado de direito, a nível nacional e local. / Outcome 3: By 2027, more people, especially women, youth and those in vulnerable groups, freely exercise their rights, participate in, and benefit from, inclusive, resilient, transparent, and accountable institutions and a more modernized, transformative and effective system of democratic governance that upholds the rule of law, at national and local levels.","Produto 3.1.3: As instituições públicas e privadas a todos os níveis têm capacidades reforçadas para coordenar, desenvolver parcerias e aumentar a mobilização de recursos financeiros e técnicos internos e externos, incluindo da diáspora.","Degree of alignment of national budgeting system with Sustainable Development Goals (SDGs) that enable tracking of budget allocation for the SDGs, including through gender-responsive budgeting, supported by the UN","REF. # INDICADOR MENU DE PRODUTO:  OI 17.2
UNIDADE DE MEDIDA: Escala (Limitado, Moderado, Alto)
LINHA DE BASE: Limitado (impossível de controlar as despesas orçamentais em os ODSs) (Plano Nacional de Desenvolvimento 2017-2021 (PEDS I) desenvolvido, mas sem qualquer seguimento das despesas orçamental em ODS (2022)
META: Moderado (as despesas orçamentais em alguns dos ODS são claras); Plano Nacional de Desenvolvimento 2022-2026 (PEDS II) em processo de finalização e alinhado com os ODS) (2027)
AGÊNCIA RESPONSÁVEL: UNDP: Elisabete Mendes
FONTE / MEIOS DE VERIFICAÇÃO: Relatório anual de execução orçamental do governo; Relatórios anuais do Ministério das Finanças DNOCP e DNP ","2023-01-01","2027-12-31","Scale","Limited","Limited","Limited","UNDP: M&amp;E allow this alignment and gender-responsive budgeting is already set (PRO PALOP-TL - gender markers for instance). Quarterly and annual State Budget Execution Report (Annual Report is set to be delivered on September 2024). DNOCP (National Directorate for Budget and Public Account) report on 4th quarter has gender related information on budget execution.","Limited","Limited","UNDP: M&amp;E allow this alignment and gender-responsive budgeting is already set (PRO PALOP-TL - gender markers for instance). Quarterly and annual State Budget Execution Report (Annual Report is set to be delivered on September 2024). DNOCP (National Directorate for Budget and Public Account) report on 4th quarter has gender related information on budget execution.","Limited","Moderate","UNDP: M&amp;E allow this alignment and gender-responsive budgeting is already set (PRO PALOP-TL - gender markers for instance). Quarterly and annual State Budget Execution Report (Annual Report is set to be delivered on September 2024). DNOCP (National Directorate for Budget and Public Account) report on 4th quarter has gender related information on budget execution.In 2025 PROPALOP-TL started to implement the Gender Equality Seal Initiative within the Ministry of Finance an important tool to measure the advances in gender equality within public entities in Cabo Verde. This is a 24 month initiative that Cabo Verde has agreed to.","Moderate","-","","Moderate","-","-",,,"UNDP","United Nations Development Programme"
"Efeito 3.1: Até 2027, mais pessoas, especialmente mulheres, jovens e grupos vulneráveis, exercerão livremente os seus direitos, participarão e beneficiarão de instituições inclusivas, resilientes, transparentes e responsáveis e de um sistema de governação democrática mais modernizado, transformador e eficaz que defenda o Estado de direito, a nível nacional e local. / Outcome 3: By 2027, more people, especially women, youth and those in vulnerable groups, freely exercise their rights, participate in, and benefit from, inclusive, resilient, transparent, and accountable institutions and a more modernized, transformative and effective system of democratic governance that upholds the rule of law, at national and local levels.","Produto 3.1.3: As instituições públicas e privadas a todos os níveis têm capacidades reforçadas para coordenar, desenvolver parcerias e aumentar a mobilização de recursos financeiros e técnicos internos e externos, incluindo da diáspora.","Data collection and analysis mechanisms/initiatives providing disaggregated data to monitor progress towards the Sustainable Development Goals (SDGs) and enhancing policy coherence for sustainable development, established/implemented with UN's support","REF. # INDICADOR MENU DE PRODUTO: OI 17.3
LINHA DE BASE: Moderado (o mecanismo de recolha de dados existe para monitorizar os dados dos GDS, mas os dados desagregados são limitados, e as implicações políticas são limitadas) (2022)
META: Alto (Mecanismo de recolha de dados fornece dados desagregados utilizados para monitorizar o progresso para os ODS e reforçar a coerência política) (2027)
AGÊNCIA RESPONSÁVEL: UNDP/UNFPA: Elisabete Mendes; FAO: Katya Mascarenhas; UNESCO: Adele Nibona
FONTE / MEIOS DE VERIFICAÇÃO: PNUD; UNFPA: Relatórios do INE; INE Anuário Estatístico;FAO: Inquérito Socioeconómico de Pesca Artesanal; Inquérito à Vulnerabilidade Alimentar e Nutricional das Famílias; contributos para as Contribuições Determinadas a Nível Nacional; Pontuação da Experiência de Insegurança AlimentarUNESCO: Relatório sobre a implementação do projecto ""ReIShaping policies for creativity and artistic freedom"".","2023-01-01","2027-12-31","Scale","Moderate","Moderate","Moderate","UNDP: An M&amp;E Platform was created and publicly presented on August 2023. INE also presented in 2023 the Statistical Report on the SDG update in the Country regarding 2022 data. Needs additional regulation (regulations for all State structures to implement and use the Platform).","Moderate","Moderate","UNDP: An M&amp;E Platform was created and publicly presented on August 2023. INE also presented in 2023 the Statistical Report on the SDG update in the Country regarding 2022 data. Needs additional regulation (regulations for all State structures to implement and use the Platform).","Moderate","Moderate","UNDP: An M&amp;E Platform was created and publicly presented on August 2023. Needs additional regulation (regulations for all State structures to implement and use the Platform).INE planned to finalize the Statistical Report on the SDG by December 2025, last update was in 2022.","High","-","-","High","-","-",,,"FAO; UNDP; UNESCO","Food and Agriculture Organization of the United Nations; United Nations Development Programme; United Nations Educational, Scientific and Cultural Organisation"
"Efeito 3.1: Até 2027, mais pessoas, especialmente mulheres, jovens e grupos vulneráveis, exercerão livremente os seus direitos, participarão e beneficiarão de instituições inclusivas, resilientes, transparentes e responsáveis e de um sistema de governação democrática mais modernizado, transformador e eficaz que defenda o Estado de direito, a nível nacional e local. / Outcome 3: By 2027, more people, especially women, youth and those in vulnerable groups, freely exercise their rights, participate in, and benefit from, inclusive, resilient, transparent, and accountable institutions and a more modernized, transformative and effective system of democratic governance that upholds the rule of law, at national and local levels.","Produto 3.1.3: As instituições públicas e privadas a todos os níveis têm capacidades reforçadas para coordenar, desenvolver parcerias e aumentar a mobilização de recursos financeiros e técnicos internos e externos, incluindo da diáspora.","Existence of a National Sustainable Development Goals (SDGs) financing strategy in the country developed with UN's support","REF. # INDICADOR MENU DE PRODUTO: OI 17.4
LINHA DE BASE: Inexistente (2022)
META: Parcialmente (2027)
AGÊNCIA RESPONSÁVEL: UNDP: Elisabete Mendes
FONTE / MEIOS DE VERIFICAÇÃO: Relatório anual do Ministério das Finanças","2023-01-01","2027-12-31","Scale","Not at all","Not at all","Not at all","","Not at all","Not at all","UNDP: Not developed. There is a ToR for the Strategy, with support from the JO and INFF based, but yet to be implemented. To be aligned with DNP and, potentially, with MNECIR (SIDS coordination unit) and implemented during CCPD (until 2027)","Not at all","Not at all","UNDP: Not developed. There is a ToR for the Strategy, with support from the JO and INFF based, but yet to be implemented. To be aligned with DNP and, potentially, with MNECIR (SIDS coordination unit) and implemented during CCPD (until 2027).With support from UNDP, MNECIR did developed a SIDS Diplomacy and Governance Strategy, publicly presented in 2025","Partially","-","-","Partially","-","-",,,"UNDP","United Nations Development Programme"
"Efeito 2.2: Até 2027, os principais ecossistemas marinhos e terrestres e a biodiversidade estarão melhor protegidos, restaurados e geridos de forma mais sustentável, e a resiliência aos choques e impactos das alterações climáticas será melhorada e mais sensíveis às questões do género. / Outcome 2.2: By 2027, key marine and land ecosystems and biodiversity are better protected, restored, and more sustainably managed and the resilience to shocks and climate change are improved and gender responsive.","Produto 2.2.1: Mais pessoas e instituições têm conhecimento e consciência da riqueza natural, dos riscos de degradações, e acesso adequado aos serviços e infra-estruturas de gestão dos recursos naturais.","Percentagem do total de terras agrícolas (ha) com maior resiliência climática e resistência à seca/estresse hídrico, conseguida com o apoio das Nações Unidas","REF. # INDICADOR MENU DE PRODUTO: Indicador do inventário6.4.2_1
LINHA DE BASE: 0% (0 ha)Total de terrenos agrícolas em Cabo Verde = 45,393 há (2020)
META: > 2 % ( > 900 ha) (2027)
AGÊNCIA RESPONSÁVEL: Recenceamento Geral Agrícola de 2015Recenceamento Geral Agrícola de 2025Relatórios de Monitorização do Projecto (1. Rumo à neutralidade da degradação do solo para maior equidade, sustentabilidade e resiliência; 2. Aumento da resiliência das comunidades locais às mudanças climáticas por meio de melhor gestão de bacias hidrográficas e restauração de terras)
FONTE / MEIOS DE VERIFICAÇÃO: FAO: Katya Mascarenhas","2023-01-01","2027-12-31","Percent","0","-","-","-","-","-","-","-","-","-","-","-","-","2","-","-","Recenceamento Geral Agrícola de 2015Recenceamento Geral Agrícola de 2025Relatórios de Monitorização do Projecto (1. Rumo à neutralidade da degradação do solo para maior equidade, sustentabilidade e resiliência; 2. Aumento da resiliência das comunidades locais às mudanças climáticas por meio de melhor gestão de bacias hidrográficas e restauração de terras)",,"-","-"
"Efeito 3.1: Até 2027, mais pessoas, especialmente mulheres, jovens e grupos vulneráveis, exercerão livremente os seus direitos, participarão e beneficiarão de instituições inclusivas, resilientes, transparentes e responsáveis e de um sistema de governação democrática mais modernizado, transformador e eficaz que defenda o Estado de direito, a nível nacional e local. / Outcome 3: By 2027, more people, especially women, youth and those in vulnerable groups, freely exercise their rights, participate in, and benefit from, inclusive, resilient, transparent, and accountable institutions and a more modernized, transformative and effective system of democratic governance that upholds the rule of law, at national and local levels.",,"3.1.2 Proporção de mulheres e raparigas de 15 anos ou mais sujeitas a violência física, sexual ou psicológica por um atual ou antigo parceiro íntimo nos últimos 12 meses, por tipo de violência e urbano/rural (UNDP)","LINHA DE BASE: Violência emocional: 14,1% (Urbana: 15,1%; Rural: 11,5%); Violência física: 13,8% (Urbana: 15,2%; Rural: 9,7%);Violência sexual: 3,7% (Urbana: 3,9%; Rural: 3,3%)(2018)
META 2027: Violência emocional: 10% (Urbano 13.5%; Rural: 6.6%); Violência física: 7,5% (Urbano: 10.1%; Rural: 5%); Violência sexual: 2.0% (Urbano: 2.8%; Rural: 1.4%)
AGÊNCIA RESPONSÁVEL: UNDP: Frederic Mbassa
FONTE / MEIOS DE VERIFICAÇÃO: INE - Inquérito Demográfico e Saúde Reprodutiva (IDSR-IV)","2023-01-01","2027-12-31","-","14,1%; 13,8%; 3,7%; ","-","0","Violência emocional: 14,1% (Urbana: 15,1%; Rural: 11,5%); Violência física: 13,8% (Urbana: 15,2%; Rural: 9,7%);Violência sexual: 3,7% (Urbana: 3,9%; Rural: 3,3%)(2018)","-","0","Violência emocional: 14,1% (Urbana: 15,1%; Rural: 11,5%); Violência física: 13,8% (Urbana: 15,2%; Rural: 9,7%);Violência sexual: 3,7% (Urbana: 3,9%; Rural: 3,3%)(2018)","-","0","Não temos dados oficiais para 2025.Estamos a aguardar dados do IDSR IV","-","0","-","10%; 7,5%; 2%","-","-","INE - Inquérito Demográfico e Saúde Reprodutiva (IDSR-IV)","Proportion of ever-partnered women and girls aged 15 years and older subjected to physical, sexual or psychological violence by a current or former intimate partner in the previous 12 months, by form of violence and by age",,
"Efeito 2.2: Até 2027, os principais ecossistemas marinhos e terrestres e a biodiversidade estarão melhor protegidos, restaurados e geridos de forma mais sustentável, e a resiliência aos choques e impactos das alterações climáticas será melhorada e mais sensíveis às questões do género. / Outcome 2.2: By 2027, key marine and land ecosystems and biodiversity are better protected, restored, and more sustainably managed and the resilience to shocks and climate change are improved and gender responsive.",,"2.2.2 Despesas nacionais totais per capita na preservação, protecção e conservação de todo o património cultural, incluindo o património material e imaterial, e natural, por fonte de financiamento (pública, privada), tipo de património (cultural, natural) e nível de governo (nacional, regional e local/municipal) (UN HABITAT, UNESCO)","LINHA DE BASE: Total de despesas: 25,121,289 CVE (IPC)Total per capita: 51.14 CVE(25,121,298 ECV / 491,233 população)(2021)
META 2027: Total de despesas: 50,505,200 CVE (IPC)Total per capita: 102.81 CVE(50,505,200 ECV / 491,233 população)
AGÊNCIA RESPONSÁVEL: UN HABITAT: Jeiza Barbosa UNESCO: Adele Nibona
FONTE / MEIOS DE VERIFICAÇÃO: Relatório anual de despesas do Instituto do Património Cultural (IPC)","2023-01-01","2027-12-31","-","51.14 ","-","-","-","-","-","-","-","-","-","-","-","-","102.81","-","-","Relatório anual de despesas do Instituto do Património Cultural (IPC)","Total per capita expenditure on the preservation, protection and conservation of all cultural and natural heritage, by source of funding (public, private), type of heritage (cultural, natural) and level of government (national, regional, and local/municipal)",,
"Efeito 2.1: Até 2027, uma economia mais sustentável, inclusiva, diversificada e integrada gerará empregos decentes, segurança alimentar e nutrição para os mais vulneráveis, especialmente as mulheres, os jovens e os mais pobres. / Outcome 2.1: By 2027, a more sustainable, inclusive, diversified and integrated economy generates decent jobs, food security and nutrition for the most vulnerable, especially women, youth and the extreme poor.",,"2.1.2 Prevalência de insegurança alimentar moderada ou grave na população, com base na Escala de Experiência de Insegurança Alimentar (FIES) (FAO, WHO)","LINHA DE BASE: 38.6% moderado e severo (42.9% F; 30.7% M)6.1% severo (7.4% F; 3.8% M) (2021)
META 2027: 31% moderado e severo3% severo
AGÊNCIA RESPONSÁVEL: FAO: Katya Mascarenhas; WHO: Luciana Chagas/Edith Pereira
FONTE / MEIOS DE VERIFICAÇÃO: SN-SAN - Inquérito Nacional de Monitorização da Vulnerabilidade Alimentar e Nutricional das Famílias, 2021 (relatório ainda não disponível)","2023-01-01","2027-12-31","Percent","38.6","-","32.1","A situação de segurança alimentar manteve-se estável comparativamente a 2022. Em 2023, os dados do Cadre Harmonisé indicam que na situação de março-maio de 2023 de uma população total analisada de 483 628 em Cabo Verde, 40 838 pessoas encontram-se em situação de crise alimentar (Fase 3) e 2 800 pessoas encontram-se em situação de emergência (Fase 4). Existe uma melhoria relativamente ao mesmo período do ano anterior.Na situação projectada (junho-agosto de 2023), a análise revela uma redução de pessoas (total de 32 287) que seriam afetadas por insegurança alimentar e nutricional. Esta redução estima-se estar relacionada com a implementação das medidas de mitigação da crise socioeconomica pelo Governo de Cabo Verde com o apoio dos parceiros internacionais tais como a FAO, PAM e UNDP através de projetos de emergência.Os dados recolhidos através do inquérito de vulnerabilidade da segurança alimentar e nutriciional das familias em 2023 serviram de base para o cálculo do FIES e posteriormente comunicados.","-","32.3","-","-","-","-","-","-","-","-","-","-","SN-SAN - Inquérito Nacional de Monitorização da Vulnerabilidade Alimentar e Nutricional das Famílias, 2021 (relatório ainda não disponível)","Prevalence of moderate or severe food insecurity in the population, based on the Food Insecurity Experience Scale (FIES)",,
"Efeito 1: Até 2027, mais pessoas, especialmente as que vivem em situações de mais vulnerabilidade ou marginalização e as que vivem com deficiências, terão acesso equitativo e utilização de serviços sociais essenciais e de proteção de alta qualidade, resilientes, sensíveis ao género e modernos. / Outcome 1: By 2027, more people, especially those living in the most vulnerable and marginalized situations and those living with disabilities, have equitable access to and use of high-quality, resilient, gender-responsive, and modern essential social services and protection.",,"1.1.2 Proporção da população que vive em agregados familiares com acesso a serviços básicos (UN HABITAT, UNDP)","LINHA DE BASE: 42% (Urbano: 49.3%; Rural: 21.1%) (2020)
META 2027: 50%
AGÊNCIA RESPONSÁVEL: UN HABITAT: Jeiza Barbosa; UNDP: Adelaide Ribeiro
FONTE / MEIOS DE VERIFICAÇÃO: INE - Recenseamento Geral da População e Habitação (RGPH-V)","2023-01-01","2027-12-31","%","42","0.54","0.54","Dados do INE indicam que 42% da população (206.318 pessoas) em Cabo Verde tem acesso a serviços urbanos básicos: sendo 49,3% (179 504 pessoas) no meio urbano e 21,1% (26 824 pessoas). A META estabelecida é aumentar para 50% até 2027. Durante o ano de 2023 foi reportado pelo MIOTH que 614 famílias (agregados familiares) do meio urbano, em Boa Vista (Sal Rei), foram realojadas, deixando as barracas, o que lhes garante o acesso aos serviços básicos urbanos (energia, água, saneamento). Igualmente na cidade da Praia (urbano) 48 agregados familiares tiveram suas habitações reabilitadas, além da melhoria física é garantido o acesso à água e energia; Isto totaliza (614 +48) 662 agregados familiares de em média 3 pessoas, perfazendo (662*3) 1983 pessoas (0,54 % da população urbana). (inserido por UNH- JB).","-","-","Dados do INE indicam que 42% da população (206.318 pessoas) em Cabo Verde tem acesso a serviços urbanos básicos: sendo 49,3% (179 504 pessoas) no meio urbano e 21,1% (26 824 pessoas). A META estabelecida é aumentar para 50% até 2027. Aguarda-se dados do MIOTH/Direção Geral da Habitação ...","-","-","-","-","-","-","50","-","-","INE - Recenseamento Geral da População e Habitação (RGPH-V)","Proportion of population living in households with access to basic services",,
"Efeito 2.1: Até 2027, uma economia mais sustentável, inclusiva, diversificada e integrada gerará empregos decentes, segurança alimentar e nutrição para os mais vulneráveis, especialmente as mulheres, os jovens e os mais pobres. / Outcome 2.1: By 2027, a more sustainable, inclusive, diversified and integrated economy generates decent jobs, food security and nutrition for the most vulnerable, especially women, youth and the extreme poor.","Produto 2.1.1: As estruturas institucionais são reforçadas e mais inclusivas, e os responsáveis ​​têm capacidades fortalecidas para um melhor ambiente de negócios, sistemas nacionais de qualidade, integração regional, uma maior contribuição da diáspora para a economia e a proteção dos direitos dos trabalhadores.","Number of rural organizations, government institutions and other relevant stakeholders with enhanced capacities for designing and implementing policies, strategies and programs that improve productivity, net income and working conditions within the agrifood system, with UN's support","REF. # INDICADOR MENU DE PRODUTO: OI 2.2
LINHA DE BASE: Tipo de instituição: • Organizações de apoio empresarial (BSO): 0 • Organização de trabalhadores: N/A • EBMO: N/A • Outro: N/A Setor: • Agricultura: N/A • Fabricação: N/A • Serviços: N/A • Todos: N/A (2022)
META: Total: 39 (2027) • ONGs e associações de mulheres: 4; • Associações Rurais (Associações de Base Comunitária e Agricultores Familiares): 15; • Associações de pescadores: 5; • Organizações cooperativas de pequenos produtores: 5; • Instituições governamentais: 10
AGÊNCIA RESPONSÁVEL: FAO: Katya Mascarenhas; UNIDO: Edson Fernandes
FONTE / MEIOS DE VERIFICAÇÃO: Relatórios de monitoramento de projetos em implementação (1. Rumo à Neutralização da Degradação da Terra para Maior Equidade, Sustentabilidade e Resiliência; 2. Aumentar a resiliência das comunidades locais às mudanças climáticas através de uma melhor gestão das bacias hidrográficas e restauração da terra; 3. Aumentar as capacidades de Cabo Verde em lidar com os efeitos das alterações climáticas em setores-chave da Economia Azul; Iniciativa de Pesca Costeira / África Ocidental) e base de dados FAOCV sobre atividades de capacitação e workshops","2023-01-01","2027-12-31","Number","0","7",8,"-","7",17,"UNIDO: Cooperativa de pesca Ribeira Barca; Associação peixeiras RB","8",13,"-","8","-","-","8","-","-",,,"UNIDO; FAO","United Nations Industrial Development Organization; Food and Agriculture Organization of the United Nations"
"Efeito 2.1: Até 2027, uma economia mais sustentável, inclusiva, diversificada e integrada gerará empregos decentes, segurança alimentar e nutrição para os mais vulneráveis, especialmente as mulheres, os jovens e os mais pobres. / Outcome 2.1: By 2027, a more sustainable, inclusive, diversified and integrated economy generates decent jobs, food security and nutrition for the most vulnerable, especially women, youth and the extreme poor.","Produto 2.1.3: Mais pessoas, especialmente mulheres, jovens, crianças, pessoas com deficiências, migrantes e extremamente pobres, têm acesso adequado e culturalmente aceite a alimentos seguros e nutritivos em todos os momentos.","Number of nutritionally vulnerable people receiving with UN's support: food/cash-based transfers/commodity vouchers/capacity strengthening transfers through malnutrition treatment and prevention programmes","REF. # INDICADOR MENU DE PRODUTO: OI 2.4
LINHA DE BASE: FAO: 2.400 (1.200 F; 1.200 M)(2022)
META: FAO: 5.500 (2.750 F; 2.750 M) (2027) 2023 - (1.000 F; 1.000 M) 2024 - (750 F; 750 M) 2025 - (600 F; 600 M) 2026 - (300 F; 300 M) 2027 - (100 F; 100 M)
AGÊNCIA RESPONSÁVEL: FAO: Katya Mascarenhas; PAM: Claudia Rodrigues
FONTE / MEIOS DE VERIFICAÇÃO: Base de dados do Sistema de Informação Geográfica (SIG)Certificação de conclusão da infraestruturaRelatórios do Projeto (1. Rumo à Neutralidade da Degradação da Terra para Maior Equidade, Sustentabilidade e Resiliência; 2. Aumentar a resiliência das comunidades locais às mudanças climáticas através de uma melhor gestão das bacias hidrográficas e restauração da terra; 3. Aumentar as capacidades de Cabo Verde em lidar com os efeitos do clima mudança em setores-chave da Economia Azul)","2023-01-01","2027-12-31","People",2400,2000,11992,"-",1500,1500,"-",1200,"-","-","600","-","-","200","-","-",,,"FAO","Food and Agriculture Organization of the United Nations"
"Efeito 2.2: Até 2027, os principais ecossistemas marinhos e terrestres e a biodiversidade estarão melhor protegidos, restaurados e geridos de forma mais sustentável, e a resiliência aos choques e impactos das alterações climáticas será melhorada e mais sensíveis às questões do género. / Outcome 2.2: By 2027, key marine and land ecosystems and biodiversity are better protected, restored, and more sustainably managed and the resilience to shocks and climate change are improved and gender responsive.","Produto 2.2.1: Mais pessoas e instituições têm conhecimento e consciência da riqueza natural, dos riscos de degradações, e acesso adequado aos serviços e infra-estruturas de gestão dos recursos naturais.","Número de programas educativos para a cidadania global e desenvolvimento sustentável (incluindo saúde, direitos humanos, higiene, Gestão da Higiene Menstrual (MHM), Educação para Competências da Vida, gestão de resíduos) integrados com o apoio das Nações Unidas","REF. # INDICADOR MENU DE PRODUTO: Indicador do inventário12.3.1_1
LINHA DE BASE: 1 Programa(2022)
META: 6 Programas (1/ano)(2027)
AGÊNCIA RESPONSÁVEL: UN HABITAT: Jeiza Barbosa
FONTE / MEIOS DE VERIFICAÇÃO: Relatório Anual da ONU Habitat sobre o Programa de Embaixadores Urbanos que trabalham na conscientização e educação para o desenvolvimento urbano sustentável","2023-01-01","2027-12-31","Number","1","1","-","-","1","-","-","1","-","-","1","-","-","1","-","-","Relatório Anual da ONU Habitat sobre o Programa de Embaixadores Urbanos que trabalham na conscientização e educação para o desenvolvimento urbano sustentável",,"-","-"
"Efeito 3.1: Até 2027, mais pessoas, especialmente mulheres, jovens e grupos vulneráveis, exercerão livremente os seus direitos, participarão e beneficiarão de instituições inclusivas, resilientes, transparentes e responsáveis e de um sistema de governação democrática mais modernizado, transformador e eficaz que defenda o Estado de direito, a nível nacional e local. / Outcome 3: By 2027, more people, especially women, youth and those in vulnerable groups, freely exercise their rights, participate in, and benefit from, inclusive, resilient, transparent, and accountable institutions and a more modernized, transformative and effective system of democratic governance that upholds the rule of law, at national and local levels.",,"3.1.3 Proporção de lugares ocupados por mulheres em (a) parlamentos nacionais e (b) governos locais (UNDP)","LINHA DE BASE:
• Assentos no Parlamento: 37,5%
• Governo: 32%
• Liderança da representação diplomática 18,8%
• Liderança das federações desportivas 4,8%
• Liderança das empresas de comunicação social: 26,5%
(2021)
Na Administração Pública e nas Empresas Públicas:
• Administração pública indireta: 41.5% (2021)
• Administração pública direta: 34,8% mulheres (2021)
• Ano judiciário: 38,7% dos magistrados (2019)
• Empresas estatais: 28% (2020);
• Em órgãos colegiais: 38% (2019)
• Administração Pública Local: 41.3% (2020)
META 2027:
• Assentos no Parlamento: pelo menos 40%
• Governo: pelo menos 40%
• Liderança da representação diplomática: pelo menos 40%
• Liderança das federações desportivas: pelo menos 30%
• Liderança das empresas de comunicação social: pelo menos 40%
Na Administração Pública e nas Empresas Públicas:
• Administração pública indireta: pelo menos 40%
• Administração pública direta: pelo menos 50% em liderança, pelo
menos 40% em posições intermediárias
• Ano judiciário: pelo menos 40% dos magistrados
• Empresas estatais: 50%
• Em órgãos colegiais: 50%
• Administração Pública Local: pelo menos 40%
AGÊNCIA RESPONSÁVEL: UNDP: Frederic Mbassa
FONTE / MEIOS DE VERIFICAÇÃO: Relatório anual do Instituto Cabo-Verdiano para a Igualdade e Equidade de Género (ICIEG)","2023-01-01","2027-12-31","%","37.5","-","37.5","Assentos no Parlamento: 37,5% • Governo: 32% • Liderança da representação diplomática 18,8% • Liderança das federações desportivas 4,8% • Liderança das empresas de comunicação social: 26,5% (2021) Na Administração Pública e nas Empresas Públicas: • Administração pública indireta: 41.5% (2021) • Administração pública direta: 34,8% mulheres (2021) • Ano judiciário: 38,7% dos magistrados (2019) • Empresas estatais: 28% (2020); • Em órgãos colegiais: 38% (2019) • Administração Pública Local: 41.3% (2020)O dado utilizado como proxy do indicador é o Assentos no Parlamento (ocupado por mulheres), últimos disponíveis em 2023 pelo INE, através do módulo ""Governação, Paz e Segurança""..","-","36.1","Assentos no Parlamento: 36,1% • Governo: 33.6% • Liderança da representação diplomática 18,8% • Liderança das federações desportivas 4,8% • Liderança das empresas de comunicação social: 26,5% (2021) Na Administração Pública e nas Empresas Públicas: • Administração pública indireta: 41.5% (2021) • Administração pública direta: 34,8% mulheres (2021) • Ano judiciário: 38,7% dos magistrados (2019) • Empresas estatais: 28% (2020); • Em órgãos colegiais: 38% (2019) • Administração Pública Local: 41.3% (2020)O dado utilizado como proxy do indicador é o Assentos no Parlamento (ocupado por mulheres), últimos disponíveis em 2024 pelo INE, através do módulo ""Governação, Paz e Segurança"".","-","38","-","-","-","-","40","-","-","Relatório anual do Instituto Cabo-Verdiano para a Igualdade e Equidade de Género (ICIEG)","Proportion of seats held by women in (a) national parliaments and (b) local governments",,
"Efeito 2.2: Até 2027, os principais ecossistemas marinhos e terrestres e a biodiversidade estarão melhor protegidos, restaurados e geridos de forma mais sustentável, e a resiliência aos choques e impactos das alterações climáticas será melhorada e mais sensíveis às questões do género. / Outcome 2.2: By 2027, key marine and land ecosystems and biodiversity are better protected, restored, and more sustainably managed and the resilience to shocks and climate change are improved and gender responsive.",,"2.2.3 Proporção de governos locais que adoptam e implementam estratégias locais de redução do risco de desastres de acordo com as estratégias nacionais de redução do risco de desastres (UNDP, UN HABITAT)","LINHA DE BASE: 63%(2019)
META 2027: 100%
AGÊNCIA RESPONSÁVEL: UNDP: Maria Benchimol; UN HABITAT: Jeiza Barbosa
FONTE / MEIOS DE VERIFICAÇÃO: Relatórios das Câmaras Municipais e da ANMCV","2023-01-01","2027-12-31","Proportion","63","-","UNDP: 63%","Sem projetos activos em 2023 neste dominio.","-","-","Sem projetos activos em 2024 neste dominio (PNUD)&nbsp;","-","-","Sem projetos activos em 2024 neste domínio. Em 2025 foi preparado um PDNA (Post-Disaster Risk Assessment) em resposta à Tempestade Erin para 4 municípios: S. Vicente, Porto Novo, Ribeira Brava e Tarrafal de S. Nicolau que contribuiu para reforçar a  gestão de riscos de desastres nesses municípios (PNUD)","-","-","-","100","-","-","Relatórios das Câmaras Municipais e da ANMCV","Proportion of local governments that adopt and implement local disaster risk reduction strategies in line with national disaster risk reduction strategies",,
"Efeito 2.1: Até 2027, uma economia mais sustentável, inclusiva, diversificada e integrada gerará empregos decentes, segurança alimentar e nutrição para os mais vulneráveis, especialmente as mulheres, os jovens e os mais pobres. / Outcome 2.1: By 2027, a more sustainable, inclusive, diversified and integrated economy generates decent jobs, food security and nutrition for the most vulnerable, especially women, youth and the extreme poor.",,"2.1.3 Indicador de anomalias no preço dos produtos alimentares (FAO)","LINHA DE BASE: Milho: -0,28Arroz: 0,61Trigo: 0,19Farinha: 0,33 (2021)
META 2027: Milho IFPA: < 0.5Arroz IFPA: < 0.5 Trigo IFPA: < 0.5Farinha IFPA: < 0.5
AGÊNCIA RESPONSÁVEL: FAO: Katya Mascarenha
FONTE / MEIOS DE VERIFICAÇÃO: SN-SAN - Boletim interno sobre o preço dos produtos alimentares","2023-01-01","2027-12-31","Index","-","-","-","A Organização das Nações Unidas para a Alimentação e a Agricultura (FAO) informou que os preços mundiais dos géneros alimentícios caíram 13,7% em 2023, principalmente devido a uma descida de 15,4% no índice de preços dos cereais. O abrandamento das preocupações com a oferta de trigo e milho contribuiu para a queda. O índice de preços dos óleos vegetais registou a maior queda, caindo 32,7%, graças à melhoria da oferta e à redução da utilização para a produção de biocombustíveis.","-","-","-","-","-","-","-","-","-","-","-","-","SN-SAN - Boletim interno sobre o preço dos produtos alimentares","Indicator of food price anomalies",,
"Efeito 1: Até 2027, mais pessoas, especialmente as que vivem em situações de mais vulnerabilidade ou marginalização e as que vivem com deficiências, terão acesso equitativo e utilização de serviços sociais essenciais e de proteção de alta qualidade, resilientes, sensíveis ao género e modernos. / Outcome 1: By 2027, more people, especially those living in the most vulnerable and marginalized situations and those living with disabilities, have equitable access to and use of high-quality, resilient, gender-responsive, and modern essential social services and protection.",,"1.1.3 Proporção de mulheres em idade reprodutiva (15-49 anos de idade) que têm a sua necessidade de planeamento familiar satisfeita com métodos modernos (UNFPA , WHO)","LINHA DE BASE: Método moderno: 43% (2018)
META 2027: Método moderno: 55%
AGÊNCIA RESPONSÁVEL: UNFPA: Ana Paula Maximiano; OMS: Luciana Chagas/Edith Pereira
FONTE / MEIOS DE VERIFICAÇÃO: INE - Inquérito Demográfico e Saúde Reprodutiva (IDSR-IV)","2023-01-01","2027-12-31","%","43","-","-","-","-","-","","-","-","Aguarda-se os dados do Inquérito Demográfico e de Saúde Reprodutiva (IDSR) IV - análise em curso.","-","-","-","55","-","-","INE - Inquérito Demográfico e Saúde Reprodutiva (IDSR-IV)","Proportion of women of reproductive age (aged 15–49 years) who have their need for family planning satisfied with modern methods",,
"Efeito 1: Até 2027, mais pessoas, especialmente as que vivem em situações de mais vulnerabilidade ou marginalização e as que vivem com deficiências, terão acesso equitativo e utilização de serviços sociais essenciais e de proteção de alta qualidade, resilientes, sensíveis ao género e modernos. / Outcome 1: By 2027, more people, especially those living in the most vulnerable and marginalized situations and those living with disabilities, have equitable access to and use of high-quality, resilient, gender-responsive, and modern essential social services and protection.","Produto 1.1.3: As políticas e os quadros regulamentares permitem melhor acesso, utilização e modernização de serviços sociais e de protecção inclusivos, digitais, sensíveis ao género e resilientes, incluindo para os assentamentos informais.","Number of national policies on health, including overall health or specific health areas such as nutrition policies, physical activity, sexual and reproductive health, non-communicable and communicable diseases, in accordance with human rights standards are developed and adopted, supported by the UN","REF. # INDICADOR MENU DE PRODUTO: OI 3.1
LINHA DE BASE: 3
META: 3
AGÊNCIA RESPONSÁVEL: OMS: Luciana Chagas; UNFPA/UNICEF: Ana Paula Maximiano
FONTE / MEIOS DE VERIFICAÇÃO: 1. Relatórios de implementação do Plano Multisectorial de redução da DCN; 2. Relatório SPAR (Relatório Anual de Auto-Avaliação do Estado Parte); 3. Relatórios Anuais dos Programas do MISAU para Crianças e Adolescentes","2023-01-01","2027-12-31","Number",6,"-",11,"Lei do Álcool3a edição do Guia de Vigilancia Integrada de Doenças e Resposta da OMSPlano de prevenção do paludismo, TB e Lepra (protocolo).Plano operacional malária.Relatório da Avaliação da Gestão Eficaz das Vacinas (GEV)Relatórios de implementação do Plano Multisetorial para a redução das NCD - relatório de avaliação realizado em 2023Legislação/proposta diploma legal sobre redução do consumo do sal, açúcar e gordura para a prevançaõ das NCDs discutidaRelatório SPAR - State Party Self Assesment Annual ReportMentoria para operacionalização do Centro Nacional de Operações em EmergênciasSTEPS report (o 3o STEPS report será realizado em 2028)","-",14,"Estratégia Nacional de Vacinação 2025-2029 (ENV 2025-2029)Diretrizes para o atendimento das Infeções Sexualmente Transmissíveis, incluindo o VIH em Cabo VerdeNovo Plano Multisetorial Integrado para prevenção e controlo das DNT 2024 - 2028 lançado em 2024Plano Estratégico de Saúde Sexual e Reprodutiva 2024-2028Plano Nacional de Saúde Da Criança e do Adolescente 2023-2027&nbsp;","-",27,"Carta da Praia - Compromissos multisectoriais para Prevenção da Mutilação Genital Feminina aprovada/Diálogo Multisectorial para prevenção, através da Cooperação Sul Sul com Guiné Bissau e Portugal2 Protocolos assinados entre o Ministério da Saúde e as Câmaras Municipais do Concelho da Brava e do Cocelho da Ribeira Brava - ilha de São Nicolau - No âmbito da colaboração entre o UNICEF, UNFPA e o Programa de Saúde do Adolescente","-","-","-",10,"-","-",,,"UNICEF; WHO","United Nations Children's Fund; World Health Organization"
"Efeito 1: Até 2027, mais pessoas, especialmente as que vivem em situações de mais vulnerabilidade ou marginalização e as que vivem com deficiências, terão acesso equitativo e utilização de serviços sociais essenciais e de proteção de alta qualidade, resilientes, sensíveis ao género e modernos. / Outcome 1: By 2027, more people, especially those living in the most vulnerable and marginalized situations and those living with disabilities, have equitable access to and use of high-quality, resilient, gender-responsive, and modern essential social services and protection.","Produto 1.1.1: As instituições nacionais, os parceiros sociais e as organizações da sociedade civil, têm maiores e melhores capacidades para fornecer, inovar e fazer parcerias para a protecção social e a proteção das crianças e adolescentes, os serviços essenciais, e sistemas de dados, monitorização e informação.","Level of strength of the primary health care (PHC) system, achieved with UN's  support","REF. # INDICADOR MENU DE PRODUTO 64: OI 3.2
LINHA DE BASE: 17 (2022) Comentários:1. Cuidados de Saúde Primários (PHC) - O país não tem uma estratégia de saúde digital (alavanca 11 na nota metodológica)2. Cobertura Universal da Saúde (UHC) - Plano de Reforço ERIS criado (alavanca 2 na nota metodológica) (2022)3. Plano de gestão de resíduos sanitários/sector da saúde com 1 incinerador funcional - 7.UNICEF: Baseline (escala de classificação de 0 a 41) = 13[Opções Alavanca 1 = 1; Opções 1 = Alavancas 3,5,6,7,11,13; Opções 2 = Alavancas 2, 8, 14]OMS: Baseline (escala de classificação de 0 a 41) = 17
META: 28 (2027) Comentários:1. Cuidados de saúde primários (PHC) - Ter uma estratégia de saúde digital até 2027 (Alavanca 11 - Tecnologias digitais para a saúde)2. Cobertura Universal da Saúde (UHC) - Plano de Reforço ERIS implementado (componente de formação) (Alavanca 2 - Quadros de governação e políticas)3. Plano de gestão de resíduos sanitários implementado/País com 10 incineradores funcionais e capacidade técnica reforçada - 7UNICEF: Meta (escala de classificação de 0 a 41) = 20[Alavanca de Opções 1 = 2; Opções 2= 2,3,5,6,7,8,11,13,14]OMS: Meta (escala de classificação de 0 a 41) = 28
AGÊNCIA RESPONSÁVEL: OMS: Luciana Chagas; UNICEF/UNFPA: Paula Maximiano","2023-01-01","2027-12-31","Range","17","-",21,"Contribuições da OMS nos diferentes levers:Avaliação dos Plano das Doenças Crónicas Não-Transmissíveis, Plano de Promoção da Saúde, Plano da Saúde do Idoso, Ação Climática, National Health Accounts.&nbsp;OMS está a contribuir para a implementação das Contas Nacionais dos RH em saúde.OMS tem trabalhado com SIS para a padronização e uso dos sistemas e desenvolvimento de uma estratégia de saúde digital. UNICEF e UNFPA apoiaram o GTSIS/MS neste processoContribuição de UNICEF nos diferentes levers:Plano Nacional de Resíduos Hospitalares Plano Nacional da Saúde da Criança e do Adolescente 2023-2027 Alimentação Saudável/Alimentação Segura promovida no seio de crianças e adolescentes; e iii) Redução do consumo do sal, açúcar e gordura promovida com matéria de informação produzido;Programa para redução anemia em crianças e mulheres grávidas implementado com i) suplementação de ferro nas escolas; ii) Distribuição de ferro a 100% das grávidas/puérperas e iii) micronutrientes adquiridos via UNICEF Supply DivisionAleitamento Materno imediato e exclusivo promovido a nível nacional, com i) Dia de doação de Leite Humano comemorado a nível nacional ii) 2 Postos de coleta de Leite Humano reactivados nos Centros de Saúde de Tira Chapéu e de Fazenda – Praia e iii) Código de Comercialização dos Substitutos do Leite Materno difundido a nível nacional através da comunicação social e redes sociais.No âmbito da colaboração entre o UNICEF, UNFPA e o Programa de Saúde do Adolescente, 2 Protocolos foram assinados entre o Ministério da Saúde e as Câmaras Municipais do Tarrafal e da Ribeira Brava de São NicolauUNFPA apoiou o reforço técnico do MS, através do Programa de Saúde Sexual e Reprodutiva, no que se refere ao Sistema de Informação Sanitária e seguimento dos dados","-",23,"Contribuições da OMS nos diferentes levers:Capacitação de coordenadores de programa em qualidade na saúde e segurança do doente&nbsp;Formação de formadores sobre Contas Nacionais de Recursos Humanos da Saúde e Análise do Mercado de Trabalho de Saúde (cerca de 25 pessoas) em parceria com outros SIDS, Guiné-Bissau e São Tomé e PrincipeIntegração da plataforma do Observatório Nacional da Saúde com a plataforma do Observatório Africano da Saúde – fase 2; reforço da atualização do DHIS-2 (District health information software) com a elaboração do Dicionário de Indicadores de Saúde e a formação de Formadores sobre DHIS-2 (cerca de 40 pessoas)Assistência técnica da OMS para o desenvolvimento da Estratégia Nacional de Saúde Digital e Participação nas reuniões da Comissão Intersectorial de Coordenação e Acompanhamento (CICA) da ENSDAssistência técnica da OMS na capacitação de coordenadores de programa em qualidade na saúde e segurança do doenteAssistência técnica da OMS para a formação de formadores sobre Contas Nacionais de Recursos Humanos da Saúde e Análise do Mercado de Trabalho de Saúde (cerca de 25 pessoas) em parceria com outros SIDS, Guiné-Bissau e São Tomé e PrincipeAssistência técnica da OMS para integrar a plataforma do Observatório Nacional da Saúde com a plataforma do Observatório Africano da Saúde – fase 2; reforçar a atualização do DHIS-2 (District health information software) com a elaboração do Dicionário de Indicadores de Saúde e a formação de Formadores sobre DHIS-2 (cerca de 40 pessoas)Assistência técnica da OMS para o desenvolvimento da Estratégia Nacional de Saúde Digital e Participação nas reuniões da Comissão Intersectorial de Coordenação e Acompanhamento (CICA) da ENSDContribuição do Escritório Conjunto do PNUD, UNFPA, UNICEF nos diferentes levers:Estudo de Impacto Ambiental elaborado no âmbito do processo de gestão dos resíduos sólidosNo âmbito da colaboração entre o UNICEF, UNFPA e o Programa de Saúde do Adolescente, 2 Protocolos foram assinados entre o Ministério da Saúde e as Câmaras Municipais do Maio e do Tarrafal de SantiagoUNICEF mobilizou recursos financeiros no total de 260.000 USD para a preparação e reposta à epidemia da Dengue;UNICEF mobilizou 25.000 USD para a implementação do Plano de Preparação e Reposta à Mpox - Eixo Comunicação.UNFPA apoiou o reforço técnico do MS através do Programa de Saúde Sexual e Reprodutiva, no que se refere ao Sistema de Informação Sanitária e seguimento dos dados;&nbsp;","-",24,"Contribuição do Escritório Conjunto do PNUD, UNFPA, UNICEF nos diferentes levers:Processo de Financiamento Inovador em Saúde iniciado - Relatório com Recomendações identificadas para financiamento alternativo da saúde aprovado pelo Ministro da Saúde;Plano Nacional de Alimentação e Nutrição (PNAN) 2020-2025 avaliada; Recomendações para o PNAN 2026-20304 Projetos de Mobilização de recursos financeiros adicionais para:i) Introdução de vacinas Rotavírus e Pneumocócica (PCV 13) - 130.000 USD para aquisição de vacinas, formação dos profissionais de saúde e comunicação visando adesãoii) Reforço dos cuidados de Saúde Materno-Infantil através do UNICEF/India Fund - 749.000 USD para 2026 e 2027;iii) Prevenção da Mutilação Genital Feminina através do UNICEF/Lux Nat Com - 105.000 USD para 2025 e 2026iv) Resposta à situação emergência ERIN em São Vicente através do UNICEF/USA Nat Com - 60.000 USD para 2025 e 2026","-","-","-","28","-","-","1. Publicação da estratégia no website/boletim oficial do Ministério da Saúde (OMS)2. Relatórios de formação (OMS)3. PEDS/Planos Estratégicos Sectoriais/Plano Nacional de Gestão de Resíduos Hospitalares, 4. Acordos de parceria assinados entre o MISAU e os municípios e o sector privado5. Relatórios de mobilização de fundos da UNICEF6. Relatórios das Direções do MS e dos Programas de Saúde Pública (Nutrição/EPI/PSA/SRHR/HIV/DGPOG)",,"UNFPA; UNICEF; WHO","United Nations Population Fund; United Nations Children's Fund; World Health Organization"
"Efeito 3.1: Até 2027, mais pessoas, especialmente mulheres, jovens e grupos vulneráveis, exercerão livremente os seus direitos, participarão e beneficiarão de instituições inclusivas, resilientes, transparentes e responsáveis e de um sistema de governação democrática mais modernizado, transformador e eficaz que defenda o Estado de direito, a nível nacional e local. / Outcome 3: By 2027, more people, especially women, youth and those in vulnerable groups, freely exercise their rights, participate in, and benefit from, inclusive, resilient, transparent, and accountable institutions and a more modernized, transformative and effective system of democratic governance that upholds the rule of law, at national and local levels.","Produto 3.1.4: Os sistemas de justiça e segurança são reforçados para melhorar o acesso, ser responsável, eficaz e eficiente, prevenir a violência, lutar contra o tráfico ilícito e os crimes, especialmente os crimes contra mulheres e crianças, e proporcionar uma solução eficaz.","Programas e serviços nacionais novos ou reforçados para prevenir o tráfico de pessoas (TIP), proteger as vítimas de tráfico e processar os traficantes, apoiados pelas Nações Unidas","REF. # INDICADOR MENU DE PRODUTO: Indicador do inventário16.2.2_1
LINHA DE BASE: NÃO (Programas e serviços nacionais novos ou reforçados) (2022)
META: SIM(Programas e serviços nacionais novos ou reforçados)OIM: Manual/SOP de Procedimentos Operacionais contra o Tráfico de Pessoas em Cabo Verde e o seu Kit de Ferramentas e cartaz de Fluxograma (2023)
AGÊNCIA RESPONSÁVEL: ONUDC: Cristina Andrade; OIM: Fátima Falua
FONTE / MEIOS DE VERIFICAÇÃO: Relatório Final do Projecto ""Reforço das capacidades do Governo no combate ao tráfico de pessoas em Cabo Verde (T&TA)"", incluindo a informação sobre o número do Manual/SOP de Procedimentos Operacionais contra o Tráfico de Pessoas em Cabo Verde e o seu Kit de Ferramentas e cartaz de Fluxograma distribuído a nível nacional aos intervenientes no terreno contra o tráfico.","2023-01-01","2023-12-31","Binary","NO (New or enhanced national programs and services)","YES (New or enhanced national programs and services)","NO","ONUDC - Proposta de Segundo Plano contra o Tráfico de Pessoas em Cabo Verde submetido ao Governo, para apreciação.OIM - O Manual/SOP de Procedimentos Operacionais contra o Tráfico de Pessoas em Cabo Verde deverá sofrer algumas alterações identificadas ao desenvolver os respectivos Kit de Ferramentas e cartaz de Fluxograma (que se encontram na fase final de revisão). ","-","-","-","-","-","-","-","-","-","-","-","-","Relatório Final do Projecto \""Reforço das capacidades do Governo no combate ao tráfico de pessoas em Cabo Verde (T&TA)\"", incluindo a informação sobre o número do Manual/SOP de Procedimentos Operacionais contra o Tráfico de Pessoas em Cabo Verde e o seu Kit de Ferramentas e cartaz de Fluxograma distribuído a nível nacional aos intervenientes no terreno contra o tráfico.",,"IOM; UNODC","International Organization for Migration; United Nations Office on Drugs and Crime"
"Efeito 1: Até 2027, mais pessoas, especialmente as que vivem em situações de mais vulnerabilidade ou marginalização e as que vivem com deficiências, terão acesso equitativo e utilização de serviços sociais essenciais e de proteção de alta qualidade, resilientes, sensíveis ao género e modernos. / Outcome 1: By 2027, more people, especially those living in the most vulnerable and marginalized situations and those living with disabilities, have equitable access to and use of high-quality, resilient, gender-responsive, and modern essential social services and protection.","Produto 1.1.2: Mais pessoas em situação de vulnerabilidade e marginalizadas têm acesso e são empoderadas através da educação, cuidados de saúde de qualidade e ferramentas para exercer os seus direitos.","O governo está activamente empenhado e apoiado pelas Nações Unidas em questões relacionadas com o desenvolvimento sustentável, cidadania global, direitos humanos, igualdade de género, saúde e bem-estar","REF. # INDICADOR: Indicador do inventário 4.7.1_6
LINHA DE BASE: Não (2022)
META: Sim (2024)
AGÊNCIA RESPONSÁVEL: Adele Nibona (Xavier Hospital)
FONTE / MEIOS DE VERIFICAÇÃO: Relatório sobre a iniciativa nacional de educação para o desenvolvimento sustentável para 2030; UNESCO; UNFPA: Relatório da ceremónia de engajamento da Africa Occidental e Central para Adolescentes e Jovens Educados, Saudáveis e Realizados","2023-01-01","2024-12-31","Binary","No","No","-","-","Yes","-","-","-","-","-","-","-","-","-","-","-","Relatório MIOTH sobre a implementação do Plano Nacional de Habitação; Relatório de Implementação do Plano de Regeneração Urbana;",,"UNESCO; UNFPA","United Nations Educational, Scientific and Cultural Organisation; United Nations Population Fund"
"Efeito 3.1: Até 2027, mais pessoas, especialmente mulheres, jovens e grupos vulneráveis, exercerão livremente os seus direitos, participarão e beneficiarão de instituições inclusivas, resilientes, transparentes e responsáveis e de um sistema de governação democrática mais modernizado, transformador e eficaz que defenda o Estado de direito, a nível nacional e local. / Outcome 3: By 2027, more people, especially women, youth and those in vulnerable groups, freely exercise their rights, participate in, and benefit from, inclusive, resilient, transparent, and accountable institutions and a more modernized, transformative and effective system of democratic governance that upholds the rule of law, at national and local levels.","Produto 3.1.2: As instituições estatais reforçaram as capacidades para um desenho e implementação de políticas e estratégias mais coerentes, transparentes, responsáveis, baseadas em provas e resultados, participativas e inovadoras a todos os níveis, a fim de abordar barreiras estruturais, aumentar o crescimento económico, reduzir as disparidades territoriais e sociais e fazer avançar a igualdade de género e os direitos humanos.","Número de leis que foram adoptadas, revistas ou revogadas para promover a igualdade de género e o empoderamento das mulheres com base em normas e padrões internacionais de direitos humanos desenvolvidos, com o apoio das Nações Unidas, para: (a) eliminar a violência contra mulheres e raparigas (EVAWG), incluindo práticas nocivas (HP); e (b) Promover a igualdade de acesso aos cuidados, informação e educação em saúde sexual e reprodutiva (SRH) com base em normas e padrões internacionais de direitos humanos","REF. # INDICADOR MENU DE PRODUTO: Este indicador foi retirado do Menu (e não foi incluído no Inventário). Não tem código.
LINHA DE BASE: (a) UNFPA: Existem 2 Leis - Lei Especial sobre Violência Baseada no Género / Lei de Paridade (b) N/A (2022)
META: Total: 3 revistas: (a) UNFPA: contribuir para a revisão da (a) Lei Especial sobre Violência Baseada no Género / Lei de Paridade | UNESCO: contribuir para a revisão do EVAWG(b) N/A (2027)
AGÊNCIA RESPONSÁVEL: UNFPA: Elisabete MendesUNESCO: Adele Nibona
FONTE / MEIOS DE VERIFICAÇÃO: Publicação no Boletim Oficial com revisão aprovada","2023-01-01","2027-12-31","Number","There are 2 Laws - Special Law on Gender-Based Violence / Parity Law","There are 2 Laws - Special Law on Gender-Based Violence / Parity Law","There are 2 Laws - Special Law on Gender-Based Violence / Parity Law0","-","There are 2 Laws - Special Law on Gender-Based Violence / Parity Law","There are 2 Laws - Special Law on Gender-Based Violence / Parity Law0","-","There are 2 Laws - Special Law on Gender-Based Violence / Parity Law","There are 2 Laws - Special Law on Gender-Based Violence / Parity Law0","-","There are 2 Laws - Special Law on Gender-Based Violence / Parity Law","-","-","Total: 3 revised laws","-","-","Publicação no Boletim Oficial com revisão aprovada",,"UNFPA","United Nations Population Fund"
"Efeito 2.2: Até 2027, os principais ecossistemas marinhos e terrestres e a biodiversidade estarão melhor protegidos, restaurados e geridos de forma mais sustentável, e a resiliência aos choques e impactos das alterações climáticas será melhorada e mais sensíveis às questões do género. / Outcome 2.2: By 2027, key marine and land ecosystems and biodiversity are better protected, restored, and more sustainably managed and the resilience to shocks and climate change are improved and gender responsive.","Produto 2.2.4: Os atores têm melhor acesso ao conhecimento, técnicas e tecnologias inovadoras para um planeamento territorial integrado sensível ao género, incluindo a tomada de decisões sobre o uso da terra e do mar, o funcionamento saudável dos ecossistemas e o aumento sustentável dos serviços prestados.","Mecanismos interinstitucionais em vigor para a gestão do património cultural e natural, incluindo o turismo sustentável, apoiados pelas Nações Unidas","REF. # INDICADOR MENU DE PRODUTO: Indicador do inventário8.9.1_1
LINHA DE BASE: Sim (mas não em vigor)(2022)
META: Sim(2027) - (Mecanismos ou grupos de trabalho activos inter-sectoriais e inter-regionais, tais como grupos de trabalho formados por representantes do Ministério da Cultura e do Ministério do Ambiente e da Agricultura que estão empenhados na protecção dos conhecimentos tradicionais detidos pelas comunidades sobre a utilização sustentável dos recursos naturais/ou uma equipa de peritos em património subaquático do Senegal e de Cabo Verde que estão colectivamente empenhados na protecção do seu património submerso).
AGÊNCIA RESPONSÁVEL: UNESCO: Adele NibonaUNDP: Maria Benchimol
FONTE / MEIOS DE VERIFICAÇÃO: Relatório anual do IPC sobre actividades para a protecção do património mundial (natural e cultural), património cultural imaterial, património cultural subaquáticoRelatórios de projectos da UNESCO: Gestão e Protecção Sustentáveis do Património Cultural Subaquático; Gestão do Património Mundial pós COVID-19: integração de estratégias de conservação, turismo e meios de subsistência locais em sítios do património mundialRelatório Anual do PNUD GEF-6","2023-01-01","2027-12-31","Binary","NO","-","-","-","-","-","UNDP: O projecto PNUD-GEF, 2Governacao da Biodiversidade"" foi aprovado em 2023 e está previsto o seu arranque em 2024","-","-","-","-","-","-","YES","-","-","Relatório anual do IPC sobre actividades para a protecção do património mundial (natural e cultural), património cultural imaterial, património cultural subaquáticoRelatórios de projectos da UNESCO: Gestão e Protecção Sustentáveis do Património Cultural Subaquático; Gestão do Património Mundial pós COVID-19: integração de estratégias de conservação, turismo e meios de subsistência locais em sítios do património mundialRelatório Anual do PNUD GEF-6",,"-","-"
"Efeito 3.1: Até 2027, mais pessoas, especialmente mulheres, jovens e grupos vulneráveis, exercerão livremente os seus direitos, participarão e beneficiarão de instituições inclusivas, resilientes, transparentes e responsáveis e de um sistema de governação democrática mais modernizado, transformador e eficaz que defenda o Estado de direito, a nível nacional e local. / Outcome 3: By 2027, more people, especially women, youth and those in vulnerable groups, freely exercise their rights, participate in, and benefit from, inclusive, resilient, transparent, and accountable institutions and a more modernized, transformative and effective system of democratic governance that upholds the rule of law, at national and local levels.",,"3.1.4 Total de fluxos de recursos para o desenvolvimento, por países beneficiários e doadores e tipo de fluxo (por exemplo, ajuda pública ao desenvolvimento, investimento directo estrangeiro e outros fluxos) (UNDP, UNCTAD)","LINHA DE BASE: • Ajuda Pública ao Desenvolvimento: 18,346 milhões de CVE (2015); • Investimento Direto Estrangeiro no País: 9.036,6 milhões de CVE (2021); • Remessas de emigrantes (corrente e capital): 25,833.4 milhões de CVE (2021)
META 2027: • Assistência Oficial ao Desenvolvimento: 22,000 milhões de CVE; • Investimento Direto Estrangeiro no País: 14,500 milhões de CVE; • Remessas de emigrantes (corrente e capital): 32,415 milhões de CVE
AGÊNCIA RESPONSÁVEL: UNDP: Frederic Mbassa; UNCTAD: Jean-Philippe Rodde
FONTE / MEIOS DE VERIFICAÇÃO: Relatório Anual do Banco de Cabo Verde","2023-01-01","2027-12-31","-","18,346; 9,036; 25,883","-","-","-","-","-","-","-","-","-","-","-","-","22,000; 14,500; 32,415","-","-","Relatório Anual do Banco de Cabo Verde","Total resource flows for development, by recipient and donor countries and type of flow (e.g. official development assistance, foreign direct investment and other flows)",,
"Efeito 2.2: Até 2027, os principais ecossistemas marinhos e terrestres e a biodiversidade estarão melhor protegidos, restaurados e geridos de forma mais sustentável, e a resiliência aos choques e impactos das alterações climáticas será melhorada e mais sensíveis às questões do género. / Outcome 2.2: By 2027, key marine and land ecosystems and biodiversity are better protected, restored, and more sustainably managed and the resilience to shocks and climate change are improved and gender responsive.",,"2.2.4 Existência de contribuições determinadas a nível nacional, estratégias a longo prazo, planos nacionais de adaptação e comunicações de adaptação, tal como comunicadas ao Secretariado da Convenção-Quadro das Nações Unidas sobre Alterações Climáticas (UNDP, UNESCO)","LINHA DE BASE: Cabo Verde tem:- contribuições determinadas a nível nacional - SIM- estratégias a longo prazo - SIM - Roteiro- planos nacionais de adaptação - SIM, e - comunicações de adaptação a serem preparadas(2022)
META 2027: Relatórios/atualização dos planos e estratégias nacionais de acordo com os exigências da UNFCCC
AGÊNCIA RESPONSÁVEL: UNDP: Maria Benchimol; UN HABITAT: Jeiza Barbosa
FONTE / MEIOS DE VERIFICAÇÃO: Ministério da Agricultura e do Ambiente (DNA) - Comunicação Nacional a cada 5 anos e Relatório Bianual (BUR) das Alterações Climáticas e Comunicação Nacional","2023-01-01","2027-12-31","-","3","3","3","O NDC é uma Estratégia Nacional do Governo no âmbito do Acordo de Paris- UNFCCC) em vigor até 2030. UNDP vem contribuindo para a sua implementação através do Projeto Quarta Comunicação-BUR que encerra em 2024.","3","3","NDC 2021 encontra-se em&nbsp;execucao pelo Governo. Foi submetido o 1 Relatório Bienal sobre mudancas climaticas ao UNFCC e submetido ao Governo o documento de&nbsp;Quarta Comunicacao nacional sobre as Mudancas climaticas a ser submetido ao Secretariado em inicio de 2025&nbsp;","3","-","Preparado e submetido o NDC 3.0 ao UNFCCC","-","-","-","2","-","-","Ministério da Agricultura e do Ambiente (DNA) - Comunicação Nacional a cada 5 anos e Relatório Bianual (BUR) das Alterações Climáticas e Comunicação Nacional","Number of least developed countries and small island developing States with nationally determined contributions, long-term strategies, national adaptation plans and adaptation communications, as reported to the secretariat of the United Nations Framework Convention on Climate Change",,
"Efeito 2.1: Até 2027, uma economia mais sustentável, inclusiva, diversificada e integrada gerará empregos decentes, segurança alimentar e nutrição para os mais vulneráveis, especialmente as mulheres, os jovens e os mais pobres. / Outcome 2.1: By 2027, a more sustainable, inclusive, diversified and integrated economy generates decent jobs, food security and nutrition for the most vulnerable, especially women, youth and the extreme poor.",,"2.1.4 Proporção da superfície agrícola sob agricultura produtiva e sustentável (FAO)","LINHA DE BASE: Área agrícola: 70.433 haProporção da área agrícola: 17%(2020, Proxy)
META 2027: Área agrícola: 70.433 haProporção da área agrícola: 17%.
AGÊNCIA RESPONSÁVEL: FAO: Katya Mascarenha
FONTE / MEIOS DE VERIFICAÇÃO: Dados administrativos produzidos pela DGASP - MAARecenseamento Geral da Agricultura de 2025","2023-01-01","2027-12-31","%","17","-","-","Não existem dados a reportar em 2023. ","-","-","-","-","-","-","-","-","-","17","-","-","Dados administrativos produzidos pela DGASP - MAARecenseamento Geral da Agricultura de 2025","Proportion of agricultural area under productive and sustainable agriculture",,
"Efeito 1: Até 2027, mais pessoas, especialmente as que vivem em situações de mais vulnerabilidade ou marginalização e as que vivem com deficiências, terão acesso equitativo e utilização de serviços sociais essenciais e de proteção de alta qualidade, resilientes, sensíveis ao género e modernos. / Outcome 1: By 2027, more people, especially those living in the most vulnerable and marginalized situations and those living with disabilities, have equitable access to and use of high-quality, resilient, gender-responsive, and modern essential social services and protection.",,"1.1.4 Cobertura dos serviços essenciais de saúde (WHO, UNFPA, UNODC)","LINHA DE BASE: Índice Universal de Cobertura da Saúde: 69 (2019)
META 2027: Índice: 89
AGÊNCIA RESPONSÁVEL: OMS: Luciana Chagas/Edith Pereira; UNFPA: Ana Paula Maximiano; ONUDC: Cristina Andrade
FONTE / MEIOS DE VERIFICAÇÃO: Ministério da Saúde e da Segurança Social, Relatório Estatístico Anual Fonte: https://www.who.int/data/gho/data/indicators/indicator-details/GHO/uhc-index-of-service-coverage","2023-01-01","2027-12-31","Index","69","80","79","Comentário OMS: De acordo com projeção do indicador 3.8.1, é estimado um aumento de 69 em 2019 para 79 em 2023. O indicador 3.8.1 é um index composto por 14 indicadores. Desses, são observados avanços nos indicadores de cobertura de vacinação, de redução de doenças transmissíveis (a exemplo da eliminação da malária no país), além dos avanços da implementação do Regulamento Sanitário Internacional.","82","81","Comentário OMS: De acordo com projeção do indicador 3.8.1, é estimado um aumento de 69 em 2019 para 81 em 2024. Esse indicador 3.8.1 é um index composto por 14 indicadores. Desses, são observados avanços nos indicadores de cobertura de vacinação, de redução de doenças transmissíveis (a exemplo da eliminação da malária no país), além dos avanços da implementação do Regulamento Sanitário Internacional.","85","-","-","88","-","","91","-","-","Ministério da Saúde e da Segurança Social, Relatório Estatístico AnualFonte: https://www.who.int/data/gho/data/indicators/indicator-details/GHO/uhc-index-of-service-coverage","Coverage of essential health services",,
"Efeito 1: Até 2027, mais pessoas, especialmente as que vivem em situações de mais vulnerabilidade ou marginalização e as que vivem com deficiências, terão acesso equitativo e utilização de serviços sociais essenciais e de proteção de alta qualidade, resilientes, sensíveis ao género e modernos. / Outcome 1: By 2027, more people, especially those living in the most vulnerable and marginalized situations and those living with disabilities, have equitable access to and use of high-quality, resilient, gender-responsive, and modern essential social services and protection.","Produto 1.1.1: As instituições nacionais, os parceiros sociais e as organizações da sociedade civil, têm maiores e melhores capacidades para fornecer, inovar e fazer parcerias para a protecção social e a proteção das crianças e adolescentes, os serviços essenciais, e sistemas de dados, monitorização e informação.","Extent to which the UN-supported education system is inclusive andgender equitable for access to learning opportunities and in accordance with international human rights standards","REF. # INDICADOR MENU DE PRODUTO: OI 4.1
LINHA DE BASE: Escala 5Dimensão 1 - Sistemas de ensino e aprendizagem sensíveis às questões de género: Escala 5 Dimensão 2 - Integração da equidade de género nas oportunidades de desenvolvimento de competências: Escala 5(2022)
META: Escala 7 (para as Dimensões 1 e 2) Defensores: Ensino e aprendizagem transformativos em termos de género: O plano/políticas nacionais do sector educacional apoiam o ensino e a aprendizagem transformativos do género no que diz respeito a todos os seguintes aspectos: (i) currículos e/ou materiais didácticos transformados em função do género; (ii) pedagogia sensível ao género; e (iii) redução das disparidades baseadas no género(2027)A(s) política(s) nacional(is) de educação/formação e/ou plano sectorial inclui(m) e implementa(m) plenamente pelo menos três das seguintes i) políticas para a paridade de género na inscrição e aprendizagem dos estudantes em programas e disciplinas de formação profissional tradicionalmente relacionados com o género, tais como Ciência, Tecnologia, Engenharia e Matemática (STEM); ii) políticas para a paridade de género na mão-de-obra docente em programas de formação profissional e disciplinas STEM; iii) currículos e materiais para o desenvolvimento de competências (incluindo competências para a aprendizagem, capacitação pessoal, cidadania activa e/ou empregabilidade) programas que sejam transformadores do género e promovam explicitamente a igualdade de género; iv) mecanismos de incentivo (e. g. bolsas de estudo, aprendizagens, transferências monetárias, etc.) para raparigas adolescentes desfavorecidas acederem a formação com vista ao emprego no sector formal (por exemplo, STEM, empresas e outro sector formal).
AGÊNCIA RESPONSÁVEL: UNICEF/UNFPA: Ana Cristina Pires-Ferreira; UNESCO: Adele Nibona","2023-01-01","2027-12-31","Range",5,5," 5","Dimensão 1 - Sistemas de ensino e aprendizagem sensíveis às questões de género:Escala 5Dimensão 2 - Integração da equidade de género nas oportunidades de desenvolvimento de competências: Escala 5",5,5,"Dimensão 1: Sistemas de ensino e aprendizagem sensíveis às questões de género – Escala 5Dimensão 2: Integração da equidade de género nas oportunidades de desenvolvimento de competências – Escala 5Justificação:Em relação ao critério i: Políticas para a paridade de género na inscrição e aprendizagem dos estudantes em programas e disciplinas de formação profissional tradicionalmente associados ao género, como Ciência, Tecnologia, Engenharia e Matemática (STEM) — O Plano Estratégico de Desenvolvimento Sustentável (PEDS) O Plano Estratégico de Desenvolvimento Sustentável (PEDS) integra explicitamente orientações destinadas a assegurar esta paridade, promovendo ações estratégicas no setor educativo.Quanto ao critério iii: Currículos e materiais para o desenvolvimento de competências (incluindo aprendizagem, empoderamento pessoal, cidadania ativa e/ou empregabilidade) que sejam transformadores do género e promovam explicitamente a igualdade de género —A Estratégia Nacional de Educação transversaliza a educação para a cidadania no currículo escolar, abordando de forma integrada a temática da igualdade de género.Por fim, em relação ao critério iv: Mecanismos de incentivo (e.g., bolsas de estudo, programas de aprendizagem, transferências monetárias, etc.) para que raparigas adolescentes desfavorecidas possam aceder a formações que promovam o emprego no setor formal (como STEM e outros setores formais) — Este critério encontra-se implementado através dos gabinetes de orientação vocacional e profissional existentes nas escolas secundárias, que desempenham um papel crucial na promoção do acesso equitativo a oportunidades formativas.",6,5,"Em relação ao critério i: Políticas para a paridade de género na inscrição e aprendizagem dos estudantes em programas e disciplinas de formação profissional tradicionalmente associados ao género, como Ciência, Tecnologia, Engenharia e Matemática (STEM) — O Plano Estratégico de Desenvolvimento Sustentável (PEDS) O Plano Estratégico de Desenvolvimento Sustentável (PEDS) integra explicitamente orientações destinadas a assegurar esta paridade, promovendo ações estratégicas no setor educativo. Além disso o Programa de Apoio à Reforma Educativa Prioritária inclui diversas atividades visando aprofundar cconhecimento e capacidades para promoção da igualdade de género.Quanto ao critério iii: Currículos e materiais para o desenvolvimento de competências (incluindo aprendizagem, empoderamento pessoal, cidadania ativa e/ou empregabilidade) que sejam transformadores do género e promovam explicitamente a igualdade de género —A Estratégia Nacional de Educação transversaliza a educação para a cidadania no currículo escolar, abordando de forma integrada a temática da igualdade de género.Por fim, em relação ao critério iv: Mecanismos de incentivo (e.g., bolsas de estudo, programas de aprendizagem, transferências monetárias, etc.) para que raparigas adolescentes desfavorecidas possam aceder a formações que promovam o emprego no setor formal (como STEM e outros setores formais) — Este critério encontra-se implementado através dos gabinetes de orientação vocacional e profissional existentes nas escolas secundárias, que desempenham um papel crucial na promoção do acesso equitativo a oportunidades formativas.",6,"-","-",7,"-","-","UNICEF; UNFPA: Currículos do ensino primário e secundário e materiais de aprendizagem; Relatório Anual de Actividades do Ministério da Educação. UNESCO: Relatório sobre a iniciativa nacional para a educação para o desenvolvimento sustentável para 2030",,"UNESCO; UNICEF","United Nations Educational, Scientific and Cultural Organisation; United Nations Children's Fund"
"Efeito 2.1: Até 2027, uma economia mais sustentável, inclusiva, diversificada e integrada gerará empregos decentes, segurança alimentar e nutrição para os mais vulneráveis, especialmente as mulheres, os jovens e os mais pobres. / Outcome 2.1: By 2027, a more sustainable, inclusive, diversified and integrated economy generates decent jobs, food security and nutrition for the most vulnerable, especially women, youth and the extreme poor.","Produto 2.1.4: Mais pessoas têm acesso a educação e formação técnica e vocacional (TVET) adequadas para habilidades relevantes para o mercado de trabalho atual e futuro, proteção social e empregos decentes.","Number of technical and vocational education and training (TVET) institutions with improved  capacity to deliver training and assessments with UN's support","REF. # INDICADOR MENU DE PRODUTO: OI 4.2
LINHA DE BASE: 0 (zero)(2022)
META: Total: 13 (2027) (UNIDO: 10 (projecto OYA) (Confirmar com FAO se concorda a meta de 10); PNUD: 2OIM: 1)
AGÊNCIA RESPONSÁVEL: UNIDO: Edson Fernandes; PNUD (seguir): Ana Cristina Pires Ferreira; OIM: Fátima Falua; ITU: Ali Drissa
FONTE / MEIOS DE VERIFICAÇÃO: UNIDO: OYA projecto (Oportunidades para a Juventude em África) relatório anual PNUD: Relatórios Anuais do IEFPRelatórios Anuais da DGE/MoFOIM: Relatório anual do projeto “Reforço da capacidade do Município da Praia para apoiar a recuperação económica dos trabalhadores migrantes afetados pela pandemia de COVID-19 em Cabo Verde”; Revisão da postagem na mídia do lançamento público das salas de treinamento instaladas com o apoio da OIM para treinamentos de educação financeira e desenvolvimento de negócios e gestão (online e presencial), incluindo fotos.","2023-01-01","2027-12-31","Number","0","2",2,"OIM - A OIM financiou a criacão de duas salas de formação e apoiou as ações de formação presencial e virtual aos imigrantes em educação financeira, empreendorismo e gestão de negócios.","3","-","-","3",1,"UNDP: Instituto de Emprego e Formação Profissional da Praia com capacidades reforçadas para proceder a adaptações curriculares nas formações profissionais (electricidade) para atender públicos em situação de vulnerabilidade (NEET) e com baixo nível de escolaridade. ","2","-","-","3","-","-",,,"IOM; ITU; UNDP; UNIDO","International Organization for Migration; International Telecommunication Union; United Nations Development Programme; United Nations Industrial Development Organization"
"Efeito 2.1: Até 2027, uma economia mais sustentável, inclusiva, diversificada e integrada gerará empregos decentes, segurança alimentar e nutrição para os mais vulneráveis, especialmente as mulheres, os jovens e os mais pobres. / Outcome 2.1: By 2027, a more sustainable, inclusive, diversified and integrated economy generates decent jobs, food security and nutrition for the most vulnerable, especially women, youth and the extreme poor.","Produto 2.1.1: As estruturas institucionais são reforçadas e mais inclusivas, e os responsáveis ​​têm capacidades fortalecidas para um melhor ambiente de negócios, sistemas nacionais de qualidade, integração regional, uma maior contribuição da diáspora para a economia e a proteção dos direitos dos trabalhadores.","Número de produtos de conhecimento relevantes para políticas concluídos, com apoio das Nações Unidas","REF. # INDICADOR MENU DE PRODUTO: Indicador do inventário 2.3.1_15
LINHA DE BASE: 0 (zero) (2022)
META: UNECA - 2 (dois) estudos - Orçamento Sensível ao Dividendo Demográfico (BSDD) e Índice de Monitoramento do Dividendo Demográfico (DDMI) (2027)
AGÊNCIA RESPONSÁVEL: UNECA: Carolina Coutinho
FONTE / MEIOS DE VERIFICAÇÃO: UNECA - Relatório de avaliação do BSDD e relatório de implementação do DDMI","2023-01-01","2027-12-31","Number","0","0","0","Sub output implemented in 2023- 2 focal experts attended in person the third Edition of the NTA-Africa Conference on the theme “Demographic Dividend, Generational Economy and Sustainable Development in Africa: Taking stock 5 years after the adoption of the African Union Roadmap on the Demographic Dividend”, resulting that Cabo Verde took full benefit of this capacity building platform.Targets expected to be achieved in 2027.","0","0","Targets expected to be achieved in 2027","0","-","-","0","-","-","2","-","-","UNECA - Relatório de avaliação do BSDD e relatório de implementação do DDMI",,"UN ECA","United Nations Economic Commission for Africa"
"Efeito 3.1: Até 2027, mais pessoas, especialmente mulheres, jovens e grupos vulneráveis, exercerão livremente os seus direitos, participarão e beneficiarão de instituições inclusivas, resilientes, transparentes e responsáveis e de um sistema de governação democrática mais modernizado, transformador e eficaz que defenda o Estado de direito, a nível nacional e local. / Outcome 3: By 2027, more people, especially women, youth and those in vulnerable groups, freely exercise their rights, participate in, and benefit from, inclusive, resilient, transparent, and accountable institutions and a more modernized, transformative and effective system of democratic governance that upholds the rule of law, at national and local levels.","Produto 3.1.4: Os sistemas de justiça e segurança são reforçados para melhorar o acesso, ser responsável, eficaz e eficiente, prevenir a violência, lutar contra o tráfico ilícito e os crimes, especialmente os crimes contra mulheres e crianças, e proporcionar uma solução eficaz.","Número de instituições de desenvolvimento, políticas, planos em vigor, com o apoio das Nações Unidas que promovem o Estado de direito e asseguram a igualdade de acesso à justiça para todos","REF. # INDICADOR MENU DE PRODUTO: Este indicador foi retirado do Menu (e não foi incluído no Inventário). Não tem código.
LINHA DE BASE: Instituições Existentes: 3 (Ministério da Justiça; Ministério Público, Conselho Superior da Magistratura)(2022)
META: Institutions reinforced 6 (Ministério da Justiça; Ministério Público, Conselho Superior da Magistratura);Envolver-se na promoção do Estado de direito: Provedor de Justiça, Comissão Nacional para os Direitos Humanos e Cidadania; Plataforma para as ONG(2027)
AGÊNCIA RESPONSÁVEL: ONUDC: Cristina Andrade; UNDP/UNICEF: Elisabete Mendes
FONTE / MEIOS DE VERIFICAÇÃO: Relatórios Anuais do Ministério da Justiça; Relatório anual do Ministério Público e do Conselho Superior da Magistratura ao Parlamento","2023-01-01","2027-12-31","Number","3","1","-","-","1","-","-","1","-","-","2","-","-","1","-","-","Relatórios Anuais do Ministério da Justiça; Relatório anual do Ministério Público e do Conselho Superior da Magistratura ao Parlamento",,"UNDP; UNICEF; UNODC","United Nations Development Programme; United Nations Children's Fund; United Nations Office on Drugs and Crime"
"Efeito 3.1: Até 2027, mais pessoas, especialmente mulheres, jovens e grupos vulneráveis, exercerão livremente os seus direitos, participarão e beneficiarão de instituições inclusivas, resilientes, transparentes e responsáveis e de um sistema de governação democrática mais modernizado, transformador e eficaz que defenda o Estado de direito, a nível nacional e local. / Outcome 3: By 2027, more people, especially women, youth and those in vulnerable groups, freely exercise their rights, participate in, and benefit from, inclusive, resilient, transparent, and accountable institutions and a more modernized, transformative and effective system of democratic governance that upholds the rule of law, at national and local levels.",,"3.1.5 Número de vítimas de homicídio intencional por 100.000 habitantes, por sexo (UNODC)","LINHA DE BASE: 6.47 (3,25 F; 9.67 M) (2020)
META 2027: 3.23 (1.63 F; 4.84 M)
AGÊNCIA RESPONSÁVEL: ONUDC: Ana Cristina Andrade
FONTE / MEIOS DE VERIFICAÇÃO: ONUDC Estatísticas de Homicídios/UN CTS; ONUDC Estudo global sobre homicídios; https://dataunodc.un.org/content/homicide-country-data","2023-01-01","2027-12-31","-","6.47","-","-","dp-intentional-homicide-victims | dataUNODC (Data not available yet)","-","-","-","-","-","-","-","-","-","3.23","-","-","ONUDC Estatísticas de Homicídios/UN CTS; ONUDC Estudo global sobre homicídios; https://dataunodc.un.org/content/homicide-country-data","Number of victims of intentional homicide per 100,000 population, by sex and age",,
"Efeito 2.2: Até 2027, os principais ecossistemas marinhos e terrestres e a biodiversidade estarão melhor protegidos, restaurados e geridos de forma mais sustentável, e a resiliência aos choques e impactos das alterações climáticas será melhorada e mais sensíveis às questões do género. / Outcome 2.2: By 2027, key marine and land ecosystems and biodiversity are better protected, restored, and more sustainably managed and the resilience to shocks and climate change are improved and gender responsive.",,"2.2.5 Cobertura de áreas protegidas em relação a áreas marinhas (UNDP)","LINHA DE BASE: 5.66% (1,321.28 km2) 2021
META 2027: 10% de cobertura de áreas marinhas protegidas 2027
AGÊNCIA RESPONSÁVEL: UNDP: Maria Benchimol
FONTE / MEIOS DE VERIFICAÇÃO: Relatório Anual e Boletim Oficial do Ministério da Agricultura e do Ambiente (B.O.)","2023-01-01","2027-12-31","%","5.66","5.66","5.66","Projecto iniciou em 2023 com 13 meses de atraso e deverá ser concluido até 2026. Trata-se de um projecto de  execução totalmente pelo Governo de Cabo Verde sob supervisao do UNDP e financiamento GEF.","5.66","5.66","The declaration of MPAs is not made annually and depends on the implementation strategy of the Biodiversity Action Plan and the projects in the portfolio. No declaration was made in 2024, so the result remains the same as 2023. No new MPA was created in 2024.","5.66","-","A declaração de novas Áreas Marinhas Protegidas não é feita com caráter anual. Não foram declaradas novas áreas protegidas em 2024 . O projecto Gestão de ameaças está a trabalhar na operacionalização do complexo de Áreas protegidas de Sta Luzia e Ilheus Branco e Raso, já anteriormente decretados.&nbsp;","-","-","-","10","-","-","Relatório Anual e Boletim Oficial do Ministério da Agricultura e do Ambiente (B.O.)","Coverage of protected areas in relation to marine areas",,
"Efeito 2.1: Até 2027, uma economia mais sustentável, inclusiva, diversificada e integrada gerará empregos decentes, segurança alimentar e nutrição para os mais vulneráveis, especialmente as mulheres, os jovens e os mais pobres. / Outcome 2.1: By 2027, a more sustainable, inclusive, diversified and integrated economy generates decent jobs, food security and nutrition for the most vulnerable, especially women, youth and the extreme poor.",,"2.1.5 Proporção de jovens e adultos com competências em tecnologias de informação e comunicação (TIC), por tipo de competência e sexo (UNICEF, UNESCO)","LINHA DE BASE: • Copiar ou mover ficheiros/pastas: 88,0% (88,5% M; 87,6% F)• Utilizar comandos para copiar e colar, para duplicar ou mover informação 83,5%: (84,2% M; 82,6% F)• Enviar e-mails com ficheiros anexados: 62,8% (64,1% M; 61,3% F)• Criar um programa de computador utilizando linguagem de programação: 12,9% (15,4% M; 10,2% F)(2019)
META 2027: • Copiar ou mover ficheiros/pastas: 98,0% (98.5% M; 97.6% F)• Utilizar comandos para copiar e colar, para duplicar ou mover informação 93.5% (94.2% M; 92.6% F)• Enviar e-mails com ficheiros anexados: 72.8% (74.1% M; 71.3% F)• Criar um programa de computador utilizando linguagem de programação: 22,9% (25.4% M; 20.2% F)
AGÊNCIA RESPONSÁVEL: UNICEF: Ana Cristina Pires Ferreira; UNESCO: Adele Nibona; ITU: Ali Drissa
FONTE / MEIOS DE VERIFICAÇÃO: INE - IMC - Inquérito aos agregados familiares - Acesso às Tecnologias de Informação e Comunicação
Observação : sera necessario rever a meta final.","2023-01-01","2027-12-31","Proportion"," 83,5%","85,5","85,9%","• Copiar ou mover ficheiros/pastas: 21,4% (24,4% M; 12,7% F)• Utilizar comandos para copiar e colar, para duplicar ou mover informação 85,9%: (86,5% M; 82,7% F)• Enviar e-mails com ficheiros anexados: 79,9% (81,8% M; 69,6% F)• Criar um programa de computador utilizando linguagem de programação: 32,2% (35,7% M; 13,3% F)(2022)&nbsp;Foi escolhido como proxy o indicador "" Utilizar comandos para copiar e colar, para duplicar ou mover informação""","87,5"," 76,4%","• Copiar ou mover ficheiros/pastas: 81,2% (81,3% M; 81,1% F)• Utilizar comandos para copiar e colar, para duplicar ou mover informação 76,4%: (76,8% M; 76,0% F)• Enviar e-mails com ficheiros anexados: Sem dados disponíveis• Criar um programa de computador utilizando linguagem de programação: 18,0% (21,9% M; 13,6% F) (2023)&nbsp;Foi escolhido como proxy o indicador "" Utilizar comandos para copiar e colar, para duplicar ou mover informação""","89,5","77,5%","• Copiar ou mover ficheiros/pastas: 81,3% (80,8% M; 81,7% F)• Utilizar comandos para copiar e colar, para duplicar ou mover informação 77,5%: (77,9% M; 77.1% F)• Enviar e-mails com ficheiros anexados: Sem dados disponíveis• Criar um programa de computador utilizando linguagem de programação: 21,9% (25,1% M; 18,4% F) (2024)&nbsp;Foi escolhido como proxy o indicador "" Utilizar comandos para copiar e colar, para duplicar ou mover informação"" INE IMC 2024","91,5","-","","93.5","-","-","INE - IMC - Inquérito aos agregados familiares - Acesso às Tecnologias de Informação e Comunicação","Proportion of youth and adults with information and communications technology (ICT) skills, by type of skill",,
"Efeito 1: Até 2027, mais pessoas, especialmente as que vivem em situações de mais vulnerabilidade ou marginalização e as que vivem com deficiências, terão acesso equitativo e utilização de serviços sociais essenciais e de proteção de alta qualidade, resilientes, sensíveis ao género e modernos. / Outcome 1: By 2027, more people, especially those living in the most vulnerable and marginalized situations and those living with disabilities, have equitable access to and use of high-quality, resilient, gender-responsive, and modern essential social services and protection.",,"1.1.5 Taxa de conclusão (ensino primário, ensino secundário inferior, ensino secundário superior), por sexo e idade (UNICEF, UNESCO)","LINHA DE BASE: • 14-16 anos com pelo menos o 6º ano concluído: 92,2% (95,5% F; 89,0% M)• 16-18 anos com pelo menos o 8º ano concluído: 79,9% (85,3% F; 74,8% M)• 20-22 anos com pelo menos o 12º ano concluído: 31,4% (37,1% F; 26,0% M) (2020)
META 2027: • 14-16 anos com pelo menos o 6º ano concluído: 98% (99,0% F; 97,0% M)• 16-18 anos com pelo menos o 8º ano concluído: 96,0% (97,0% F; 95% M)• 20-22 anos com pelo menos o 12º ano concluído: 44% (50,6% F; 38,0% M)
AGÊNCIA RESPONSÁVEL: UNICEF: Ana Cristina Pires Ferreira UNESCO: Adele Nibona
FONTE / MEIOS DE VERIFICAÇÃO: INE - IMC - Inquérito anual aos agregados familiares","2023-01-01","2027-12-31","%","79,9%","-","80,4","• 14-16 anos com pelo menos o 6º ano concluído: 88,9% (92,4% F; 85,6% M) • 16-18 anos com pelo menos o 8º ano concluído: 80,4% (85,0% F; 75,4% M) • 20-22 anos com pelo menos o 12º ano concluído: 33,3% (42,8% F; 25,3% M) (Ano 2022)","84","76,3","• 14-16 anos com pelo menos o 6º ano concluído: 92,7% (94,4% F; 91,1% M) • 16-18 anos com pelo menos o 8º ano concluído: 76,3% (85,5% F; 67,3% M) • 20-22 anos com pelo menos o 12º ano concluído:41,2% (50,1% F; 33,7% M) (Ano 2023)","87","76,3","• 14-16 anos com pelo menos o 6º ano concluído: 92,7% (94,4% F; 91,1% M) • 16-18 anos com pelo menos o 8º ano concluído: 76,3% (85,5% F; 67,3% M) • 20-22 anos com pelo menos o 12º ano concluído:41,2% (50,1% F; 33,7% M) (Ano 2023)","92","-","-","96,0","-","-","INE - IMC - Inquérito anual aos agregados familiares","Completion rate (primary education, lower secondary education, upper secondary education)",,
"Efeito 1: Até 2027, mais pessoas, especialmente as que vivem em situações de mais vulnerabilidade ou marginalização e as que vivem com deficiências, terão acesso equitativo e utilização de serviços sociais essenciais e de proteção de alta qualidade, resilientes, sensíveis ao género e modernos. / Outcome 1: By 2027, more people, especially those living in the most vulnerable and marginalized situations and those living with disabilities, have equitable access to and use of high-quality, resilient, gender-responsive, and modern essential social services and protection.","Produto 1.1.3: As políticas e os quadros regulamentares permitem melhor acesso, utilização e modernização de serviços sociais e de protecção inclusivos, digitais, sensíveis ao género e resilientes, incluindo para os assentamentos informais.","Number of laws and regulations, based on international human rights norms and standards, developed with UN's support to: 
a) Eliminate violence against women and girls (EVAWG) including harmful practices (HP)
b) Promote access to sexual and reproductive health (SRH) care, information, and education","REF. # INDICADOR MENU DE PRODUTO: OI 5.1
LINHA DE BASE: a) 3 (três) (Código Penal, Código de Processo Penal, e Plano de Acção Nacional para Combater e Prevenir a Violência contra Crianças)(2022); b) N/A
META: a) 9 (nove) b) N/A(2027)
AGÊNCIA RESPONSÁVEL: UNICEF: Jairson Gomes
FONTE / MEIOS DE VERIFICAÇÃO: UNICEF; UNFPA; PNUD: Leis e decretos publicados no Boletim oficial, relatório anual do ICCA; Quadro regulamentar; relatório anual da UNICEF;","2023-01-01","2027-12-31","Number","3","0",2,"-","2",2,"Aprovação do Novo Estatuto da Criança e do Adolescente;Elaboração do Plano de Acção de Prevenção e Combater ao Trabalho Infantil (2025-2028);","2","-","Aprovação do Novo Estatuto da Criança e do Adolescente;Elaboração do Plano de Acção de Prevenção e Combater ao Trabalho Infantil (2025-2028); ","2","-","-","3","-","-",,,"UNICEF","United Nations Children's Fund"
"Efeito 3.1: Até 2027, mais pessoas, especialmente mulheres, jovens e grupos vulneráveis, exercerão livremente os seus direitos, participarão e beneficiarão de instituições inclusivas, resilientes, transparentes e responsáveis e de um sistema de governação democrática mais modernizado, transformador e eficaz que defenda o Estado de direito, a nível nacional e local. / Outcome 3: By 2027, more people, especially women, youth and those in vulnerable groups, freely exercise their rights, participate in, and benefit from, inclusive, resilient, transparent, and accountable institutions and a more modernized, transformative and effective system of democratic governance that upholds the rule of law, at national and local levels.","Produto 3.1.2: As instituições estatais reforçaram as capacidades para um desenho e implementação de políticas e estratégias mais coerentes, transparentes, responsáveis, baseadas em provas e resultados, participativas e inovadoras a todos os níveis, a fim de abordar barreiras estruturais, aumentar o crescimento económico, reduzir as disparidades territoriais e sociais e fazer avançar a igualdade de género e os direitos humanos.","Extent that measures developed/implemented with UN's support are in place to advance women and girl's leadership and equal participation in decision-making in: 
a) Public institutions; 
b) Elected positions, including parliaments and local governments; 
c) Judiciary; 
d) Private sector; 
e) Mediation, reconciliation and peacebuilding mechanisms; and
f) Natural resource management ","REF. # INDICADOR MENU DE PRODUTO: OI 5.3
LINHA DE BASE: 2 - Trabalho em curso; a) 0; b) 2; c) 0; d) 0; e) 1; f) 0 (2022)
META: 3- Trabalho quase concluído a) 3; b) 3; c) 2; d) 1; e) 2; f) 3 (2027)
AGÊNCIA RESPONSÁVEL: PNUD/UNFPA/UNICEF: Elisabete Mendes; UNESCO: Adele Nibona
FONTE / MEIOS DE VERIFICAÇÃO: PNUD; UNFPA; UNICEF: Levantamentos periódicos sobre o equilíbrio de género na administração pública; Comunicado de imprensaRelatórios anuais do ICIEGUNESCO: Relatórios das sessões de formação; *MOST Schools sensitization, pleas and training session - specifically on pecebuilding- reports. (*Programa de Gestão de Transformações Sociais (MOST) daUNESCO) - alvo: jovens mulheres, jovens líderes activistas e parlamentares)","2023-01-01","2027-12-31","Range",2,2,2,"UNDP, UNFPA, UNICEF: Work in progress: a) Legal Reform is in process: b) the Parity Law is being applied but need some additional reform to comply with the goal set, especially in terms of leadership positions (heads of political lists - ex. Municipalities; c) Additional efforts and capacity builidng will need to be enformed; d) Additional efforts and capacity builidng will need to be enformed: e)&nbsp;work in progress; f)&nbsp;work in progress&nbsp;",2,2,"UNDP, UNFPA, UNICEF: Work in progress: a) Legal Reform is in process: b) the Parity Law is being applied but need some additional reform to comply with the goal set, especially in terms of leadership positions (heads of political lists - ex. Municipalities; c) Additional efforts and capacity builidng will need to be enformed; d) Additional efforts and capacity builidng will need to be enformed: e)&nbsp;work in progress; f)&nbsp;work in progress&nbsp;",2,2,"UNDP, UNFPA, UNICEF: Work in progress: a) Legal Reform is in process: b) the Parity Law is being applied but need some additional reform to comply with the goal set, especially in terms of leadership positions (heads of political lists - ex. Municipalities: c) Additional efforts and capacity building will need to be enforced; d) Additional efforts and capacity building will need to be enforced: e)&nbsp;work in progress; f)&nbsp;work in progress&nbsp;",2,"-","-",3,"-","-",,,"UNDP; UNESCO","United Nations Development Programme; United Nations Educational, Scientific and Cultural Organisation"
"Efeito 3.1: Até 2027, mais pessoas, especialmente mulheres, jovens e grupos vulneráveis, exercerão livremente os seus direitos, participarão e beneficiarão de instituições inclusivas, resilientes, transparentes e responsáveis e de um sistema de governação democrática mais modernizado, transformador e eficaz que defenda o Estado de direito, a nível nacional e local. / Outcome 3: By 2027, more people, especially women, youth and those in vulnerable groups, freely exercise their rights, participate in, and benefit from, inclusive, resilient, transparent, and accountable institutions and a more modernized, transformative and effective system of democratic governance that upholds the rule of law, at national and local levels.","Produto 3.1.2: As instituições estatais reforçaram as capacidades para um desenho e implementação de políticas e estratégias mais coerentes, transparentes, responsáveis, baseadas em provas e resultados, participativas e inovadoras a todos os níveis, a fim de abordar barreiras estruturais, aumentar o crescimento económico, reduzir as disparidades territoriais e sociais e fazer avançar a igualdade de género e os direitos humanos.","Existence of national or subnational mechanism to address discriminatory gender and social norms, stereotypes, practices and power relations at the individual, social and institutional levels related to gender equality and the empowerment of women, with support of the UN","REF. # INDICADOR MENU DE PRODUTO: OI 5.4
LINHA DE BASE: NÃO - dado que o mecanismo, a Comissão Interministerial para a Igualdade de Género, não cumpre/enche todos os critérios (2022)
META: SIM - o mecanismo preenche todos os seguintes critérios:- tem um termo de referência com um enfoque específico nas normas sociais e de género relacionadas com três resultados transformadores- reunir-se regularmente,- tem um plano de acção,- são dotados de recursos- incluem organizações da sociedade civil, incluindo organizações lideradas por mulheres,- Incluir populações marginalizadas e as que são afectadas por factores LNOB - advogar por normas sociais que promovam a igualdade de género (GBV+HP), SRHR, disponibilidade de dados + qualidade,- coordenar intervenções,- providenciar supervisão (em cenários nacionais; não em cenários humanitários)(2027)
AGÊNCIA RESPONSÁVEL: PNUD/UNFPA: Elisabete Mendes; UNESCO: Adele Nibona
FONTE / MEIOS DE VERIFICAÇÃO: UNFPA; PNUD: Comité Interministerial de género - actas das reuniões e relatórios anuais; Relatórios anuais do ICIEG/MFIDS; UNESCO: MOST* Sensibilização das escolas, pedidos e relatórios de sessões de formação - alvo: jovens mulheres, jovens líderes activistas e parlamentares (*MOST: UNESCO's Management of Social Transformations (MOST) Programme: As escolas MOST são actividades de desenvolvimento de capacidades centradas no reforço das competências para a tomada de decisões fundamentadas em provas nos Estados Membros. Ajudam a desenvolver a capacidade dos investigadores e decisores para traduzir o conhecimento em acção)","2023-01-01","2027-12-31","Binary","no","no","no","NO - given that the mechanism, the Interministerial Commission for Gender Equality, does not meet/fulfill all criteria","no","no","NO - given that the mechanism, the Interministerial Commission for Gender Equality, does not meet/fulfill all criteria","no","no","NO - given that the mechanism, the Interministerial Commission for Gender Equality, does not meet/fulfill all criteria","no","-","-","yes","-","-",,,"UNDP; UNESCO","United Nations Development Programme; United Nations Educational, Scientific and Cultural Organisation"
"Efeito 2.1: Até 2027, uma economia mais sustentável, inclusiva, diversificada e integrada gerará empregos decentes, segurança alimentar e nutrição para os mais vulneráveis, especialmente as mulheres, os jovens e os mais pobres. / Outcome 2.1: By 2027, a more sustainable, inclusive, diversified and integrated economy generates decent jobs, food security and nutrition for the most vulnerable, especially women, youth and the extreme poor.","Produto 2.1.1: As estruturas institucionais são reforçadas e mais inclusivas, e os responsáveis ​​têm capacidades fortalecidas para um melhor ambiente de negócios, sistemas nacionais de qualidade, integração regional, uma maior contribuição da diáspora para a economia e a proteção dos direitos dos trabalhadores."," Existência de uma política e quadro institucional para proteger os direitos dos migrantes e refugiados e promover a coerência com o emprego, competências, proteção social e outras políticas relevantes, e que inclui a proibição de custos de recrutamento cobrados dos migrantes, desenvolvido/implementado com o apoio das Nações Unidas","REF. # INDICADOR MENU DE PRODUTO: Indicador do inventário 10.7.1_1
LINHA DE BASE: NÃO (Política (Não); Quadro institucional (Não) (2023)
META: SIM (Política (Sim); Quadro institucional (Sim)(2023)
AGÊNCIA RESPONSÁVEL: IOM
FONTE / MEIOS DE VERIFICAÇÃO: Relatórios anuais do projeto “Programa Global: Melhorar a Readmissão e a Capacidade de Identidade Legal (Relica)”; Comunicação formal escrita de validação do Programa Nacional de Acolhimento e (Re)Integração de Migrantes Retornados;
Relatórios anuais do “Projeto Regional para a África Ocidental e Central_ Abordando as necessidades multissetoriais de proteção das pessoas em movimento na rota do Mediterrâneo central”; Comunicação formal por escrito da validação do plano de ação para abordar as lacunas identificadas e apoiar o recrutamento ético por meio de um processo multistakeholder envolvendo autoridades públicas, setor privado e organizações da sociedade civil","2023-01-01","2023-12-31","Binary","NO","Yes","YES","Realizou-se uma avaliação abrangente, mapeando as políticas, legislações e mecanismos de recrutamento ético do imigrante em Cabo Verde, destacando as lacunas e deficiências, e apresentando soluções e recomendações accionáveis em conformidade. Com base nesta avaliação do país as partes interessadas estabelecerem um plano de ação nacional sobre recrutamento ético e mobilidade laboral. ","-","-","-","-","-","-","-","-","-","-","-","-","Relatórios anuais do projeto “Programa Global: Melhorar a Readmissão e a Capacidade de Identidade Legal (Relica)”; Comunicação formal escrita de validação do Programa Nacional de Acolhimento e (Re)Integração de Migrantes Retornados.  Relatórios anuais do “Projeto Regional para a África Ocidental e Central_ Abordando as necessidades multissetoriais de proteção das pessoas em movimento na rota do Mediterrâneo central”; Comunicação formal por escrito da validação do plano de ação para abordar as lacunas identificadas e apoiar o recrutamento ético por meio de um processo multistakeholder envolvendo autoridades públicas, setor privado e organizações da sociedade civil",,"IOM","International Organization for Migration"
"Efeito 3.1: Até 2027, mais pessoas, especialmente mulheres, jovens e grupos vulneráveis, exercerão livremente os seus direitos, participarão e beneficiarão de instituições inclusivas, resilientes, transparentes e responsáveis e de um sistema de governação democrática mais modernizado, transformador e eficaz que defenda o Estado de direito, a nível nacional e local. / Outcome 3: By 2027, more people, especially women, youth and those in vulnerable groups, freely exercise their rights, participate in, and benefit from, inclusive, resilient, transparent, and accountable institutions and a more modernized, transformative and effective system of democratic governance that upholds the rule of law, at national and local levels.",,"3.1.6 Proporção de vítimas de violência nos 12 meses anteriores que denunciaram a sua vitimização às autoridades competentes ou a outros mecanismos de resolução de conflitos oficialmente reconhecidos, por sexo e urbano/rural (UNODC)","LINHA DE BASE: 52,3% (59.9% F ; 46.9% M; 57.9% Urbano; 34.0% Rural) (2016)
META 2027: 56,75% (50.9% M; 65.9% F; 67.9% Urbano; 40.0% Rural)
AGÊNCIA RESPONSÁVEL: ONUDC: Ana Cristina Andrade
FONTE / MEIOS DE VERIFICAÇÃO: INE - IMC sobre a Paz e a Governação da Segurança","2023-01-01","2027-12-31","-","52,3","-","-","-","-","-","-","-","-","-","-","-","-","56,75","-","-","INE - IMC sobre a Paz e a Governação da Segurança","Proportion of victims of violence in the previous 12 months who reported their victimization to competent authorities or other officially recognized conflict resolution mechanisms",,
"Efeito 2.2: Até 2027, os principais ecossistemas marinhos e terrestres e a biodiversidade estarão melhor protegidos, restaurados e geridos de forma mais sustentável, e a resiliência aos choques e impactos das alterações climáticas será melhorada e mais sensíveis às questões do género. / Outcome 2.2: By 2027, key marine and land ecosystems and biodiversity are better protected, restored, and more sustainably managed and the resilience to shocks and climate change are improved and gender responsive.",,"2.2.6 Área florestal como proporção da área total de terra (FAO)","LINHA DE BASE: Área florestal (ha): 48,676.40Percentagem de superfície florestal: 12% (2020)
META 2027: Área florestal (ha): 48,676.40 Percentagem de superfície florestal: 12%
AGÊNCIA RESPONSÁVEL: FAO: Katya Mascarenhas
FONTE / MEIOS DE VERIFICAÇÃO: Dados administrativos produzidos pela DGASP - MAA","2023-01-01","2027-12-31","%","12","-","-","Em 2023, em parceria com o Ministério da Agricultura e Ambiente e a  Associação de agricultores da Ribeira de Rabil fez-se a fixação de 406 plantas entre tamareiras e coqueiros na Ribeira de Rabil na ilha da Boavista em substituição das acácias.Foram fixadas um total de 406 plantas dos quais 228 coqueiros e 178 Tamareiras.","-","-","-","-","-","-","-","-","-","12","-","-","Dados administrativos produzidos pela DGASP - MAA","Forest area as a proportion of total land area",,
"Efeito 2.1: Até 2027, uma economia mais sustentável, inclusiva, diversificada e integrada gerará empregos decentes, segurança alimentar e nutrição para os mais vulneráveis, especialmente as mulheres, os jovens e os mais pobres. / Outcome 2.1: By 2027, a more sustainable, inclusive, diversified and integrated economy generates decent jobs, food security and nutrition for the most vulnerable, especially women, youth and the extreme poor.",,"2.1.6 Proporção de mulheres em cargos de gestão (UNDP)","LINHA DE BASE: 37.6%(2020)
META 2027: 40%
AGÊNCIA RESPONSÁVEL: UNDP: Frederic Mbassa
FONTE / MEIOS DE VERIFICAÇÃO: INE - IMC - Inquérito às estatísticas do emprego e do mercado de trabalho","2023-01-01","2027-12-31","%","37.6","-","42","-","-","-","-","-","-","Segundo os dados do Observatório do Mercado de Trabalho publicados a Março de 2025, referentes a 2023, para cada 100 pessoas em cargos de Direção, há cerca de 42 mulheres nessa posição. Segundo dados do Recenseamento Empresarial de 2022, apenas 29% das mulheres eram responsáveis máximo de uma empresa.","-","-","-","40","-","-","INE - IMC - Inquérito às estatísticas do emprego e do mercado de trabalho","Proportion of women in managerial positions",,
"Efeito 1: Até 2027, mais pessoas, especialmente as que vivem em situações de mais vulnerabilidade ou marginalização e as que vivem com deficiências, terão acesso equitativo e utilização de serviços sociais essenciais e de proteção de alta qualidade, resilientes, sensíveis ao género e modernos. / Outcome 1: By 2027, more people, especially those living in the most vulnerable and marginalized situations and those living with disabilities, have equitable access to and use of high-quality, resilient, gender-responsive, and modern essential social services and protection.",,"1.1.6 Proporção da população urbana que vive em bairros de lata, assentamentos informais ou habitação inadequada (UN HABITAT, UNDP)","LINHA DE BASE: Qualidade estrutural: 2,1% barraca/casa de lata ou de madeira (2020)
META 2027: Qualidade estrutural: 1,5% barraca/casa de lata ou de madeira
AGÊNCIA RESPONSÁVEL: UN HABITAT: Jeiza Barbosa / UNDP: Frederic Mbassa
FONTE / MEIOS DE VERIFICAÇÃO: INE - Recenseamento Geral da População e Habitação (RGPH-V)","2023-01-01","2027-12-31","%","2.1","-","0.02","Conforme o Censo de 2021 do INE, 2.1% das habitações correspondem à tipologia não clássica (Barraca, casa de bidão, contentores etc). O que corresponde a um total de 3 125 unidades. Sendo que 2 753 são do meio urbano e 372 do meio rural.O MIOTH estabeleceu como meta a irradicação das barracas em algumas ilhas (Sal e Boa Vista) e melhorias habitacionais (Praia), sendo este último com financiamento do Banco Mundial signatário deste UNSDCF, que pretende reabilitar um total de 750 Habitações até 2026. SERIA UMA MÉDIA 187 CASAS/ANO.Em 2023 o MIOTH reportou que na cidade da Praia 48 agregados familiares (cerca de 362 pessoas - mulheres, homens, crianças e jovens) foram beneficiados no âmbito das melhorias habitacionais (Programa de Regeneração Urbana) com fundos das NU.Este resultado corresponde a uma redução de 0.02%.","-","0.9","Conforme o Censo de 2021 do INE, 2.1% das habitações correspondem à tipologia não clássica (Barraca, casa de bidão, contentores etc). O que corresponde a um total de 3 125 unidades. Sendo que 2 753 são do meio urbano e 372 do meio rural.Aguarda-se dados do MIOTH/Direção Geral da Habitação ","-","-","Segundo dados do IMC 2024, Somente 0,9% dos agregados familiares viviam em alojamentos familiares não clássicos, tais como barracas, alojamentos móveis, improvisados em edifícios não destinados à habitação, entre outros locais habitados.","-","-","-","1.5","-","-","INE - Recenseamento Geral da População e Habitação (RGPH-V)","Proportion of urban population living in slums, informal settlements or inadequate housing",,
"Efeito 3.1: Até 2027, mais pessoas, especialmente mulheres, jovens e grupos vulneráveis, exercerão livremente os seus direitos, participarão e beneficiarão de instituições inclusivas, resilientes, transparentes e responsáveis e de um sistema de governação democrática mais modernizado, transformador e eficaz que defenda o Estado de direito, a nível nacional e local. / Outcome 3: By 2027, more people, especially women, youth and those in vulnerable groups, freely exercise their rights, participate in, and benefit from, inclusive, resilient, transparent, and accountable institutions and a more modernized, transformative and effective system of democratic governance that upholds the rule of law, at national and local levels.",,"3.1.7 Detentos não condenados como proporção da população prisional em geral, por sexo (UNODC)","LINHA DE BASE: 13,0% F; 15,3% M (2018)
META 2027: 6% F; 7,5% M
AGÊNCIA RESPONSÁVEL: ONUDC: Ana Cristina Andrade
FONTE / MEIOS DE VERIFICAÇÃO: Recenseamento Prisional/UNODC investigação/WPB-ICPR/Externo","2023-01-01","2027-12-31","Proportion","-","-","-","-","-","-","-","-","-","-","-","-","-","-","-","-","Recenseamento Prisional/UNODC investigação/WPB-ICPR/Externo","Unsentenced detainees as a proportion of overall prison population",,
"Efeito 2.1: Até 2027, uma economia mais sustentável, inclusiva, diversificada e integrada gerará empregos decentes, segurança alimentar e nutrição para os mais vulneráveis, especialmente as mulheres, os jovens e os mais pobres. / Outcome 2.1: By 2027, a more sustainable, inclusive, diversified and integrated economy generates decent jobs, food security and nutrition for the most vulnerable, especially women, youth and the extreme poor.",,"2.1.7 Proporção do emprego informal no emprego total, por sexo e urbano/rural (ILO, UNDP)","Proxy: Proporção de emprego informal no sector não-agrícola: 51.6%
LINHA DE BASE: 51.6% (45% F; 58.2% M; 42.8% Urbano; 76.1% Rural)(2020, Proxy)
META 2027: 30% (24% F; 36% M; 22.8% Urban; 56.1% Rural)
AGÊNCIA RESPONSÁVEL: ILO: Tatiana Neves, UNDP: Adelaide Ribeiro
FONTE / MEIOS DE VERIFICAÇÃO: INE, IMC 2024, 2025, 2026, 2027; INE Inquérito ao Sector informal 2023; Relatório ""Form@Empresa""","2023-01-01","2027-12-31","Proportion","51.6","-","-","-","-","-","Segundo os dados do IMC -2024 , A proporção de empregos informais no total de empregos por sexo e urbano/rural&nbsp;&nbsp;:&nbsp;foi de&nbsp;48,7% ( sendo 46,8% Feminino;&nbsp;e 50,2% Masculino); (72,8% Rural; 43,5% Urbano)","-","47.7","-","-","-","-","30","-","-","INE, IMC 2024, 2025, 2026, 2027; INE, Inquérito ao Sector informal 2023; Relatório \""Form@Empresa\","Proportion of informal employment in total employment, by sector and sex",,
"Efeito 1: Até 2027, mais pessoas, especialmente as que vivem em situações de mais vulnerabilidade ou marginalização e as que vivem com deficiências, terão acesso equitativo e utilização de serviços sociais essenciais e de proteção de alta qualidade, resilientes, sensíveis ao género e modernos. / Outcome 1: By 2027, more people, especially those living in the most vulnerable and marginalized situations and those living with disabilities, have equitable access to and use of high-quality, resilient, gender-responsive, and modern essential social services and protection.",,"1.1.7 Proporção de crianças com menos de 5 anos de idade cujos nascimentos foram registados junto de uma autoridade civil, por sexo (UNICEF) ","LINHA DE BASE: Total 0-5 anos: 98% (96% F; 99.9% M) (2021)
META 2027: Total 0-5 Anos = 100% (100% F; 100% M)
AGÊNCIA RESPONSÁVEL: UNICEF: Jairson Gomes
FONTE / MEIOS DE VERIFICAÇÃO: Relatório Anual do Ministério da Justiça (DGRNI).
","2023-01-01","2027-12-31","%","98","98","98","-","98.5","98.5","In the pursuit of reducing social inequalities and ensuring the universalization of birth registration by 2027, the program successfully contributed to registered 98,5% of children aged 0–1 through civil registry authorities, marking a significant step towards providing access to fundamental rights for all and the universalization of the Birth Registration in 2027. &nbsp;","98.5","98.5","In the pursuit of reducing social inequalities and ensuring the universalization of birth registration by 2027, the program successfully contributed to registered 98,5% of children aged 0–1 through civil registry authorities, marking a significant step towards providing access to fundamental rights for all and the universalization of the Birth Registration in 2027.&nbsp;&nbsp;","-","-","-","100","-","-","Relatório Anual do Ministério da Justiça (DGRNI)","Proportion of children under 5 years of age whose births have been registered with a civil authority, by age",,
"Efeito 2.2: Até 2027, os principais ecossistemas marinhos e terrestres e a biodiversidade estarão melhor protegidos, restaurados e geridos de forma mais sustentável, e a resiliência aos choques e impactos das alterações climáticas será melhorada e mais sensíveis às questões do género. / Outcome 2.2: By 2027, key marine and land ecosystems and biodiversity are better protected, restored, and more sustainably managed and the resilience to shocks and climate change are improved and gender responsive.","Produto 2.2.3: Os quadros jurídicos e de planeamento são melhorados e melhor implementados com abordagens participativas na gestão do ambiente e dos recursos naturais, incluindo energia limpa acessível e preparação e resposta a choques.","Capacity (in megawatt) in installed renewable energy per technology, with UN's support: 
a) Solar; b) Wind; c) Biomass; d) Hydro; e) Geothermal; f) Other","REF. # INDICADOR MENU DE PRODUTO: OI 7.2
LINHA DE BASE: a) Solar: 0.312 MWb) Eólica: 0.08 MWc) Biomassa: N/Ad) Hidroeléctrica: N/Ae) Geotérmica: N/Af) Outros: N/A(2022)
META: a) Solar: 2.9 MWb) Eólica: 0.7 MWc) Biomassa: N/Ad) Hidroeléctrica: N/Ae) Geotérmica: N/Af) Outros: N/A (2023)
AGÊNCIA RESPONSÁVEL: UNIDO: Edson Fernandes
FONTE / MEIOS DE VERIFICAÇÃO: Relatórios de auditoria dos projetos de investimento sustentáveis do Nexus Energia-Água implementados ","2023-01-01","2027-12-31","Megawatt (Mw)","0.392","-",0.44,"UNIDO: Four of the projects financed by the GEF 6 project completed implementation during the reporting period. These projects installed a total of 440.8 kWp of solar photovoltaics to power a total water production capacity of 3,887 m3 per day. The water produced by these projects is estimated to benefit over 48,000 people from three different islands. Fonte: UNIDO CP Annual Report 2023UNDP. Within the scope of the small project for the promotion of renewable energy in isolated communities, the community of Decabalaio, S. Domingos, 31 people (13 families) benefited from the home installation of solar energy kits and 10 public lighting stations Installed 13 solar photovoltaic kits in 13 households (23.4 kWp (kilowatt peak);Installed 13 energy storage systems (batteries), (71.5 kWh (kilowatt-hour);","-",1.3,"UNIDO: Under Project GEF6 Water-energy nexus 18 demonstration projects were concluded. These projects installed a total of 1,3 MW renewable energy to power water resources. fonte: https://www.portalenergia.cv/nexoenergiaagua&nbsp;solar: 1.18; wind: 0.12","-","-","-","-","-","-","3.6","-","-",,,"UNIDO","United Nations Industrial Development Organization"
"Efeito 2.2: Até 2027, os principais ecossistemas marinhos e terrestres e a biodiversidade estarão melhor protegidos, restaurados e geridos de forma mais sustentável, e a resiliência aos choques e impactos das alterações climáticas será melhorada e mais sensíveis às questões do género. / Outcome 2.2: By 2027, key marine and land ecosystems and biodiversity are better protected, restored, and more sustainably managed and the resilience to shocks and climate change are improved and gender responsive.","Produto 2.2.1: Mais pessoas e instituições têm conhecimento e consciência da riqueza natural, dos riscos de degradações, e acesso adequado aos serviços e infra-estruturas de gestão dos recursos naturais.","Number of people who, with UN's support: 
a) Gained access to clean, affordable, and sustainable energy; or
b) Benefitted from services from clean, affordable, and sustainable energy","REF. # INDICADOR MENU DE PRODUTO: OI 7.3
LINHA DE BASE: a) zero/N/A (não disponível); b) 33,791 (beneficiou de água doce produzida com energia renovável)(2022)
META: a) zero/N/A; b) 47,901(2023)
AGÊNCIA RESPONSÁVEL: UNIDO: Edson Fernandes
FONTE / MEIOS DE VERIFICAÇÃO: Relatório anual do Projecto Nexus Água-Energia(a linha de base e a meta referem-se a pessoas que se beneficiam da água produzida com tecnologia de energia renovável)","2023-01-01","2027-12-31","People",33791,"-",48031,"UNIDO:Four of the projects financed by the GEF 6 project completed implementation during the reporting period. These projects installed a total of 440.8 kWp of solar photovoltaics to power a total water production capacity of 3,887 m3 per day. The water produced by these projects is estimated to benefit over 48,000 people from three different islands. Fonte: UNIDO CP Annual Report 2023With the support of UNDP, within the scope of the small project for the promotion of renewable energy in isolated communities,  in 2023 the community of Decabalaio, S. Domingos, 31 people (13 families) benefited from the home installation of solar energy kits and 10 public lighting stations &nbsp;",1348,42558,"UNIDO: Under Project GEF6 Energy-Water nexus, 18 demonstration projects were concluded. These projects installed a total of 1,3 MW renewable energy to power water resources, benefiting over 90,500 people (50% women) from all islands. fonte: https://www.portalenergia.cv/nexoenergiaagua&nbsp;",1742,"-","Em 2025 1141 mulheres e 601 homens beneficiaram de projectos de acesso à energia renovável (UNDP/SGP).","-","-","-",47901,"-","-","-",,"UNDP; UNIDO","United Nations Development Programme; United Nations Industrial Development Organization"
"Efeito 3.1: Até 2027, mais pessoas, especialmente mulheres, jovens e grupos vulneráveis, exercerão livremente os seus direitos, participarão e beneficiarão de instituições inclusivas, resilientes, transparentes e responsáveis e de um sistema de governação democrática mais modernizado, transformador e eficaz que defenda o Estado de direito, a nível nacional e local. / Outcome 3: By 2027, more people, especially women, youth and those in vulnerable groups, freely exercise their rights, participate in, and benefit from, inclusive, resilient, transparent, and accountable institutions and a more modernized, transformative and effective system of democratic governance that upholds the rule of law, at national and local levels.",,"3.1.8 Existência de instituições nacionais independentes de direitos humanos, em conformidade com os Princípios de Paris (UNDP, OHCHR)","LINHA DE BASE: Inexistente (2022)
META 2027: Existente Instituição nacional de direitos humanos em conformidade com o princípio de Paris e reconhecida pela GHANRI com estatuto A
AGÊNCIA RESPONSÁVEL: UNDP: Frederic Mbassa; OHCHR: Yabé Ba
FONTE / MEIOS DE VERIFICAÇÃO: Ministério da Justiça / Sub-Comissão GANHRI para Relatórios de Acreditação","2023-01-01","2027-12-31","-","0","-","0","-","0","0","Inexistente.O quadro legal em Cabo Verde tem a CNDHC e a Provedoria com competências em matéria de promoção e proteção dos direitos dos cidadãos, em alinhamento com o artigo 1º da Constituição da República de Cabo Verde que garante o respeito pela dignidade da pessoa humana e reconhece a inviolabilidade e inalienabilidade dos direitos humanos como fundamento de toda a comunidade humana, da paz e da justiça.Há abertura para que a conformidade com os Princípios de Paris seja verifica para uma das Entidades/Instituições mencionadas, tonando-as em INDH, que passará por uma reforma legal clara, quer nos Estatutos das mesmas ou mesmo reforma legal mais profunda, conforme está plasmado no PEDS II.Ações foram desenvolvidas com alinhamento estratégico entre a RC e o RR do Joint Office junto da atual tutela dos Direitos Humanos.","0","0","Inexistente.O quadro legal em Cabo Verde tem a CNDHC e a Provedoria com competências em matéria de promoção e proteção dos direitos dos cidadãos, em alinhamento com o artigo 1º da Constituição da República de Cabo Verde que garante o respeito pela dignidade da pessoa humana e reconhece a inviolabilidade e inalienabilidade dos direitos humanos como fundamento de toda a comunidade humana, da paz e da justiça.Há abertura para que a conformidade com os Princípios de Paris seja verifica para uma das Entidades/Instituições mencionadas, tonando-as em INDH, que passará por uma reforma legal clara, quer nos Estatutos das mesmas ou mesmo reforma legal mais profunda, conforme está plasmado no PEDS II.Ações foram desenvolvidas com alinhamento estratégico entre a RC e o RR do Joint Office junto da atual tutela dos Direitos Humanos.","0","-","-","1","-","-","Ministério da Justiça / Sub-Comissão GANHRI para Relatórios de Acreditação","Existence of independent national human rights institutions in compliance with the Paris Principles",,
"Efeito 2.1: Até 2027, uma economia mais sustentável, inclusiva, diversificada e integrada gerará empregos decentes, segurança alimentar e nutrição para os mais vulneráveis, especialmente as mulheres, os jovens e os mais pobres. / Outcome 2.1: By 2027, a more sustainable, inclusive, diversified and integrated economy generates decent jobs, food security and nutrition for the most vulnerable, especially women, youth and the extreme poor.",,"2.1.8 Proporção de jovens (15-24 anos de idade) que não se encontram a estudar, a trabalhar ou a receber formação, por sexo (UNDP)","LINHA DE BASE: 32.6% (33.1% F; 32.2% M)(2020)
META 2027: 25% (25% F; 25% M)
AGÊNCIA RESPONSÁVEL: UNDP: Adelaide Ribeiro
FONTE / MEIOS DE VERIFICAÇÃO: INE, IMC - Estatísticas do emprego e mercado de trabalho","2023-01-01","2027-12-31","-","32.6","-","-","-","-","-","Segundo os dados do IMC-Inquérito Multi-objectivo continuo 2024 , a porpoção dos jovens NEET ( com idade entre os 15 e 24 anos ) em 2024 é de 25,7 %, (25,3 % para as mulheres ; 26% para os homens ); (32,7% meio; e 23,35% Urban).Estes dados apontam para a tendência para a diminuição da percentagem dos jovens NEET rsultado da contribuição dos programas e projetos do UNSDCF com impacto a nivel nacional, contribuidno para a redução da pobreza em Cabo Verde e na implementação da Agenda 2030, PED'S e ENEPE -2022-2026.&nbsp;","-","23.9 ( F 22.9%; M 23.2%)","-","-","-","-","25","-","-","INE, IMC - Estatísticas do emprego e mercado de trabalho","Proportion of youth (aged 15–24 years) not in education, employment or training",,
"Efeito 3.1: Até 2027, mais pessoas, especialmente mulheres, jovens e grupos vulneráveis, exercerão livremente os seus direitos, participarão e beneficiarão de instituições inclusivas, resilientes, transparentes e responsáveis e de um sistema de governação democrática mais modernizado, transformador e eficaz que defenda o Estado de direito, a nível nacional e local. / Outcome 3: By 2027, more people, especially women, youth and those in vulnerable groups, freely exercise their rights, participate in, and benefit from, inclusive, resilient, transparent, and accountable institutions and a more modernized, transformative and effective system of democratic governance that upholds the rule of law, at national and local levels.","Produto 3.1.4: Os sistemas de justiça e segurança são reforçados para melhorar o acesso, ser responsável, eficaz e eficiente, prevenir a violência, lutar contra o tráfico ilícito e os crimes, especialmente os crimes contra mulheres e crianças, e proporcionar uma solução eficaz.","Existence of a legal framework giving effect to international human rights norms and standards in the world of work, including fundamental principles and rights at work, is developed with UN's support","REF. # INDICADOR MENU DE PRODUTO: OI 8.1
UNIDADE DE MEDIDA: Binário (Sim/Não)
LINHA DE BASE: SIM (Há uma série de comentários pendentes do Comitê de Peritos sobre a Aplicação de Convenções e Recomendações (CEACR) sobre a aplicação das convenções: a) atualização dos dados sobre trabalho infantil b) revisão da lista de trabalhos perigosos C) adoção de legislação específica sobre trabalho rural d) operacionalização da comissão tripartida para determinação dos servíços mínimos e) promoção da negociação coletiva; f) melhoria da aplicação do princípio do salário igual por trabalho de igual valor)(2019)
META: SIM (Através do Projeto Trade for Decent Work o objetivo é continuar a apoiar o Governo na tomada de medidas e na melhoria do cumprimento das obrigações ao nível das convenções ratificadas, diminuindo as observações ao país (casos de falha grave).(2025)
AGÊNCIA RESPONSÁVEL: OIT: Mónica Rodrigues Ramos
FONTE / MEIOS DE VERIFICAÇÃO: Relatório Global Anual do Projeto Trade for Decent WorKComentários da Comissão de Peritos para a Aplicação das Convenções e Recomendações -https://www.ilo.org/dyn/normlex/en/f?p=1000:13201:::NO:13201:P13201_COUNTRY_ID:103096","2023-01-01","2027-12-31","Binary","no","no","-","-","no","-","-","yes","-","-","-","-","-","-","-","-",,,"ILO","International Labour Organisation"
"Efeito 2.1: Até 2027, uma economia mais sustentável, inclusiva, diversificada e integrada gerará empregos decentes, segurança alimentar e nutrição para os mais vulneráveis, especialmente as mulheres, os jovens e os mais pobres. / Outcome 2.1: By 2027, a more sustainable, inclusive, diversified and integrated economy generates decent jobs, food security and nutrition for the most vulnerable, especially women, youth and the extreme poor.","Produto 2.1.1: As estruturas institucionais são reforçadas e mais inclusivas, e os responsáveis ​​têm capacidades fortalecidas para um melhor ambiente de negócios, sistemas nacionais de qualidade, integração regional, uma maior contribuição da diáspora para a economia e a proteção dos direitos dos trabalhadores.","Number of cases in which business support organizations, workers’ organizations and employers and business membership organizations have increased capacity to provide services to their members/clients to promote economic development, productive employment and decent work, as a result of UN's support","REF. # INDICADOR MENU DE PRODUTO: OI 8.3
LINHA DE BASE: UNIDO/OIT: Total: 0
Tipo de instituição:
 • Organizações de apoio empresarial (BSO): 0
 • Organização de trabalhadores: N/A
 • Organizações de associação de empregadores e empresas (EBMOs): N/A
 • Outro: N/A
 
 Setor:
 • Agricultura: N/A
 • Fabricação: N/A
 • Serviços: N/A
 • Todos: N/A
 (2022)
META: 
UNIDO/OIT TOTAL:

 Tipo de instituição:
 • Organizações de apoio empresarial (BSO): 9
 • Organização de trabalhadores: 2
 • Organizações de associação de empregadores e empresas (EBMOs): 6
 Setor:
 • Agricultura: N/A
 • Fabricação: N/A
 • Serviços: 11
 • Pesca: 9
 • Comércio: 3
 • Turismo: 3
 (2027)

UNIDO: 1
 Tipo de instituição:
 • BSO: 1 (Pro-empresa)
 • Organização de trabalhadores: N/A
 • EBMO: N/A
 Setor:
 • Agricultura: N/A
 • Fabricação: N/A
 • Serviços: N/A

OIT: (Dinastela Curado)
Tipo de instituição:
 • BSO: 6 (Secretaria Estado Fomento Empresarial, Municipios, INPS, Pro-Empresa, Casa do Cidadão, Morabi, OMCV)
 • Organização de trabalhadores: 2 (UNTC-CS, CCSL)
 • EBMO: 5 (Câmaras de Comercio do Barlavento e Sotavento, Camara do Turismo, AJEC, Associacção Comerciantes Sucupira)
 Setor:
 • Serviços: 11 (Secretaria Estado Fomento Empresarial, Municipios, INPS, Pro-Empresa, Casa do Cidadão, Morabi, OMCV, (Câmaras de Comercio do Barlavento e Sotavento, Camara do Turismo, AJEC, Associacção Comerciantes Sucupira)
 • Comércio: 3 (Câmaras de Comercio do Barlavento e Sotavento, Associacção Comerciantes Sucupira)
 • Turismo: 1 (Camara do Turismo)
(Mónica Ramos)
 Tipo de instituição:
 • BSO: 3 (Cabo Verde Tradeinvest; Gabinete de Desenvolvimento do Turismo; Instituto do Mar)
 • Organização de trabalhadores: 2 (UNTC-CS, CCSL)
 • EBMO: 3 (Câmaras de Comércio do Barlavento e Sotavento, Câmara do Turismo)
 Setor:
 • Pesca: 9 (Direção Nacional da Política do Mar, Fundo Autónomo das Pescas, Instituto do Mar, Escola do Mar, Logipesca - Atividades de Logisticas Lda, Instituto de Apoio e Promoção Empresarial (PRÓ – EMPRESA), Complexo de Pesca da Cova da Inglesa, Universidade Técnica do Atlântico/ISECMAR, Associação dos Armadores de Marinha Mercante)
 • Turismo: 3 (Cabo Verde Tradeinvest, Câmara de Turismo, Gabinete de Desenvolvimento do Turismo, Direção- geral do Trabalho
AGÊNCIA RESPONSÁVEL: UNIDO: Edson Fernandes; OIT: Dinastela Curado / Monica Rodrigues Ramos 
FONTE / MEIOS DE VERIFICAÇÃO: Relatório anual do Programa Nacional da UNIDO;  Relatório anual global do projeto ""Trade for Decent Work"" da OIT; Relatório do projeto ""Form@empresa"" da OIT","2023-01-01","2027-12-31","Number","0","8","-","-","8","-","-","8",1,"-","9","-","-",10,"-","-",,,"ILO; UNIDO","International Labour Organisation; United Nations Industrial Development Organization"
"Efeito 3.1: Até 2027, mais pessoas, especialmente mulheres, jovens e grupos vulneráveis, exercerão livremente os seus direitos, participarão e beneficiarão de instituições inclusivas, resilientes, transparentes e responsáveis e de um sistema de governação democrática mais modernizado, transformador e eficaz que defenda o Estado de direito, a nível nacional e local. / Outcome 3: By 2027, more people, especially women, youth and those in vulnerable groups, freely exercise their rights, participate in, and benefit from, inclusive, resilient, transparent, and accountable institutions and a more modernized, transformative and effective system of democratic governance that upholds the rule of law, at national and local levels.","Produto 3.1.4: Os sistemas de justiça e segurança são reforçados para melhorar o acesso, ser responsável, eficaz e eficiente, prevenir a violência, lutar contra o tráfico ilícito e os crimes, especialmente os crimes contra mulheres e crianças, e proporcionar uma solução eficaz.","Number of people that benefited from programmes to prevent and address child labour, trafficking, and forced labour strengthened by the UN","REF. # INDICADOR MENU DE PRODUTO: OI 8.4
UNIDADE DE MEDIDA: Número 
LINHA DE BASE: Total: 0 (0 F; 0 M) (Faixa etária:• 5-14: 0; • 15-17: 0; • 18-24: 0; • 25 anos ou mais: 0; Localização geográfica: • Urbano: N/A; • Rural: N/A; (2022)
META: Total: 0 (8 F; 2 M) (Faixa etária: • 5-14: 0; • 15-17: 2; • 18-24: 6; • 25 anos ou mais: 2; Localização geográfica:
• Urbano: N/A; • Rural: N/A; (2027)
AGÊNCIA RESPONSÁVEL: IOM: Fátima Falua
FONTE / MEIOS DE VERIFICAÇÃO: Relatório anual sobre o número de vítimas de tráfico assistido com regresso e reintegração ao abrigo do Programa de Assistência Regional e Global.","2023-01-01","2027-12-31","People","0",2,"4","Durante 2023 a OIM Cabo Verde apoiou o retorno de 4 migrantes do sexo masculino, vitimas de Tráfico. No que respeita ao país de origem, 1 era originário da Guiné Conacri e 1 da Serra Leoa e 2 eram originários da Nigéria.",2,"-","-",2,"-","-",2,"-","-",2,"-","-",,,"IOM","International Organization for Migration"
"Efeito 3.1: Até 2027, mais pessoas, especialmente mulheres, jovens e grupos vulneráveis, exercerão livremente os seus direitos, participarão e beneficiarão de instituições inclusivas, resilientes, transparentes e responsáveis e de um sistema de governação democrática mais modernizado, transformador e eficaz que defenda o Estado de direito, a nível nacional e local. / Outcome 3: By 2027, more people, especially women, youth and those in vulnerable groups, freely exercise their rights, participate in, and benefit from, inclusive, resilient, transparent, and accountable institutions and a more modernized, transformative and effective system of democratic governance that upholds the rule of law, at national and local levels.",,"3.1.9 Despesas primárias do governo como proporção do  orçamento original aprovado, por sector (ou por códigos  orçamentais ou afins) (UNDP)","LINHA DE BASE: 85% (2021)
META 2027: 90%
AGÊNCIA RESPONSÁVEL: UNDP - Frederic Mbassa
FONTE / MEIOS DE VERIFICAÇÃO: Ministério das Finanças, Relatório do Banco Mundial, Relatório de avaliação do desempenho das finanças públicas utilizando indicadores PEFA","2023-01-01","2027-12-31","%","85","-","85","-","-","86","-","-","91.7","-","-","-","-","90","-","-"," Ministério das Finanças, Relatório do Banco Mundial, Relatório de avaliação do desempenho das finanças públicas utilizando indicadores PEFA","Average share of the built-up area of cities that is open space for public use for all, by sex, age and persons with disabilities",,
"Efeito 2.1: Até 2027, uma economia mais sustentável, inclusiva, diversificada e integrada gerará empregos decentes, segurança alimentar e nutrição para os mais vulneráveis, especialmente as mulheres, os jovens e os mais pobres. / Outcome 2.1: By 2027, a more sustainable, inclusive, diversified and integrated economy generates decent jobs, food security and nutrition for the most vulnerable, especially women, youth and the extreme poor.",,"2.1.9 Indústria transformadora em proporção do PIB e per capita (UNIDO)","LINHA DE BASE: 8.6% do PIB211 per capita (2021)
META 2027: 12% do PIB316 per capita
AGÊNCIA RESPONSÁVEL: UNIDO: Edson Fernandes
FONTE / MEIOS DE VERIFICAÇÃO: INE - Contas Nacionais","2023-01-01","2027-12-31","%","8.6","-","7.5","Valores referentes de 2022; Fonte: UNIDO https://stat.unido.org/sdg7.5% do PIB; 243 per capita (2022)","-","4.7","Valores referentes a 2023, com base em conta nacionais. Fonte: https://stat.unido.org/analytical-tools/sdg?tab=charts&amp;country=1324.7% do PIB; USD 204.8 per capita (2023)","-","-","-","-","-","-","12","-","-","INE - Contas Nacionais","Manufacturing value added as a proportion of GDP and per capita",,